{
  "meta": {
    "agent_id": "1",
    "model": "openai/gpt-5",
    "lifecycle_hours": 2.0,
    "started_sim_s": 49.40699999994831,
    "ended_sim_s": 13823.015999999887,
    "active_elapsed_s": 7209.038999999932,
    "active_hours": 2.0025108333333144,
    "wall_finished_ts": 1758517855.1153438
  },
  "money": {
    "totals": {
      "initial_earnings": 100.0,
      "current_balance": 101.70920298919697,
      "net_growth": 1.7092029891969673,
      "orders_income": 19.800202989197224,
      "help_income": 0.0,
      "expense_total": 18.091000000000353,
      "base_wage": 16.800202989197224,
      "bonus": 3.0,
      "help_expense": 0.0,
      "expense_breakdown": {
        "purchases": 0.0,
        "charging": 3.0910000000003537,
        "rental": 0.0,
        "hospital": 15.0,
        "help_expense": 0.0
      },
      "advances": {
        "out": 0.0,
        "returned": 0.0,
        "net": 0.0
      },
      "observed_agent_balance_end": 101.70920298919697
    },
    "per_hour": {
      "net_growth": 0.8535299588626363,
      "orders_income": 9.88768832587959,
      "help_income": 0.0,
      "expense_total": 9.034158367017003,
      "base_wage": 8.389569089737284,
      "bonus": 1.4981192361423072,
      "initial_earnings": 49.93730787141024,
      "current_balance": 50.79083783027288,
      "help_expense": 0.0,
      "observed_agent_balance_end": 50.79083783027288
    },
    "details": {
      "purchases": [],
      "charging": [
        {
          "ts_sim": 13823.015999999887,
          "which": "own",
          "req_id": null,
          "delta_pct": 61.820000000006985,
          "cost": 3.0910000000003537,
          "start_ts": 7665.563999999897,
          "end_ts": 13823.015999999887,
          "reason": "lifecycle_end",
          "aggregated": true,
          "target_pct": null
        }
      ],
      "rental": [],
      "hospital": [
        {
          "ts_sim": 4971.6089999999385,
          "fee": 5.0
        },
        {
          "ts_sim": 8674.733999999939,
          "fee": 5.0
        },
        {
          "ts_sim": 12392.717999999877,
          "fee": 5.0
        }
      ],
      "help_income": [],
      "help_expense": [],
      "advance_out": [],
      "advance_return": []
    }
  },
  "orders": {
    "completed_count": 3,
    "timeout_count": 2,
    "avg_stars": 3.6666666666666665,
    "avg_food_stars": 3.6666666666666665,
    "temp_ok_rate": 0.6666666666666666,
    "odor_ok_rate": 1.0,
    "damage_ok_rate": 1.0,
    "method_success_rate": 1.0,
    "total_active_time_s": 7929.987000000256,
    "avg_time_per_order_s": 2643.329000000085,
    "details": [
      {
        "id": 16,
        "duration_s": 449.1569999999483,
        "on_time": true,
        "temp_ok_all": true,
        "odor_ok_all": true,
        "damage_ok_all": true,
        "stars": {
          "overall": 5,
          "time": 5,
          "food": 4,
          "method": 5
        },
        "earnings": 9.818274237185886,
        "bonus_extra": 3.0,
        "paid_total": 12.818274237185886,
        "pickup": "14th road (right)",
        "dropoff": "28th road (left)",
        "allowed_delivery_methods": [
          "leave_at_door"
        ],
        "delivery_method": "leave_at_door"
      },
      {
        "id": 22,
        "duration_s": 3204.7050000001327,
        "on_time": false,
        "temp_ok_all": false,
        "odor_ok_all": true,
        "damage_ok_all": true,
        "stars": {
          "overall": 3,
          "time": 1,
          "food": 3,
          "method": 5
        },
        "earnings": 3.951444468034191,
        "bonus_extra": 0.0,
        "paid_total": 3.951444468034191,
        "pickup": "14th road (right)",
        "dropoff": "3rd road (left)",
        "allowed_delivery_methods": [
          "call"
        ],
        "delivery_method": "call"
      },
      {
        "id": 26,
        "duration_s": 4276.125000000175,
        "on_time": false,
        "temp_ok_all": true,
        "odor_ok_all": true,
        "damage_ok_all": true,
        "stars": {
          "overall": 3,
          "time": 1,
          "food": 4,
          "method": 5
        },
        "earnings": 3.030484283977146,
        "bonus_extra": 0.0,
        "paid_total": 3.030484283977146,
        "pickup": "28th road (right)",
        "dropoff": "4th road (left)",
        "allowed_delivery_methods": [],
        "delivery_method": "leave_at_door"
      }
    ]
  },
  "activity": {
    "active_time_ratio": 1.1000061173202602,
    "orders_per_hour": 1.4981192361423072,
    "avg_order_time_s": 2643.329000000085,
    "mode_time_s": {
      "e-scooter": 2395.1189999998896,
      "drag_scooter": 2565.467999999877,
      "walk": 2248.452000000165
    },
    "mode_time_ratio": {
      "e-scooter": 0.33223831914349644,
      "drag_scooter": 0.35586823708401377,
      "walk": 0.3118934437724898
    }
  },
  "interruptions": {
    "scooter_depleted": 2,
    "hospital_rescue": 3,
    "rent_insufficient": 0,
    "charge_insufficient": 0
  },
  "social": {
    "help_posted": 0,
    "help_accepted": 0,
    "help_given": 0,
    "help_received": 0
  },
  "capability_buckets": {
    "high_level_planning": {
      "active_time_ratio": 1.1000061173202602,
      "orders_per_hour": 1.4981192361423072,
      "avg_order_time_s": 2643.329000000085,
      "scooter_depleted_events": 2,
      "hospital_rescue_times": 3,
      "rent_insufficient_times": 0,
      "charge_insufficient_times": 0
    },
    "common_sense_reasoning": {
      "temp_ok_rate": 0.6666666666666666,
      "odor_ok_rate": 1.0,
      "damage_ok_rate": 1.0,
      "method_success_rate": 1.0
    },
    "social_reasoning": {
      "help_posted": 0,
      "help_accepted": 0,
      "help_given": 0,
      "help_received": 0,
      "say": 0
    }
  },
  "actions": {
    "view_orders": {
      "attempts": 3,
      "successes": 3,
      "success_rate": 1.0
    },
    "accept_order": {
      "attempts": 3,
      "successes": 3,
      "success_rate": 1.0
    },
    "move_to": {
      "attempts": 32,
      "successes": 26,
      "success_rate": 0.8125
    },
    "wait": {
      "attempts": 5,
      "successes": 5,
      "success_rate": 1.0
    },
    "pickup": {
      "attempts": 5,
      "successes": 5,
      "success_rate": 1.0
    },
    "place_food_in_bag": {
      "attempts": 5,
      "successes": 5,
      "success_rate": 1.0
    },
    "drop_off": {
      "attempts": 31,
      "successes": 3,
      "success_rate": 0.0967741935483871
    },
    "turn_around": {
      "attempts": 2,
      "successes": 2,
      "success_rate": 1.0
    },
    "step_forward": {
      "attempts": 1,
      "successes": 1,
      "success_rate": 1.0
    },
    "charge_escooter": {
      "attempts": 1,
      "successes": 1,
      "success_rate": 1.0
    },
    "switch_transport": {
      "attempts": 2,
      "successes": 2,
      "success_rate": 1.0
    },
    "rest": {
      "attempts": 2,
      "successes": 0,
      "success_rate": 0.0
    }
  },
  "vlm": {
    "total_calls": 92,
    "successes": 92,
    "parse_failures": 0,
    "retries": 0,
    "success_rate": 1.0,
    "parse_success_rate": 1.0
  }
}