{
  "meta": {
    "agent_id": "7",
    "model": "openai/gpt-5",
    "lifecycle_hours": 2.0,
    "started_sim_s": 55.40699999994831,
    "ended_sim_s": 12510.890999999887,
    "active_elapsed_s": 7258.074000000022,
    "active_hours": 2.016131666666673,
    "wall_finished_ts": 1758517417.741921
  },
  "money": {
    "totals": {
      "initial_earnings": 100.0,
      "current_balance": 119.37494770884854,
      "net_growth": 19.374947708848538,
      "orders_income": 38.37337270884795,
      "help_income": 0.0,
      "expense_total": 18.998424999999408,
      "base_wage": 30.87337270884795,
      "bonus": 7.5,
      "help_expense": 0.0,
      "expense_breakdown": {
        "purchases": 0.0,
        "charging": 3.9984249999994064,
        "rental": 0.0,
        "hospital": 15.0,
        "help_expense": 0.0
      },
      "advances": {
        "out": 0.0,
        "returned": 0.0,
        "net": 0.0
      },
      "observed_agent_balance_end": 119.37494770884854
    },
    "per_hour": {
      "net_growth": 9.609961506572475,
      "orders_income": 19.033167993582346,
      "help_income": 0.0,
      "expense_total": 9.423206487009866,
      "base_wage": 15.313172854376004,
      "bonus": 3.7199951392063397,
      "initial_earnings": 49.59993518941786,
      "current_balance": 59.20989669599034,
      "help_expense": 0.0,
      "observed_agent_balance_end": 59.20989669599034
    },
    "details": {
      "purchases": [],
      "charging": [
        {
          "ts_sim": 12510.890999999887,
          "which": "own",
          "req_id": null,
          "delta_pct": 79.96849999998813,
          "cost": 3.9984249999994064,
          "start_ts": 3383.67300000001,
          "end_ts": 12510.890999999887,
          "reason": "lifecycle_end",
          "aggregated": true,
          "target_pct": null
        }
      ],
      "rental": [],
      "hospital": [
        {
          "ts_sim": 7087.079999999958,
          "fee": 5.0
        },
        {
          "ts_sim": 9081.375,
          "fee": 5.0
        },
        {
          "ts_sim": 11074.313999999897,
          "fee": 5.0
        }
      ],
      "help_income": [],
      "help_expense": [],
      "advance_out": [],
      "advance_return": []
    }
  },
  "orders": {
    "completed_count": 7,
    "timeout_count": 6,
    "avg_stars": 3.7142857142857144,
    "avg_food_stars": 3.5714285714285716,
    "temp_ok_rate": 0.0,
    "odor_ok_rate": 0.8571428571428571,
    "damage_ok_rate": 1.0,
    "method_success_rate": 1.0,
    "total_active_time_s": 6651.453000000212,
    "avg_time_per_order_s": 950.2075714286018,
    "details": [
      {
        "id": 15,
        "duration_s": 385.125,
        "on_time": true,
        "temp_ok_all": false,
        "odor_ok_all": true,
        "damage_ok_all": true,
        "stars": {
          "overall": 5,
          "time": 5,
          "food": 4,
          "method": 5
        },
        "earnings": 8.736933585820145,
        "bonus_extra": 3.0,
        "paid_total": 11.736933585820145,
        "pickup": "14th road (right)",
        "dropoff": "13th road (left)",
        "allowed_delivery_methods": [],
        "delivery_method": "leave_at_door"
      },
      {
        "id": 3,
        "duration_s": 756.6059999999707,
        "on_time": false,
        "temp_ok_all": false,
        "odor_ok_all": true,
        "damage_ok_all": true,
        "stars": {
          "overall": 4,
          "time": 3,
          "food": 3,
          "method": 5
        },
        "earnings": 4.187585905701278,
        "bonus_extra": 1.5,
        "paid_total": 5.687585905701278,
        "pickup": "24th road (right)",
        "dropoff": "4th road (right)",
        "allowed_delivery_methods": [],
        "delivery_method": "leave_at_door"
      },
      {
        "id": 12,
        "duration_s": 858.9329999999609,
        "on_time": false,
        "temp_ok_all": false,
        "odor_ok_all": true,
        "damage_ok_all": true,
        "stars": {
          "overall": 4,
          "time": 3,
          "food": 3,
          "method": 5
        },
        "earnings": 4.2607286001916425,
        "bonus_extra": 1.5,
        "paid_total": 5.7607286001916425,
        "pickup": "24th road (right)",
        "dropoff": "4th road (left)",
        "allowed_delivery_methods": [],
        "delivery_method": "leave_at_door"
      },
      {
        "id": 37,
        "duration_s": 570.4200000000419,
        "on_time": false,
        "temp_ok_all": false,
        "odor_ok_all": false,
        "damage_ok_all": true,
        "stars": {
          "overall": 3,
          "time": 2,
          "food": 3,
          "method": 5
        },
        "earnings": 2.7707056121115072,
        "bonus_extra": 0.0,
        "paid_total": 2.7707056121115072,
        "pickup": "1st road (left)",
        "dropoff": "7th road (right)",
        "allowed_delivery_methods": [
          "leave_at_door"
        ],
        "delivery_method": "leave_at_door"
      },
      {
        "id": 53,
        "duration_s": 489.1380000000936,
        "on_time": false,
        "temp_ok_all": false,
        "odor_ok_all": true,
        "damage_ok_all": true,
        "stars": {
          "overall": 4,
          "time": 3,
          "food": 4,
          "method": 5
        },
        "earnings": 4.444716570554699,
        "bonus_extra": 1.5,
        "paid_total": 5.944716570554699,
        "pickup": "28th road (right)",
        "dropoff": "9th road (left)",
        "allowed_delivery_methods": [],
        "delivery_method": "leave_at_door"
      },
      {
        "id": 34,
        "duration_s": 774.2340000001132,
        "on_time": false,
        "temp_ok_all": false,
        "odor_ok_all": true,
        "damage_ok_all": true,
        "stars": {
          "overall": 3,
          "time": 1,
          "food": 4,
          "method": 5
        },
        "earnings": 2.84625983525735,
        "bonus_extra": 0.0,
        "paid_total": 2.84625983525735,
        "pickup": "1st road (left)",
        "dropoff": "14th road (right)",
        "allowed_delivery_methods": [],
        "delivery_method": "leave_at_door"
      },
      {
        "id": 50,
        "duration_s": 2816.997000000032,
        "on_time": false,
        "temp_ok_all": false,
        "odor_ok_all": true,
        "damage_ok_all": true,
        "stars": {
          "overall": 3,
          "time": 1,
          "food": 4,
          "method": 5
        },
        "earnings": 3.626442599211329,
        "bonus_extra": 0.0,
        "paid_total": 3.626442599211329,
        "pickup": "1st road (left)",
        "dropoff": "28th road (right)",
        "allowed_delivery_methods": [],
        "delivery_method": "leave_at_door"
      }
    ]
  },
  "activity": {
    "active_time_ratio": 0.9164212158763043,
    "orders_per_hour": 3.4719954632592502,
    "avg_order_time_s": 950.2075714286018,
    "mode_time_s": {
      "e-scooter": 1595.0610000001034,
      "drag_scooter": 5274.092999999877,
      "walk": 388.9200000000419
    },
    "mode_time_ratio": {
      "e-scooter": 0.2197636728421477,
      "drag_scooter": 0.7266518638415455,
      "walk": 0.053584463316306875
    }
  },
  "interruptions": {
    "scooter_depleted": 2,
    "hospital_rescue": 3,
    "rent_insufficient": 0,
    "charge_insufficient": 0
  },
  "social": {
    "help_posted": 0,
    "help_accepted": 0,
    "help_given": 0,
    "help_received": 0
  },
  "capability_buckets": {
    "high_level_planning": {
      "active_time_ratio": 0.9164212158763043,
      "orders_per_hour": 3.4719954632592502,
      "avg_order_time_s": 950.2075714286018,
      "scooter_depleted_events": 2,
      "hospital_rescue_times": 3,
      "rent_insufficient_times": 0,
      "charge_insufficient_times": 0
    },
    "common_sense_reasoning": {
      "temp_ok_rate": 0.0,
      "odor_ok_rate": 0.8571428571428571,
      "damage_ok_rate": 1.0,
      "method_success_rate": 1.0
    },
    "social_reasoning": {
      "help_posted": 0,
      "help_accepted": 0,
      "help_given": 0,