{
  "meta": {
    "agent_id": "5",
    "model": "qwen/qwen2.5-vl-72b-instruct",
    "lifecycle_hours": 2.0,
    "started_sim_s": 113.20199999999022,
    "ended_sim_s": 19579.875,
    "active_elapsed_s": 7208.342999999746,
    "active_hours": 2.0023174999999296,
    "wall_finished_ts": 1760246571.5834134
  },
  "money": {
    "totals": {
      "initial_earnings": 100.0,
      "current_balance": 91.17855643305396,
      "net_growth": -8.821443566946044,
      "orders_income": 10.941431433053921,
      "help_income": 0.0,
      "expense_total": 19.762874999999987,
      "base_wage": 9.441431433053921,
      "bonus": 1.5,
      "help_expense": 0.0,
      "expense_breakdown": {
        "purchases": 0.0,
        "charging": 4.762874999999985,
        "rental": 0.0,
        "hospital": 15.0,
        "help_expense": 0.0
      },
      "advances": {
        "out": 0.0,
        "returned": 0.0,
        "net": 0.0
      },
      "observed_agent_balance_end": 91.17855643305396
    },
    "per_hour": {
      "net_growth": -4.405616775035106,
      "orders_income": 5.464383861727376,
      "help_income": 0.0,
      "expense_total": 9.870000636762493,
      "base_wage": 4.715251918366719,
      "bonus": 0.7491319433606572,
      "initial_earnings": 49.94212955737715,
      "current_balance": 45.536512782342044,
      "help_expense": 0.0,
      "observed_agent_balance_end": 45.536512782342044
    },
    "details": {
      "purchases": [],
      "charging": [
        {
          "ts_sim": 19579.875,
          "which": "own",
          "req_id": null,
          "delta_pct": 95.25749999999971,
          "cost": 4.762874999999985,
          "start_ts": 2968.781999999992,
          "end_ts": 19579.875,
          "reason": "lifecycle_end",
          "aggregated": true,
          "target_pct": null
        }
      ],
      "rental": [],
      "hospital": [
        {
          "ts_sim": 9783.047999999966,
          "fee": 5.0
        },
        {
          "ts_sim": 15215.390999999974,
          "fee": 5.0
        },
        {
          "ts_sim": 19208.20199999999,
          "fee": 5.0
        }
      ],
      "help_income": [],
      "help_expense": [],
      "advance_out": [],
      "advance_return": []
    }
  },
  "energy": {
    "personal_consumed_pct": 300.0000000000003,
    "scooter_batt_consumed_pct": 72.32373796401106,
    "personal_remaining_pct": 0.0,
    "scooter_remaining_pct": 0.0
  },
  "orders": {
    "completed_count": 2,
    "timeout_count": 2,
    "ontime_rate": 0.0,
    "avg_stars": 3.5,
    "avg_food_stars": 4.0,
    "temp_ok_rate": 0.0,
    "odor_ok_rate": 1.0,
    "damage_ok_rate": 1.0,
    "method_success_rate": 1.0,
    "total_active_time_s": 2445.3749999999127,
    "avg_time_per_order_s": 1222.6874999999563,
    "open_count": 0,
    "open_overdue_count": 0,
    "open_not_due_count": 0,
    "completed_order_details": [
      {
        "id": 2,
        "duration_s": 1330.3109999999724,
        "time_limit_s": 1041.9130733646828,
        "deadline_slack_s": -288.39792663528965,
        "is_overdue": true,
        "temp_ok_all": false,
        "odor_ok_all": true,
        "damage_ok_all": true,
        "pick_score": 2.7777777777777777,
        "stars": {
          "overall": 3,
          "time": 2,
          "food": 3,
          "method": 5
        },
        "earnings": 7.155744780320635,
        "bonus_extra": 0.0,
        "paid_total": 7.155744780320635,
        "pickup": "24th road (right)",
        "dropoff": "11th road (left)",
        "allowed_delivery_methods": [
          "knock",
          "hand_to_customer"
        ],
        "delivery_method": "knock"
      },
      {
        "id": 0,
        "duration_s": 1115.0639999999403,
        "time_limit_s": 547.8458883035128,
        "deadline_slack_s": -567.2181116964275,
        "is_overdue": true,
        "temp_ok_all": false,
        "odor_ok_all": true,
        "damage_ok_all": true,
        "pick_score": 2.7777777777777777,
        "stars": {
          "overall": 4,
          "time": 1,
          "food": 5,
          "method": 5
        },
        "earnings": 2.2856866527332853,
        "bonus_extra": 1.5,
        "paid_total": 3.7856866527332853,
        "pickup": "24th road (right)",
        "dropoff": "9th road (left)",
        "allowed_delivery_methods": [],
        "delivery_method": "leave_at_door"
      }
    ],
    "open_order_details": []
  },
  "activity": {
    "effective_time_ratio": 0.5208285732240941,
    "inactive_time_s_breakdown": {
      "wait": 754.031999999992,
      "hospital": 2700.0
    },
    "inactive_total_time_s": 3454.031999999992,
    "orders_per_hour": 0.9988425911475429,
    "avg_order_time_s": 1222.6874999999563,
    "mode_time_s": {
      "e-scooter": 1503.3269999999466,
      "drag_scooter": 426.7019999999902,
      "walk": 5278.313999999809
    },
    "mode_time_ratio": {
      "e-scooter": 0.2085537550030568,
      "drag_scooter": 0.05919557379553182,
      "walk": 0.7322506712014114
    }
  },
  "interruptions": {
    "scooter_depleted": 1,
    "hospital_rescue": 3,
    "rent_insufficient": 0,
    "charge_insufficient": 0,
    "total": 4
  },
  "prevention": {
    "total": 8,
    "by_kind": {
      "early_charge": 8
    },
    "prevention_rate": 0.6666666666666666
  },
  "social": {
    "help_posted": 0,
    "help_accepted": 0,
    "help_given": 0,
    "help_received": 0
  },
  "capability_buckets": {
    "high_level_planning": {
      "active_time_ratio": 0.33924231962879664,
      "orders_per_hour": 0.9988425911475429,
      "avg_order_time_s": 1222.6874999999563,
      "scooter_depleted_events": 1,
      "hospital_rescue_times": 3,
      "rent_insufficient_times": 0,
      "charge_insufficient_times": 0
    },
    "common_sense_reasoning": {
      "temp_ok_rate": 0.0,
      "odor_ok_rate": 1.0,
      "damage_ok_rate": 1.0,
      "method_success_rate": 1.0
    },
    "social_reasoning": {
      "help_posted": 0,
      "help_accepted": 0,
      "help_given": 0,
      "help_received": 0,
      "say": 0
    }
  },
  "actions": {
    "view_orders": {
      "attempts": 2,
      "successes": 2,
      "success_rate": 1.0
    },
    "accept_order": {
      "attempts": 2,
      "successes": 2,
      "success_rate": 1.0
    },
    "move_to": {
      "attempts": 36,
      "successes": 32,
      "success_rate": 0.8888888888888888
    },
    "charge_escooter": {
      "attempts": 25,
      "successes": 8,
      "success_rate": 0.32
    },
    "switch_transport": {
      "attempts": 9,
      "successes": 9,
      "success_rate": 1.0
    },
    "wait": {
      "attempts": 3,
      "successes": 3,
      "success_rate": 1.0
    },
    "pickup": {
      "attempts": 2,
      "successes": 2,
      "success_rate": 1.0
    },
    "place_food_in_bag": {
      "attempts": 2,
      "successes": 2,
      "success_rate": 1.0
    },
    "drop_off": {
      "attempts": 2,
      "successes": 2,
      "success_rate": 1.0
    },
    "rest": {
      "attempts": 1,
      "successes": 0,
      "success_rate": 0.0
    }
  },
  "vlm": {
    "total_calls": 85,
    "successes": 84,
    "parse_failures": 1,
    "retries": 1,
    "success_rate": 0.9882352941176471,
    "parse_success_rate": 0.9882352941176471
  }
}