{
  "meta": {
    "agent_id": "1",
    "model": "qwen/qwen2.5-vl-72b-instruct",
    "lifecycle_hours": 2.0,
    "started_sim_s": 60.794999999998254,
    "ended_sim_s": 13412.811000000016,
    "active_elapsed_s": 7202.1449999999895,
    "active_hours": 2.0005958333333305,
    "wall_finished_ts": 1758704190.446612
  },
  "money": {
    "totals": {
      "initial_earnings": 100.0,
      "current_balance": 105.65021342731042,
      "net_growth": 5.650213427310419,
      "orders_income": 25.642388427310443,
      "help_income": 0.0,
      "expense_total": 19.99217500000013,
      "base_wage": 19.642388427310443,
      "bonus": 6.0,
      "help_expense": 0.0,
      "expense_breakdown": {
        "purchases": 0.0,
        "charging": 4.992175000000133,
        "rental": 0.0,
        "hospital": 15.0,
        "help_expense": 0.0
      },
      "advances": {
        "out": 0.0,
        "returned": 0.0,
        "net": 0.0
      },
      "observed_agent_balance_end": 105.65021342731042
    },
    "per_hour": {
      "net_growth": 2.8251067136552095,
      "orders_income": 12.821194213655222,
      "help_income": 0.0,
      "expense_total": 9.996087500000066,
      "base_wage": 9.821194213655222,
      "bonus": 3.0,
      "initial_earnings": 50.0,
      "current_balance": 52.82510671365521,
      "help_expense": 0.0,
      "observed_agent_balance_end": 52.82510671365521
    },
    "details": {
      "purchases": [],
      "charging": [
        {
          "ts_sim": 13412.811000000016,
          "which": "own",
          "req_id": null,
          "delta_pct": 99.84350000000268,
          "cost": 4.992175000000133,
          "start_ts": 3991.358999999982,
          "end_ts": 13412.811000000016,
          "reason": "lifecycle_end",
          "aggregated": true,
          "target_pct": null
        }
      ],
      "rental": [],
      "hospital": [
        {
          "ts_sim": 8756.57699999999,
          "fee": 5.0
        },
        {
          "ts_sim": 10681.218000000008,
          "fee": 5.0
        },
        {
          "ts_sim": 13028.343000000008,
          "fee": 5.0
        }
      ],
      "help_income": [],
      "help_expense": [],
      "advance_out": [],
      "advance_return": []
    }
  },
  "orders": {
    "completed_count": 7,
    "timeout_count": 5,
    "avg_stars": 3.4285714285714284,
    "avg_food_stars": 4.0,
    "temp_ok_rate": 0.14285714285714285,
    "odor_ok_rate": 0.5714285714285714,
    "damage_ok_rate": 1.0,
    "method_success_rate": 0.8571428571428571,
    "total_active_time_s": 6420.176999999938,
    "avg_time_per_order_s": 917.168142857134,
    "details": [
      {
        "id": 16,
        "duration_s": 788.4360000000161,
        "on_time": false,
        "temp_ok_all": false,
        "odor_ok_all": false,
        "damage_ok_all": true,
        "stars": {
          "overall": 3,
          "time": 1,
          "food": 4,
          "method": 5
        },
        "earnings": 0.7417074086131804,
        "bonus_extra": 0.0,
        "paid_total": 0.7417074086131804,
        "pickup": "5th road (left)",
        "dropoff": "4th road (right)",
        "allowed_delivery_methods": [
          "leave_at_door"
        ],
        "delivery_method": "leave_at_door"
      },
      {
        "id": 19,
        "duration_s": 220.40700000003562,
        "on_time": true,
        "temp_ok_all": false,
        "odor_ok_all": true,
        "damage_ok_all": true,
        "stars": {
          "overall": 5,
          "time": 5,
          "food": 4,
          "method": 5
        },
        "earnings": 5.08482447348451,
        "bonus_extra": 3.0,
        "paid_total": 8.08482447348451,
        "pickup": "5th road (left)",
        "dropoff": "3rd road (left)",
        "allowed_delivery_methods": [
          "leave_at_door",
          "knock"
        ],
        "delivery_method": "leave_at_door"
      },
      {
        "id": 15,
        "duration_s": 1061.2949999999546,
        "on_time": false,
        "temp_ok_all": false,
        "odor_ok_all": true,
        "damage_ok_all": true,
        "stars": {
          "overall": 3,
          "time": 1,
          "food": 4,
          "method": 5
        },
        "earnings": 2.01909228601145,
        "bonus_extra": 0.0,
        "paid_total": 2.01909228601145,
        "pickup": "5th road (left)",
        "dropoff": "14th road (right)",
        "allowed_delivery_methods": [],
        "delivery_method": "leave_at_door"
      },
      {
        "id": 23,
        "duration_s": 389.675999999934,
        "on_time": true,
        "temp_ok_all": true,
        "odor_ok_all": true,
        "damage_ok_all": true,
        "stars": {
          "overall": 5,
          "time": 5,
          "food": 5,
          "method": 5
        },
        "earnings": 7.834277747896982,
        "bonus_extra": 3.0,
        "paid_total": 10.834277747896982,
        "pickup": "14th road (right)",
        "dropoff": "4th road (right)",
        "allowed_delivery_methods": [],
        "delivery_method": "leave_at_door"
      },
      {
        "id": 25,
        "duration_s": 587.5769999999902,
        "on_time": false,
        "temp_ok_all": false,
        "odor_ok_all": false,
        "damage_ok_all": true,
        "stars": {
          "overall": 2,
          "time": 1,
          "food": 4,
          "method": 1
        },
        "earnings": 0.3631148869452156,
        "bonus_extra": 0.0,
        "paid_total": 0.3631148869452156,
        "pickup": "12th road (right)",
        "dropoff": "12th road (left)",
        "allowed_delivery_methods": [
          "hand_to_customer"
        ],
        "delivery_method": "leave_at_door"
      },
      {
        "id": 39,
        "duration_s": 1801.916999999943,
        "on_time": false,
        "temp_ok_all": false,
        "odor_ok_all": false,
        "damage_ok_all": true,
        "stars": {
          "overall": 3,
          "time": 1,
          "food": 3,
          "method": 5
        },
        "earnings": 3.151740768861258,
        "bonus_extra": 0.0,
        "paid_total": 3.151740768861258,
        "pickup": "12th road (right)",
        "dropoff": "14th road (left)",
        "allowed_delivery_methods": [],
        "delivery_method": "leave_at_door"
      },
      {
        "id": 46,
        "duration_s": 1570.8690000000643,
        "on_time": false,
        "temp_ok_all": false,
        "odor_ok_all": true,
        "damage_ok_all": true,
        "stars": {
          "overall": 3,
          "time": 1,
          "food": 4,
          "method": 5
        },
        "earnings": 0.4476308554978461,
        "bonus_extra": 0.0,
        "paid_total": 0.4476308554978461,
        "pickup": "14th road (right)",
        "dropoff": "14th road (right)",
        "allowed_delivery_methods": [],
        "delivery_method": "leave_at_door"
      }
    ]
  },
  "activity": {
    "active_time_ratio": 0.8914256794329949,
    "orders_per_hour": 3.5,
    "avg_order_time_s": 917.168142857134,
    "mode_time_s": {
      "e-scooter": 2707.6829999999172,
      "drag_scooter": 3931.35300000009,
      "walk": 563.1089999999822
    },
    "mode_time_ratio": {
      "e-scooter": 0.37595508004905775,
      "drag_scooter": 0.5458586296166067,
      "walk": 0.07818629033433554
    }
  },
  "interruptions": {
    "scooter_depleted": 2,
    "hospital_rescue": 3,
    "rent_insufficient": 0,
    "charge_insufficient": 0
  },
  "social": {
    "help_posted": 0,
    "help_accepted": 0,
    "help_given": 0,
    "help_received": 0
  },
  "capability_buckets": {
    "high_level_planning": {
      "active_time_ratio": 0.8914256794329949,
      "orders_per_hour": 3.4989576022143454,
      "avg_order_time_s": 917.168142857134,
      "scooter_depleted_events": 2,
      "hospital_rescue_times": 3,
      "rent_insufficient_times": 0,
      "charge_insufficient_times": 0
    },
    "common_sense_reasoning": {
      "temp_ok_rate": 0.14285714285714285,
      "odor_ok_rate": 0.5714285714285714,
      "damage_ok_rate": 1.0,