{
  "meta": {
    "agent_id": "6",
    "model": "qwen/qwen2.5-vl-72b-instruct",
    "lifecycle_hours": 2.0,
    "started_sim_s": 88.45200000000114,
    "ended_sim_s": 18641.717999999997,
    "active_elapsed_s": 7200.473999999998,
    "active_hours": 2.0001316666666664,
    "wall_finished_ts": 1758406934.1574047
  },
  "money": {
    "totals": {
      "initial_earnings": 100.0,
      "current_balance": 91.40981992837484,
      "net_growth": -8.590180071625156,
      "orders_income": 11.409819928374844,
      "help_income": 0.0,
      "expense_total": 20.0,
      "base_wage": 8.409819928374844,
      "bonus": 3.0,
      "help_expense": 0.0,
      "expense_breakdown": {
        "purchases": 0.0,
        "charging": 0.0,
        "rental": 0.0,
        "hospital": 20.0,
        "help_expense": 0.0
      },
      "advances": {
        "out": 0.0,
        "returned": 0.0,
        "net": 0.0
      },
      "observed_agent_balance_end": 91.40981992837484
    },
    "per_hour": {
      "net_growth": -4.295090035812578,
      "orders_income": 5.704909964187422,
      "help_income": 0.0,
      "expense_total": 10.0,
      "base_wage": 4.204909964187422,
      "bonus": 1.5,
      "initial_earnings": 50.0,
      "current_balance": 45.70490996418742,
      "help_expense": 0.0,
      "observed_agent_balance_end": 45.70490996418742
    },
    "details": {
      "purchases": [],
      "charging": [],
      "rental": [],
      "hospital": [
        {
          "ts_sim": 3217.2629999999954,
          "fee": 5.0
        },
        {
          "ts_sim": 4842.419999999998,
          "fee": 5.0
        },
        {
          "ts_sim": 6515.436000000005,
          "fee": 5.0
        },
        {
          "ts_sim": 8173.169999999998,
          "fee": 5.0
        }
      ],
      "help_income": [],
      "help_expense": [],
      "advance_out": [],
      "advance_return": []
    }
  },
  "orders": {
    "completed_count": 1,
    "timeout_count": 0,
    "avg_stars": 5.0,
    "avg_food_stars": 4.0,
    "temp_ok_rate": 0.0,
    "odor_ok_rate": 0.0,
    "damage_ok_rate": 1.0,
    "method_success_rate": 1.0,
    "total_active_time_s": 524.8140000000058,
    "avg_time_per_order_s": 524.8140000000058,
    "details": [
      {
        "id": 4,
        "duration_s": 524.8140000000058,
        "on_time": true,
        "temp_ok_all": false,
        "odor_ok_all": false,
        "damage_ok_all": true,
        "stars": {
          "overall": 5,
          "time": 5,
          "food": 4,
          "method": 5
        },
        "earnings": 8.409819928374844,
        "bonus_extra": 3.0,
        "paid_total": 11.409819928374844,
        "pickup": "11th road (left)",
        "dropoff": "14th road (left)",
        "allowed_delivery_methods": [
          "knock"
        ],
        "delivery_method": "knock"
      }
    ]
  },
  "activity": {
    "active_time_ratio": 0.07288603500269647,
    "orders_per_hour": 0.5,
    "avg_order_time_s": 524.8140000000058,
    "mode_time_s": {
      "e-scooter": 967.9710000000086,
      "drag_scooter": 6232.50299999999
    },
    "mode_time_ratio": {
      "e-scooter": 0.13443156658853414,
      "drag_scooter": 0.8655684334114658
    }
  },
  "interruptions": {
    "scooter_depleted": 1,
    "hospital_rescue": 4,
    "rent_insufficient": 0,
    "charge_insufficient": 0
  },
  "social": {
    "help_posted": 0,
    "help_accepted": 0,
    "help_given": 0,
    "help_received": 0
  },
  "capability_buckets": {
    "high_level_planning": {
      "active_time_ratio": 0.07288603500269647,
      "orders_per_hour": 0.49996708550020463,
      "avg_order_time_s": 524.8140000000058,
      "scooter_depleted_events": 1,
      "hospital_rescue_times": 4,
      "rent_insufficient_times": 0,
      "charge_insufficient_times": 0
    },
    "common_sense_reasoning": {
      "temp_ok_rate": 0.0,
      "odor_ok_rate": 0.0,
      "damage_ok_rate": 1.0,
      "method_success_rate": 1.0
    },
    "social_reasoning": {
      "help_posted": 0,
      "help_accepted": 0,
      "help_given": 0,
      "help_received": 0,
      "say": 0
    }
  },
  "actions": {
    "view_orders": {
      "attempts": 2,
      "successes": 2,
      "success_rate": 1.0
    },
    "accept_order": {
      "attempts": 2,
      "successes": 1,
      "success_rate": 0.5
    },
    "move_to": {
      "attempts": 15,
      "successes": 9,
      "success_rate": 0.6
    },
    "wait": {
      "attempts": 1,
      "successes": 1,
      "success_rate": 1.0
    },
    "pickup": {
      "attempts": 2,
      "successes": 2,
      "success_rate": 1.0
    },
    "place_food_in_bag": {
      "attempts": 2,
      "successes": 2,
      "success_rate": 1.0
    },
    "drop_off": {
      "attempts": 2,
      "successes": 1,
      "success_rate": 0.5
    },
    "charge_escooter": {
      "attempts": 106,
      "successes": 12,
      "success_rate": 0.11320754716981132
    },
    "switch_transport": {
      "attempts": 14,
      "successes": 14,
      "success_rate": 1.0
    },
    "use_battery_pack": {
      "attempts": 3,
      "successes": 0,
      "success_rate": 0.0
    }
  },
  "vlm": {
    "total_calls": 175,
    "successes": 149,
    "parse_failures": 26,
    "retries": 26,
    "success_rate": 0.8514285714285714,
    "parse_success_rate": 0.8514285714285714
  }
}