{
  "meta": {
    "agent_id": "5",
    "model": "google/gemini-2.5-flash",
    "lifecycle_hours": 2.0,
    "started_sim_s": 45.140999999974156,
    "ended_sim_s": 11053.686000000016,
    "active_elapsed_s": 3113.954999999871,
    "active_hours": 0.8649874999999642,
    "wall_finished_ts": 1758389955.8932874
  },
  "money": {
    "totals": {
      "initial_earnings": 100.0,
      "current_balance": 111.40510692795087,
      "net_growth": 11.405106927950868,
      "orders_income": 16.405106927950875,
      "help_income": 0.0,
      "expense_total": 5.0,
      "base_wage": 16.405106927950875,
      "bonus": 0.0,
      "help_expense": 0.0,
      "expense_breakdown": {
        "purchases": 0.0,
        "charging": 0.0,
        "rental": 0.0,
        "hospital": 5.0,
        "help_expense": 0.0
      },
      "advances": {
        "out": 0.0,
        "returned": 0.0,
        "net": 0.0
      },
      "observed_agent_balance_end": 111.40510692795087
    },
    "per_hour": {
      "net_growth": 13.18528525319885,
      "orders_income": 18.96571560623888,
      "help_income": 0.0,
      "expense_total": 5.780430353040023,
      "base_wage": 18.96571560623888,
      "bonus": 0.0,
      "initial_earnings": 115.60860706080047,
      "current_balance": 128.79389231399932,
      "help_expense": 0.0,
      "observed_agent_balance_end": 128.79389231399932
    },
    "details": {
      "purchases": [],
      "charging": [],
      "rental": [],
      "hospital": [
        {
          "ts_sim": 2484.4679999999644,
          "fee": 5.0
        }
      ],
      "help_income": [],
      "help_expense": [],
      "advance_out": [],
      "advance_return": []
    }
  },
  "orders": {
    "completed_count": 3,
    "timeout_count": 3,
    "avg_stars": 3.0,
    "avg_food_stars": 3.6666666666666665,
    "temp_ok_rate": 0.3333333333333333,
    "odor_ok_rate": 1.0,
    "damage_ok_rate": 1.0,
    "method_success_rate": 1.0,
    "total_active_time_s": 5318.34599999967,
    "avg_time_per_order_s": 1772.78199999989,
    "details": [
      {
        "id": 2,
        "duration_s": 890.9999999999127,
        "on_time": false,
        "temp_ok_all": false,
        "odor_ok_all": true,
        "damage_ok_all": true,
        "stars": {
          "overall": 3,
          "time": 2,
          "food": 3,
          "method": 5
        },
        "earnings": 6.102874062989441,
        "bonus_extra": 0.0,
        "paid_total": 6.102874062989441,
        "pickup": "5th road (right)",
        "dropoff": "16th road (left)",
        "allowed_delivery_methods": [],
        "delivery_method": "leave_at_door"
      },
      {
        "id": 8,
        "duration_s": 1313.3909999998868,
        "on_time": false,
        "temp_ok_all": true,
        "odor_ok_all": true,
        "damage_ok_all": true,
        "stars": {
          "overall": 3,
          "time": 1,
          "food": 4,
          "method": 5
        },
        "earnings": 4.586351661513876,
        "bonus_extra": 0.0,
        "paid_total": 4.586351661513876,
        "pickup": "5th road (right)",
        "dropoff": "17th road (left)",
        "allowed_delivery_methods": [],
        "delivery_method": "leave_at_door"
      },
      {
        "id": 11,
        "duration_s": 3113.954999999871,
        "on_time": false,
        "temp_ok_all": false,
        "odor_ok_all": true,
        "damage_ok_all": true,
        "stars": {
          "overall": 3,
          "time": 1,
          "food": 4,
          "method": 5
        },
        "earnings": 5.715881203447557,
        "bonus_extra": 0.0,
        "paid_total": 5.715881203447557,
        "pickup": "5th road (right)",
        "dropoff": "25th road (left)",
        "allowed_delivery_methods": [],
        "delivery_method": "leave_at_door"
      }
    ]
  },
  "activity": {
    "active_time_ratio": 1.707907147020394,
    "orders_per_hour": 3.468258211824014,
    "avg_order_time_s": 1772.78199999989,
    "mode_time_s": {
      "e-scooter": 1080.9839999998512,
      "drag_scooter": 51.09300000005169,
      "walk": 1981.8779999999679
    },
    "mode_time_ratio": {
      "e-scooter": 0.34714181804165317,
      "drag_scooter": 0.016407751557120705,
      "walk": 0.6364504304012262
    }
  },
  "interruptions": {
    "scooter_depleted": 1,
    "hospital_rescue": 1,
    "rent_insufficient": 0,
    "charge_insufficient": 0
  },
  "social": {
    "help_posted": 0,
    "help_accepted": 0,
    "help_given": 0,
    "help_received": 0
  },
  "capability_buckets": {
    "high_level_planning": {
      "active_time_ratio": 1.707907147020394,
      "orders_per_hour": 3.468258211824014,
      "avg_order_time_s": 1772.78199999989,
      "scooter_depleted_events": 1,
      "hospital_rescue_times": 1,
      "rent_insufficient_times": 0,
      "charge_insufficient_times": 0
    },
    "common_sense_reasoning": {
      "temp_ok_rate": 0.3333333333333333,
      "odor_ok_rate": 1.0,
      "damage_ok_rate": 1.0,
      "method_success_rate": 1.0
    },
    "social_reasoning": {
      "help_posted": 0,
      "help_accepted": 0,
      "help_given": 0,
      "help_received": 0,
      "say": 0
    }
  },
  "actions": {
    "view_orders": {
      "attempts": 92,
      "successes": 92,
      "success_rate": 1.0
    },
    "accept_order": {
      "attempts": 1,
      "successes": 1,
      "success_rate": 1.0
    },
    "move_to": {
      "attempts": 6,
      "successes": 4,
      "success_rate": 0.6666666666666666
    },
    "wait": {
      "attempts": 3,
      "successes": 3,
      "success_rate": 1.0
    },
    "pickup": {
      "attempts": 2,
      "successes": 2,
      "success_rate": 1.0
    },
    "place_food_in_bag": {
      "attempts": 2,
      "successes": 2,
      "success_rate": 1.0
    },
    "drop_off": {
      "attempts": 3,
      "successes": 3,
      "success_rate": 1.0
    },
    "switch_transport": {
      "attempts": 1,
      "successes": 1,
      "success_rate": 1.0
    },
    "rest": {
      "attempts": 90,
      "successes": 0,
      "success_rate": 0.0
    }
  },
  "vlm": {
    "total_calls": 200,
    "successes": 200,
    "parse_failures": 0,
    "retries": 0,
    "success_rate": 1.0,
    "parse_success_rate": 1.0
  }
}