{
  "meta": {
    "agent_id": "5",
    "model": "meta-llama/llama-3.2-90b-vision-instruct",
    "lifecycle_hours": 2.0,
    "started_sim_s": 57.188999999983935,
    "ended_sim_s": 10407.84600000002,
    "active_elapsed_s": 7216.166999999987,
    "active_hours": 2.0044908333333296,
    "wall_finished_ts": 1758431923.2601428
  },
  "money": {
    "totals": {
      "initial_earnings": 100.0,
      "current_balance": 103.52095798239328,
      "net_growth": 3.520957982393284,
      "orders_income": 23.520957982393277,
      "help_income": 0.0,
      "expense_total": 20.0,
      "base_wage": 20.520957982393277,
      "bonus": 3.0,
      "help_expense": 0.0,
      "expense_breakdown": {
        "purchases": 0.0,
        "charging": 0.0,
        "rental": 0.0,
        "hospital": 20.0,
        "help_expense": 0.0
      },
      "advances": {
        "out": 0.0,
        "returned": 0.0,
        "net": 0.0
      },
      "observed_agent_balance_end": 103.52095798239328
    },
    "per_hour": {
      "net_growth": 1.760478991196642,
      "orders_income": 11.760478991196639,
      "help_income": 0.0,
      "expense_total": 10.0,
      "base_wage": 10.260478991196639,
      "bonus": 1.5,
      "initial_earnings": 50.0,
      "current_balance": 51.76047899119664,
      "help_expense": 0.0,
      "observed_agent_balance_end": 51.76047899119664
    },
    "details": {
      "purchases": [],
      "charging": [],
      "rental": [],
      "hospital": [
        {
          "ts_sim": 3635.0160000000615,
          "fee": 5.0
        },
        {
          "ts_sim": 5633.907000000036,
          "fee": 5.0
        },
        {
          "ts_sim": 8495.109000000026,
          "fee": 5.0
        },
        {
          "ts_sim": 10280.016000000061,
          "fee": 5.0
        }
      ],
      "help_income": [],
      "help_expense": [],
      "advance_out": [],
      "advance_return": []
    }
  },
  "orders": {
    "completed_count": 3,
    "timeout_count": 2,
    "avg_stars": 3.6666666666666665,
    "avg_food_stars": 3.6666666666666665,
    "temp_ok_rate": 0.3333333333333333,
    "odor_ok_rate": 1.0,
    "damage_ok_rate": 1.0,
    "method_success_rate": 1.0,
    "total_active_time_s": 8101.029000000242,
    "avg_time_per_order_s": 2700.343000000081,
    "details": [
      {
        "id": 11,
        "duration_s": 427.356000000058,
        "on_time": true,
        "temp_ok_all": true,
        "odor_ok_all": true,
        "damage_ok_all": true,
        "stars": {
          "overall": 5,
          "time": 5,
          "food": 5,
          "method": 5
        },
        "earnings": 11.28223112169236,
        "bonus_extra": 3.0,
        "paid_total": 14.28223112169236,
        "pickup": "6th road (left)",
        "dropoff": "25th road (left)",
        "allowed_delivery_methods": [],
        "delivery_method": "leave_at_door"
      },
      {
        "id": 5,
        "duration_s": 3019.032000000123,
        "on_time": false,
        "temp_ok_all": false,
        "odor_ok_all": true,
        "damage_ok_all": true,
        "stars": {
          "overall": 3,
          "time": 1,
          "food": 3,
          "method": 5
        },
        "earnings": 6.718681984175536,
        "bonus_extra": 0.0,
        "paid_total": 6.718681984175536,
        "pickup": "19th road (right)",
        "dropoff": "22nd road (right)",
        "allowed_delivery_methods": [],
        "delivery_method": "leave_at_door"
      },
      {
        "id": 25,
        "duration_s": 4654.6410000000615,
        "on_time": false,
        "temp_ok_all": false,
        "odor_ok_all": true,
        "damage_ok_all": true,
        "stars": {
          "overall": 3,
          "time": 1,
          "food": 3,
          "method": 5
        },
        "earnings": 2.520044876525384,
        "bonus_extra": 0.0,
        "paid_total": 2.520044876525384,
        "pickup": "8th road (right)",
        "dropoff": "7th road (right)",
        "allowed_delivery_methods": [
          "leave_at_door"
        ],
        "delivery_method": "leave_at_door"
      }
    ]
  },
  "activity": {
    "active_time_ratio": 1.1226221621534338,
    "orders_per_hour": 1.5,
    "avg_order_time_s": 2700.343000000081,
    "mode_time_s": {
      "e-scooter": 735.792000000074,
      "drag_scooter": 266.10900000002584,
      "walk": 6214.265999999887
    },
    "mode_time_ratio": {
      "e-scooter": 0.10196438081325937,
      "drag_scooter": 0.03687677959781507,
      "walk": 0.8611588395889256
    }
  },
  "interruptions": {
    "scooter_depleted": 1,
    "hospital_rescue": 4,
    "rent_insufficient": 0,
    "charge_insufficient": 0
  },
  "social": {
    "help_posted": 0,
    "help_accepted": 0,
    "help_given": 0,
    "help_received": 0
  },
  "capability_buckets": {
    "high_level_planning": {
      "active_time_ratio": 1.1226221621534338,
      "orders_per_hour": 1.4966394209003229,
      "avg_order_time_s": 2700.343000000081,
      "scooter_depleted_events": 1,
      "hospital_rescue_times": 4,
      "rent_insufficient_times": 0,
      "charge_insufficient_times": 0
    },
    "common_sense_reasoning": {
      "temp_ok_rate": 0.3333333333333333,
      "odor_ok_rate": 1.0,
      "damage_ok_rate": 1.0,
      "method_success_rate": 1.0
    },
    "social_reasoning": {
      "help_posted": 0,
      "help_accepted": 0,
      "help_given": 0,
      "help_received": 0,
      "say": 0
    }
  },
  "actions": {
    "view_orders": {
      "attempts": 3,
      "successes": 3,
      "success_rate": 1.0
    },
    "accept_order": {
      "attempts": 4,
      "successes": 3,
      "success_rate": 0.75
    },
    "move_to": {
      "attempts": 23,
      "successes": 18,
      "success_rate": 0.782608695652174
    },
    "pickup": {
      "attempts": 7,
      "successes": 4,
      "success_rate": 0.5714285714285714
    },
    "place_food_in_bag": {
      "attempts": 4,
      "successes": 4,
      "success_rate": 1.0
    },
    "drop_off": {
      "attempts": 5,
      "successes": 3,
      "success_rate": 0.6
    },
    "switch_transport": {
      "attempts": 1,
      "successes": 1,
      "success_rate": 1.0
    },
    "wait": {
      "attempts": 1,
      "successes": 1,
      "success_rate": 1.0
    }
  },
  "vlm": {
    "total_calls": 50,
    "successes": 48,
    "parse_failures": 2,
    "retries": 2,
    "success_rate": 0.96,
    "parse_success_rate": 0.96
  }
}