{
  "meta": {
    "agent_id": "7",
    "model": "mistralai/mistral-medium-3.1",
    "lifecycle_hours": 0.5,
    "started_sim_s": 14.813999999896623,
    "ended_sim_s": 2728.5480000001844,
    "active_elapsed_s": 1805.7150000000838,
    "active_hours": 0.5015875000000233,
    "wall_finished_ts": 1758063178.6380231
  },
  "money": {
    "totals": {
      "initial_earnings": 100.0,
      "current_balance": 93.55420362145351,
      "net_growth": -6.44579637854649,
      "orders_income": 13.554203621453507,
      "help_income": 0.0,
      "expense_total": 20.0,
      "base_wage": 7.554203621453507,
      "bonus": 6.0,
      "help_expense": 0.0,
      "expense_breakdown": {
        "purchases": 0.0,
        "charging": 0.0,
        "rental": 0.0,
        "hospital": 20.0,
        "help_expense": 0.0
      },
      "advances": {
        "out": 0.0,
        "returned": 0.0,
        "net": 0.0
      },
      "observed_agent_balance_end": 93.55420362145351
    },
    "per_hour": {
      "net_growth": -12.850791494098619,
      "orders_income": 27.022610454712044,
      "help_income": 0.0,
      "expense_total": 39.87340194881067,
      "base_wage": 15.060589870068844,
      "bonus": 11.9620205846432,
      "initial_earnings": 199.36700974405335,
      "current_balance": 186.51621824995473,
      "help_expense": 0.0,
      "observed_agent_balance_end": 186.51621824995473
    },
    "details": {
      "purchases": [],
      "charging": [],
      "rental": [],
      "hospital": [
        {
          "ts_sim": 1302.7980000001844,
          "fee": 20.0
        }
      ],
      "help_income": [],
      "help_expense": [],
      "advance_out": [],
      "advance_return": []
    }
  },
  "orders": {
    "completed_count": 2,
    "timeout_count": 0,
    "avg_stars": 5.0,
    "avg_food_stars": 4.0,
    "temp_ok_rate": 0.0,
    "odor_ok_rate": 1.0,
    "damage_ok_rate": 1.0,
    "method_success_rate": 1.0,
    "total_active_time_s": 349.26000000012573,
    "avg_time_per_order_s": 174.63000000006286,
    "details": [
      {
        "id": 12,
        "duration_s": 87.18600000010338,
        "on_time": true,
        "temp_ok_all": false,
        "odor_ok_all": true,
        "damage_ok_all": true,
        "stars": {
          "overall": 5,
          "time": 5,
          "food": 4,
          "method": 5
        },
        "earnings": 1.4774955738283757,
        "bonus_extra": 3.0,
        "paid_total": 4.477495573828376,
        "pickup": "5th road (right)",
        "dropoff": "5th road (left)",
        "allowed_delivery_methods": [],
        "delivery_method": "leave_at_door"
      },
      {
        "id": 10,
        "duration_s": 262.07400000002235,
        "on_time": true,
        "temp_ok_all": false,
        "odor_ok_all": true,
        "damage_ok_all": true,
        "stars": {
          "overall": 5,
          "time": 5,
          "food": 4,
          "method": 5
        },
        "earnings": 6.076708047625131,
        "bonus_extra": 3.0,
        "paid_total": 9.076708047625132,
        "pickup": "2nd road (left)",
        "dropoff": "14th road (right)",
        "allowed_delivery_methods": [
          "leave_at_door",
          "knock"
        ],
        "delivery_method": "leave_at_door"
      }
    ]
  },
  "activity": {
    "active_time_ratio": 0.19341922728675873,
    "orders_per_hour": 3.987340194881067,
    "avg_order_time_s": 174.63000000006286,
    "mode_time_s": {
      "e-scooter": 180.89100000006147,
      "drag_scooter": 81.18299999996088,
      "walk": 1543.6410000000615
    },
    "mode_time_ratio": {
      "e-scooter": 0.10017693822117725,
      "drag_scooter": 0.044958922089010235,
      "walk": 0.8548641396898126
    }
  },
  "interruptions": {
    "scooter_depleted": 1,
    "hospital_rescue": 1,
    "rent_insufficient": 0,
    "charge_insufficient": 0
  },
  "social": {
    "help_posted": 0,
    "help_accepted": 0,
    "help_given": 0,
    "help_received": 0
  },
  "capability_buckets": {
    "high_level_planning": {
      "active_time_ratio": 0.19341922728675873,
      "orders_per_hour": 3.987340194881067,
      "avg_order_time_s": 174.63000000006286,
      "scooter_depleted_events": 1,
      "hospital_rescue_times": 1,
      "rent_insufficient_times": 0,
      "charge_insufficient_times": 0
    },
    "common_sense_reasoning": {
      "temp_ok_rate": 0.0,
      "odor_ok_rate": 1.0,
      "damage_ok_rate": 1.0,
      "method_success_rate": 1.0
    },
    "social_reasoning": {
      "help_posted": 0,
      "help_accepted": 0,
      "help_given": 0,
      "help_received": 0,
      "say": 0
    }
  },
  "actions": {
    "view_orders": {
      "attempts": 3,
      "successes": 3,
      "success_rate": 1.0
    },
    "accept_order": {
      "attempts": 3,
      "successes": 2,
      "success_rate": 0.6666666666666666
    },
    "move_to": {
      "attempts": 7,
      "successes": 4,
      "success_rate": 0.5714285714285714
    },
    "pickup": {
      "attempts": 2,
      "successes": 2,
      "success_rate": 1.0
    },
    "place_food_in_bag": {
      "attempts": 2,
      "successes": 2,
      "success_rate": 1.0
    },
    "drop_off": {
      "attempts": 2,
      "successes": 2,
      "success_rate": 1.0
    },
    "switch_transport": {
      "attempts": 1,
      "successes": 1,
      "success_rate": 1.0
    },
    "wait": {
      "attempts": 1,
      "successes": 1,
      "success_rate": 1.0
    }
  },
  "vlm": {
    "total_calls": 25,
    "successes": 21,
    "parse_failures": 4,
    "retries": 4,
    "success_rate": 0.84,
    "parse_success_rate": 0.84
  }
}