{
  "meta": {
    "agent_id": "1",
    "model": "anthropic/claude-3.7-sonnet",
    "lifecycle_hours": 2.0,
    "started_sim_s": 49.40699999994831,
    "ended_sim_s": 13917.515999999887,
    "active_elapsed_s": 7404.417000000423,
    "active_hours": 2.0567825000001174,
    "wall_finished_ts": 1758480802.081825
  },
  "money": {
    "totals": {
      "initial_earnings": 100.0,
      "current_balance": 148.60653546696392,
      "net_growth": 48.60653546696392,
      "orders_income": 62.015110466963755,
      "help_income": 0.0,
      "expense_total": 13.408574999999844,
      "base_wage": 51.515110466963755,
      "bonus": 10.5,
      "help_expense": 0.0,
      "expense_breakdown": {
        "purchases": 0.0,
        "charging": 8.408574999999844,
        "rental": 0.0,
        "hospital": 5.0,
        "help_expense": 0.0
      },
      "advances": {
        "out": 0.0,
        "returned": 0.0,
        "net": 0.0
      },
      "observed_agent_balance_end": 148.60653546696392
    },
    "per_hour": {
      "net_growth": 24.30326773348196,
      "orders_income": 31.007555233481877,
      "help_income": 0.0,
      "expense_total": 6.704287499999922,
      "base_wage": 25.757555233481877,
      "bonus": 5.25,
      "initial_earnings": 50.0,
      "current_balance": 74.30326773348196,
      "help_expense": 0.0,
      "observed_agent_balance_end": 74.30326773348196
    },
    "details": {
      "purchases": [],
      "charging": [
        {
          "ts_sim": 13917.515999999887,
          "which": "own",
          "req_id": null,
          "delta_pct": 168.17149999999674,
          "cost": 8.408574999999844,
          "start_ts": 3351.515999999887,
          "end_ts": 13917.515999999887,
          "reason": "lifecycle_end",
          "aggregated": true,
          "target_pct": null
        }
      ],
      "rental": [],
      "hospital": [
        {
          "ts_sim": 8301.70199999999,
          "fee": 5.0
        }
      ],
      "help_income": [],
      "help_expense": [],
      "advance_out": [],
      "advance_return": []
    }
  },
  "orders": {
    "completed_count": 9,
    "timeout_count": 6,
    "avg_stars": 3.6666666666666665,
    "avg_food_stars": 4.0,
    "temp_ok_rate": 0.1111111111111111,
    "odor_ok_rate": 0.7777777777777778,
    "damage_ok_rate": 1.0,
    "method_success_rate": 0.8888888888888888,
    "total_active_time_s": 8280.738000000652,
    "avg_time_per_order_s": 920.0820000000725,
    "details": [
      {
        "id": 17,
        "duration_s": 595.4970000000321,
        "on_time": true,
        "temp_ok_all": false,
        "odor_ok_all": true,
        "damage_ok_all": true,
        "stars": {
          "overall": 5,
          "time": 5,
          "food": 4,
          "method": 5
        },
        "earnings": 12.26054035165087,
        "bonus_extra": 3.0,
        "paid_total": 15.26054035165087,
        "pickup": "28th road (right)",
        "dropoff": "8th road (right)",
        "allowed_delivery_methods": [],
        "delivery_method": "leave_at_door"
      },
      {
        "id": 18,
        "duration_s": 640.7309999999707,
        "on_time": true,
        "temp_ok_all": false,
        "odor_ok_all": true,
        "damage_ok_all": true,
        "stars": {
          "overall": 5,
          "time": 5,
          "food": 4,
          "method": 5
        },
        "earnings": 8.124812507163606,
        "bonus_extra": 3.0,
        "paid_total": 11.124812507163606,
        "pickup": "28th road (right)",
        "dropoff": "4th road (left)",
        "allowed_delivery_methods": [
          "knock",
          "hand_to_customer"
        ],
        "delivery_method": "knock"
      },
      {
        "id": 21,
        "duration_s": 1093.9230000000098,
        "on_time": false,
        "temp_ok_all": false,
        "odor_ok_all": true,
        "damage_ok_all": true,
        "stars": {
          "overall": 2,
          "time": 1,
          "food": 4,
          "method": 1
        },
        "earnings": 2.7381528175825323,
        "bonus_extra": 0.0,
        "paid_total": 2.7381528175825323,
        "pickup": "24th road (right)",
        "dropoff": "4th road (right)",
        "allowed_delivery_methods": [
          "knock",
          "hand_to_customer"
        ],
        "delivery_method": "leave_at_door"
      },
      {
        "id": 34,
        "duration_s": 573.5130000000936,
        "on_time": false,
        "temp_ok_all": false,
        "odor_ok_all": true,
        "damage_ok_all": true,
        "stars": {
          "overall": 4,
          "time": 3,
          "food": 4,
          "method": 5
        },
        "earnings": 3.842408345217286,
        "bonus_extra": 1.5,
        "paid_total": 5.342408345217287,
        "pickup": "1st road (left)",
        "dropoff": "14th road (right)",
        "allowed_delivery_methods": [],
        "delivery_method": "leave_at_door"
      },
      {
        "id": 35,
        "duration_s": 684.0900000000838,
        "on_time": false,
        "temp_ok_all": true,
        "odor_ok_all": true,
        "damage_ok_all": true,
        "stars": {
          "overall": 3,
          "time": 1,
          "food": 4,
          "method": 5
        },
        "earnings": 2.6970225558483136,
        "bonus_extra": 0.0,
        "paid_total": 2.6970225558483136,
        "pickup": "1st road (left)",
        "dropoff": "13th road (left)",
        "allowed_delivery_methods": [],
        "delivery_method": "leave_at_door"
      },
      {
        "id": 44,
        "duration_s": 544.6890000000712,
        "on_time": false,
        "temp_ok_all": false,
        "odor_ok_all": false,
        "damage_ok_all": true,
        "stars": {
          "overall": 3,
          "time": 1,
          "food": 4,
          "method": 5
        },
        "earnings": 1.0954470368087548,
        "bonus_extra": 0.0,
        "paid_total": 1.0954470368087548,
        "pickup": "20th road (right)",
        "dropoff": "19th road (left)",
        "allowed_delivery_methods": [
          "call"
        ],
        "delivery_method": "call"
      },
      {
        "id": 48,
        "duration_s": 2490.189000000246,
        "on_time": false,
        "temp_ok_all": false,
        "odor_ok_all": false,
        "damage_ok_all": true,
        "stars": {
          "overall": 3,
          "time": 1,
          "food": 4,
          "method": 5
        },
        "earnings": 8.608116655433141,
        "bonus_extra": 0.0,
        "paid_total": 8.608116655433141,
        "pickup": "20th road (right)",
        "dropoff": "26th road (right)",
        "allowed_delivery_methods": [],
        "delivery_method": "leave_at_door"
      },
      {
        "id": 59,
        "duration_s": 829.5930000000517,
        "on_time": true,
        "temp_ok_all": false,
        "odor_ok_all": true,
        "damage_ok_all": true,
        "stars": {
          "overall": 5,
          "time": 5,
          "food": 4,
          "method": 5
        },
        "earnings": 10.239034021033106,
        "bonus_extra": 3.0,
        "paid_total": 13.239034021033106,
        "pickup": "15th road (right)",
        "dropoff": "23rd road (left)",
        "allowed_delivery_methods": [
          "call"
        ],
        "delivery_method": "call"
      },
      {
        "id": 68,
        "duration_s": 828.5130000000936,
        "on_time": false,
        "temp_ok_all": false,
        "odor_ok_all": true,
        "damage_ok_all": true,
        "stars": {
          "overall": 3,
          "time": 1,
          "food": 4,
          "method": 5
        },
        "earnings": 1.9095761762261467,
        "bonus_extra": 0.0,
        "paid_total": 1.9095761762261467,
        "pickup": "24th road (right)",
        "dropoff": "2nd road (left)",
        "allowed_delivery_methods": [],
        "delivery_method": "leave_at_door"
      }
    ]
  },
  "activity": {
    "active_time_ratio": 1.118351113936476,
    "orders_per_hour": 4.5,
    "avg_order_time_s": 920.0820000000725,