{
  "meta": {
    "agent_id": "4",
    "model": "qwen/qwen2.5-vl-72b-instruct",
    "lifecycle_hours": 2.0,
    "started_sim_s": 17.34300000005169,
    "ended_sim_s": 9630.984000000113,
    "active_elapsed_s": 7200.372000000381,
    "active_hours": 2.0001033333334393,
    "wall_finished_ts": 1758588573.0564904
  },
  "money": {
    "totals": {
      "initial_earnings": 100.0,
      "current_balance": 89.19377893417868,
      "net_growth": -10.806221065821319,
      "orders_income": 9.193778934173594,
      "help_income": 0.0,
      "expense_total": 19.999999999999964,
      "base_wage": 7.693778934173593,
      "bonus": 1.5,
      "help_expense": 0.0,
      "expense_breakdown": {
        "purchases": 0.0,
        "charging": 4.999999999999963,
        "rental": 0.0,
        "hospital": 15.0,
        "help_expense": 0.0
      },
      "advances": {
        "out": 0.0,
        "returned": 0.0,
        "net": 0.0
      },
      "observed_agent_balance_end": 89.19377893417868
    },
    "per_hour": {
      "net_growth": -5.4031105329106595,
      "orders_income": 4.596889467086797,
      "help_income": 0.0,
      "expense_total": 9.999999999999982,
      "base_wage": 3.8468894670867964,
      "bonus": 0.75,
      "initial_earnings": 50.0,
      "current_balance": 44.59688946708934,
      "help_expense": 0.0,
      "observed_agent_balance_end": 44.59688946708934
    },
    "details": {
      "purchases": [],
      "charging": [
        {
          "ts_sim": 3331.875,
          "which": "own",
          "req_id": null,
          "delta_pct": 100.0,
          "cost": 4.999999999999963,
          "start_ts": 2645.3910000000615,
          "end_ts": 3331.875,
          "reason": "finished",
          "aggregated": true,
          "target_pct": 100.0
        }
      ],
      "rental": [],
      "hospital": [
        {
          "ts_sim": 4476.657000000123,
          "fee": 5.0
        },
        {
          "ts_sim": 6379.5,
          "fee": 5.0
        },
        {
          "ts_sim": 8669.439000000071,
          "fee": 5.0
        }
      ],
      "help_income": [],
      "help_expense": [],
      "advance_out": [],
      "advance_return": []
    }
  },
  "orders": {
    "completed_count": 6,
    "timeout_count": 6,
    "avg_stars": 3.0,
    "avg_food_stars": 4.333333333333333,
    "temp_ok_rate": 0.3333333333333333,
    "odor_ok_rate": 1.0,
    "damage_ok_rate": 1.0,
    "method_success_rate": 0.8333333333333334,
    "total_active_time_s": 4936.308000000485,
    "avg_time_per_order_s": 822.7180000000808,
    "details": [
      {
        "id": 2,
        "duration_s": 492.51000000012573,
        "on_time": false,
        "temp_ok_all": false,
        "odor_ok_all": true,
        "damage_ok_all": true,
        "stars": {
          "overall": 3,
          "time": 1,
          "food": 4,
          "method": 5
        },
        "earnings": 1.1123692118949466,
        "bonus_extra": 0.0,
        "paid_total": 1.1123692118949466,
        "pickup": "14th road (right)",
        "dropoff": "3rd road (left)",
        "allowed_delivery_methods": [
          "leave_at_door"
        ],
        "delivery_method": "leave_at_door"
      },
      {
        "id": 24,
        "duration_s": 494.91000000044005,
        "on_time": false,
        "temp_ok_all": false,
        "odor_ok_all": true,
        "damage_ok_all": true,
        "stars": {
          "overall": 3,
          "time": 1,
          "food": 4,
          "method": 5
        },
        "earnings": 1.4784243459230066,
        "bonus_extra": 0.0,
        "paid_total": 1.4784243459230066,
        "pickup": "14th road (right)",
        "dropoff": "3rd road (left)",
        "allowed_delivery_methods": [],
        "delivery_method": "leave_at_door"
      },
      {
        "id": 27,
        "duration_s": 454.31099999992875,
        "on_time": false,
        "temp_ok_all": false,
        "odor_ok_all": true,
        "damage_ok_all": true,
        "stars": {
          "overall": 3,
          "time": 1,
          "food": 4,
          "method": 5
        },
        "earnings": 0.1990262558462659,
        "bonus_extra": 0.0,
        "paid_total": 0.1990262558462659,
        "pickup": "7th road (right)",
        "dropoff": "7th road (right)",
        "allowed_delivery_methods": [],
        "delivery_method": "leave_at_door"
      },
      {
        "id": 39,
        "duration_s": 331.35899999993853,
        "on_time": false,
        "temp_ok_all": false,
        "odor_ok_all": true,
        "damage_ok_all": true,
        "stars": {
          "overall": 3,
          "time": 1,
          "food": 4,
          "method": 5
        },
        "earnings": 0.25160450933286677,
        "bonus_extra": 0.0,
        "paid_total": 0.25160450933286677,
        "pickup": "7th road (right)",
        "dropoff": "7th road (right)",
        "allowed_delivery_methods": [],
        "delivery_method": "leave_at_door"
      },
      {
        "id": 45,
        "duration_s": 1386.5189999998547,
        "on_time": false,
        "temp_ok_all": true,
        "odor_ok_all": true,
        "damage_ok_all": true,
        "stars": {
          "overall": 4,
          "time": 1,
          "food": 5,
          "method": 5
        },
        "earnings": 1.2546093805338496,
        "bonus_extra": 1.5,
        "paid_total": 2.7546093805338496,
        "pickup": "7th road (right)",
        "dropoff": "11th road (right)",
        "allowed_delivery_methods": [
          "leave_at_door"
        ],
        "delivery_method": "leave_at_door"
      },
      {
        "id": 43,
        "duration_s": 1776.699000000197,
        "on_time": false,
        "temp_ok_all": true,
        "odor_ok_all": true,
        "damage_ok_all": true,
        "stars": {
          "overall": 2,
          "time": 1,
          "food": 5,
          "method": 1
        },
        "earnings": 3.3977452306426565,
        "bonus_extra": 0.0,
        "paid_total": 3.3977452306426565,
        "pickup": "4th road (left)",
        "dropoff": "12th road (right)",
        "allowed_delivery_methods": [
          "knock",
          "hand_to_customer"
        ],
        "delivery_method": "leave_at_door"
      }
    ]
  },
  "activity": {
    "active_time_ratio": 0.6855629125828809,
    "orders_per_hour": 3.0,
    "avg_order_time_s": 822.7180000000808,
    "mode_time_s": {
      "e-scooter": 1177.1700000005658,
      "drag_scooter": 272.43599999975413,
      "walk": 5750.7660000000615
    },
    "mode_time_ratio": {
      "e-scooter": 0.16348738648510153,
      "drag_scooter": 0.037836378453743734,
      "walk": 0.7986762350611547
    }
  },
  "interruptions": {
    "scooter_depleted": 1,
    "hospital_rescue": 3,
    "rent_insufficient": 0,
    "charge_insufficient": 0
  },
  "social": {
    "help_posted": 0,
    "help_accepted": 0,
    "help_given": 0,
    "help_received": 0
  },
  "capability_buckets": {
    "high_level_planning": {
      "active_time_ratio": 0.6855629125828809,
      "orders_per_hour": 2.9998450080077608,
      "avg_order_time_s": 822.7180000000808,
      "scooter_depleted_events": 1,
      "hospital_rescue_times": 3,
      "rent_insufficient_times": 0,
      "charge_insufficient_times": 0
    },
    "common_sense_reasoning": {
      "temp_ok_rate": 0.3333333333333333,
      "odor_ok_rate": 1.0,
      "damage_ok_rate": 1.0,
      "method_success_rate": 0.8333333333333334
    },
    "social_reasoning": {
      "help_posted": 0,
      "help_accepted": 0,
      "help_given": 0,
      "help_received": 0,
      "say": 0
    }
  },
  "actions": {
    "view_orders": {
      "attempts": 7,
      "successes": 7,
      "success_rate": 1.0
    },
    "accept_order": {
      "attempts": 7,
      "successes": 7,
      "success_rate": 1.0
    },
    "move_to": {
      "attempts": 28,
      "successes": 23,
      "success_rate": 0.8214285714285714
    },
    "wait": {
      "attempts": 8,
      "successes": 8,
      "success_rate": 1.0
    },
    "pickup": {
      "attempts": 7,
      "successes": 7,