{
  "meta": {
    "agent_id": "2",
    "model": "qwen/qwen2.5-vl-72b-instruct",
    "lifecycle_hours": 2.0,
    "started_sim_s": 17.064000000071246,
    "ended_sim_s": 8784.093000000052,
    "active_elapsed_s": 7200.192000000039,
    "active_hours": 2.0000533333333443,
    "wall_finished_ts": 1758588290.759745
  },
  "money": {
    "totals": {
      "initial_earnings": 100.0,
      "current_balance": 107.02136500332807,
      "net_growth": 7.0213650033280715,
      "orders_income": 27.021365003328075,
      "help_income": 0.0,
      "expense_total": 20.0,
      "base_wage": 22.521365003328075,
      "bonus": 4.5,
      "help_expense": 0.0,
      "expense_breakdown": {
        "purchases": 0.0,
        "charging": 0.0,
        "rental": 0.0,
        "hospital": 20.0,
        "help_expense": 0.0
      },
      "advances": {
        "out": 0.0,
        "returned": 0.0,
        "net": 0.0
      },
      "observed_agent_balance_end": 107.02136500332807
    },
    "per_hour": {
      "net_growth": 3.5106825016640357,
      "orders_income": 13.510682501664038,
      "help_income": 0.0,
      "expense_total": 10.0,
      "base_wage": 11.260682501664038,
      "bonus": 2.25,
      "initial_earnings": 50.0,
      "current_balance": 53.510682501664036,
      "help_expense": 0.0,
      "observed_agent_balance_end": 53.510682501664036
    },
    "details": {
      "purchases": [],
      "charging": [],
      "rental": [],
      "hospital": [
        {
          "ts_sim": 2174.859000000113,
          "fee": 5.0
        },
        {
          "ts_sim": 4034.157000000123,
          "fee": 5.0
        },
        {
          "ts_sim": 6022.032000000123,
          "fee": 5.0
        },
        {
          "ts_sim": 7931.29800000001,
          "fee": 5.0
        }
      ],
      "help_income": [],
      "help_expense": [],
      "advance_out": [],
      "advance_return": []
    }
  },
  "orders": {
    "completed_count": 4,
    "timeout_count": 3,
    "avg_stars": 3.75,
    "avg_food_stars": 4.0,
    "temp_ok_rate": 0.0,
    "odor_ok_rate": 1.0,
    "damage_ok_rate": 1.0,
    "method_success_rate": 1.0,
    "total_active_time_s": 4821.240000000049,
    "avg_time_per_order_s": 1205.3100000000122,
    "details": [
      {
        "id": 3,
        "duration_s": 545.2980000000098,
        "on_time": true,
        "temp_ok_all": false,
        "odor_ok_all": true,
        "damage_ok_all": true,
        "stars": {
          "overall": 5,
          "time": 5,
          "food": 4,
          "method": 5
        },
        "earnings": 6.421934692073054,
        "bonus_extra": 3.0,
        "paid_total": 9.421934692073055,
        "pickup": "12th road (right)",
        "dropoff": "1st road (left)",
        "allowed_delivery_methods": [],
        "delivery_method": "leave_at_door"
      },
      {
        "id": 23,
        "duration_s": 700.6920000000391,
        "on_time": false,
        "temp_ok_all": false,
        "odor_ok_all": true,
        "damage_ok_all": true,
        "stars": {
          "overall": 4,
          "time": 3,
          "food": 4,
          "method": 5
        },
        "earnings": 5.54678099549434,
        "bonus_extra": 1.5,
        "paid_total": 7.04678099549434,
        "pickup": "4th road (left)",
        "dropoff": "1st road (right)",
        "allowed_delivery_methods": [
          "call"
        ],
        "delivery_method": "call"
      },
      {
        "id": 33,
        "duration_s": 1877.3910000000615,
        "on_time": false,
        "temp_ok_all": false,
        "odor_ok_all": true,
        "damage_ok_all": true,
        "stars": {
          "overall": 3,
          "time": 1,
          "food": 4,
          "method": 5
        },
        "earnings": 8.089553727664127,
        "bonus_extra": 0.0,
        "paid_total": 8.089553727664127,
        "pickup": "12th road (right)",
        "dropoff": "15th road (left)",
        "allowed_delivery_methods": [
          "knock"
        ],
        "delivery_method": "knock"
      },
      {
        "id": 48,
        "duration_s": 1697.8589999999385,
        "on_time": false,
        "temp_ok_all": false,
        "odor_ok_all": true,
        "damage_ok_all": true,
        "stars": {
          "overall": 3,
          "time": 1,
          "food": 4,
          "method": 5
        },
        "earnings": 2.463095588096554,
        "bonus_extra": 0.0,
        "paid_total": 2.463095588096554,
        "pickup": "4th road (left)",
        "dropoff": "15th road (left)",
        "allowed_delivery_methods": [],
        "delivery_method": "leave_at_door"
      }
    ]
  },
  "activity": {
    "active_time_ratio": 0.6695988106983846,
    "orders_per_hour": 2.0,
    "avg_order_time_s": 1205.3100000000122,
    "mode_time_s": {
      "e-scooter": 667.1759999999776,
      "drag_scooter": 1617.2849999999162,
      "walk": 4915.731000000145
    },
    "mode_time_ratio": {
      "e-scooter": 0.09266086237699968,
      "drag_scooter": 0.22461692688193696,
      "walk": 0.6827222107410634
    }
  },
  "interruptions": {
    "scooter_depleted": 1,
    "hospital_rescue": 4,
    "rent_insufficient": 0,
    "charge_insufficient": 0
  },
  "social": {
    "help_posted": 0,
    "help_accepted": 0,
    "help_given": 0,
    "help_received": 0
  },
  "capability_buckets": {
    "high_level_planning": {
      "active_time_ratio": 0.6695988106983846,
      "orders_per_hour": 1.99994666808884,
      "avg_order_time_s": 1205.3100000000122,
      "scooter_depleted_events": 1,
      "hospital_rescue_times": 4,
      "rent_insufficient_times": 0,
      "charge_insufficient_times": 0
    },
    "common_sense_reasoning": {
      "temp_ok_rate": 0.0,
      "odor_ok_rate": 1.0,
      "damage_ok_rate": 1.0,
      "method_success_rate": 1.0
    },
    "social_reasoning": {
      "help_posted": 0,
      "help_accepted": 0,
      "help_given": 0,
      "help_received": 0,
      "say": 0
    }
  },
  "actions": {
    "view_orders": {
      "attempts": 5,
      "successes": 5,
      "success_rate": 1.0
    },
    "accept_order": {
      "attempts": 5,
      "successes": 5,
      "success_rate": 1.0
    },
    "move_to": {
      "attempts": 16,
      "successes": 11,
      "success_rate": 0.6875
    },
    "wait": {
      "attempts": 6,
      "successes": 6,
      "success_rate": 1.0
    },
    "pickup": {
      "attempts": 5,
      "successes": 5,
      "success_rate": 1.0
    },
    "place_food_in_bag": {
      "attempts": 5,
      "successes": 5,
      "success_rate": 1.0
    },
    "drop_off": {
      "attempts": 7,
      "successes": 4,
      "success_rate": 0.5714285714285714
    },
    "switch_transport": {
      "attempts": 1,
      "successes": 1,
      "success_rate": 1.0
    }
  },
  "vlm": {
    "total_calls": 50,
    "successes": 50,
    "parse_failures": 0,
    "retries": 0,
    "success_rate": 1.0,
    "parse_success_rate": 1.0
  }
}