{
  "meta": {
    "agent_id": "4",
    "model": "google/gemini-2.5-flash",
    "lifecycle_hours": 2.0,
    "started_sim_s": 59.76300000000015,
    "ended_sim_s": 13831.920000000002,
    "active_elapsed_s": 7220.661000000004,
    "active_hours": 2.0057391666666677,
    "wall_finished_ts": 1760086131.8002746
  },
  "money": {
    "totals": {
      "initial_earnings": 100.0,
      "current_balance": 136.09449200358836,
      "net_growth": 36.09449200358836,
      "orders_income": 71.0604920035879,
      "help_income": 0.0,
      "expense_total": 34.96599999999997,
      "base_wage": 57.560492003587896,
      "bonus": 13.5,
      "help_expense": 0.0,
      "expense_breakdown": {
        "purchases": 10.0,
        "charging": 14.965999999999973,
        "rental": 0.0,
        "hospital": 10.0,
        "help_expense": 0.0
      },
      "advances": {
        "out": 0.0,
        "returned": 0.0,
        "net": 0.0
      },
      "observed_agent_balance_end": 136.09449200358836
    },
    "per_hour": {
      "net_growth": 17.995606110426458,
      "orders_income": 35.42858073698741,
      "help_income": 0.0,
      "expense_total": 17.432974626561172,
      "base_wage": 28.697895000598464,
      "bonus": 6.73068573638895,
      "initial_earnings": 49.85693138065889,
      "current_balance": 67.85253749108534,
      "help_expense": 0.0,
      "observed_agent_balance_end": 67.85253749108534
    },
    "details": {
      "purchases": [
        {
          "ts_sim": 10474.077000000001,
          "items": "1 x escooter_battery_pack",
          "cost": 10.0
        }
      ],
      "charging": [
        {
          "ts_sim": 13831.920000000002,
          "which": "own",
          "req_id": null,
          "delta_pct": 299.3199999999998,
          "cost": 14.965999999999973,
          "start_ts": 2810.109,
          "end_ts": 13831.920000000002,
          "reason": "lifecycle_end",
          "aggregated": true,
          "target_pct": null
        }
      ],
      "rental": [],
      "hospital": [
        {
          "ts_sim": 9460.077,
          "fee": 5.0
        },
        {
          "ts_sim": 13721.202000000001,
          "fee": 5.0
        }
      ],
      "help_income": [],
      "help_expense": [],
      "advance_out": [],
      "advance_return": []
    }
  },
  "energy": {
    "personal_consumed_pct": 199.9999999999998,
    "scooter_batt_consumed_pct": 198.37294532230374,
    "personal_remaining_pct": 0.0,
    "scooter_remaining_pct": 52.25
  },
  "orders": {
    "completed_count": 10,
    "timeout_count": 7,
    "ontime_rate": 0.3,
    "avg_stars": 3.9,
    "avg_food_stars": 3.9,
    "temp_ok_rate": 0.4,
    "odor_ok_rate": 1.0,
    "damage_ok_rate": 1.0,
    "method_success_rate": 1.0,
    "total_active_time_s": 9257.016000000009,
    "avg_time_per_order_s": 925.7016000000009,
    "open_count": 0,
    "open_overdue_count": 0,
    "open_not_due_count": 0,
    "completed_order_details": [
      {
        "id": 5,
        "duration_s": 1209.750000000001,
        "time_limit_s": 377.79208974232927,
        "deadline_slack_s": -831.9579102576716,
        "is_overdue": true,
        "temp_ok_all": true,
        "odor_ok_all": true,
        "damage_ok_all": true,
        "pick_score": 2.9259259259259256,
        "stars": {
          "overall": 3,
          "time": 1,
          "food": 4,
          "method": 5
        },
        "earnings": 1.4137770506989287,
        "bonus_extra": 0.0,
        "paid_total": 1.4137770506989287,
        "pickup": "2nd road (right)",
        "dropoff": "9th road (left)",
        "allowed_delivery_methods": [],
        "delivery_method": "leave_at_door"
      },
      {
        "id": 6,
        "duration_s": 772.2659999999996,
        "time_limit_s": 247.16523980821344,
        "deadline_slack_s": -525.1007601917862,
        "is_overdue": true,
        "temp_ok_all": false,
        "odor_ok_all": true,
        "damage_ok_all": true,
        "pick_score": 4.4074074074074066,
        "stars": {
          "overall": 3,
          "time": 1,
          "food": 3,
          "method": 5
        },
        "earnings": 1.2617936489493171,
        "bonus_extra": 0.0,
        "paid_total": 1.2617936489493171,
        "pickup": "2nd road (right)",
        "dropoff": "5th road (right)",
        "allowed_delivery_methods": [
          "leave_at_door"
        ],
        "delivery_method": "leave_at_door"
      },
      {
        "id": 8,
        "duration_s": 834.8909999999996,
        "time_limit_s": 377.50284747766665,
        "deadline_slack_s": -457.388152522333,
        "is_overdue": true,
        "temp_ok_all": true,
        "odor_ok_all": true,
        "damage_ok_all": true,
        "pick_score": 3.5185185185185186,
        "stars": {
          "overall": 4,
          "time": 1,
          "food": 5,
          "method": 5
        },
        "earnings": 1.3417532464008533,
        "bonus_extra": 1.5,
        "paid_total": 2.8417532464008533,
        "pickup": "8th road (right)",
        "dropoff": "4th road (left)",
        "allowed_delivery_methods": [
          "knock"
        ],
        "delivery_method": "knock"
      },
      {
        "id": 7,
        "duration_s": 945.8429999999998,
        "time_limit_s": 419.6397012612786,
        "deadline_slack_s": -526.2032987387213,
        "is_overdue": true,
        "temp_ok_all": false,
        "odor_ok_all": true,
        "damage_ok_all": true,
        "pick_score": 3.814814814814815,
        "stars": {
          "overall": 3,
          "time": 1,
          "food": 4,
          "method": 5
        },
        "earnings": 2.587791973365945,
        "bonus_extra": 0.0,
        "paid_total": 2.587791973365945,
        "pickup": "8th road (right)",
        "dropoff": "15th road (right)",
        "allowed_delivery_methods": [
          "leave_at_door",
          "knock"
        ],
        "delivery_method": "leave_at_door"
      },
      {
        "id": 11,
        "duration_s": 434.48099999999977,
        "time_limit_s": 425.04221429378407,
        "deadline_slack_s": -9.438785706215697,
        "is_overdue": true,
        "temp_ok_all": true,
        "odor_ok_all": true,
        "damage_ok_all": true,
        "pick_score": 4.4074074074074066,
        "stars": {
          "overall": 4,
          "time": 4,
          "food": 4,
          "method": 5
        },
        "earnings": 5.579107994718177,
        "bonus_extra": 1.5,
        "paid_total": 7.079107994718177,
        "pickup": "2nd road (right)",
        "dropoff": "14th road (left)",
        "allowed_delivery_methods": [
          "leave_at_door"
        ],
        "delivery_method": "leave_at_door"
      },
      {
        "id": 1,
        "duration_s": 805.2149999999974,
        "time_limit_s": 712.7740925896563,
        "deadline_slack_s": -92.44090741034108,
        "is_overdue": true,
        "temp_ok_all": true,
        "odor_ok_all": true,
        "damage_ok_all": true,
        "pick_score": 3.5185185185185186,
        "stars": {
          "overall": 4,
          "time": 3,
          "food": 4,
          "method": 5
        },
        "earnings": 5.674336604408418,
        "bonus_extra": 1.5,
        "paid_total": 7.174336604408418,
        "pickup": "7th road (right)",
        "dropoff": "3rd road (left)",
        "allowed_delivery_methods": [],
        "delivery_method": "leave_at_door"
      },
      {
        "id": 15,
        "duration_s": 545.0160000000014,
        "time_limit_s": 928.5187261708377,
        "deadline_slack_s": 383.50272617083624,
        "is_overdue": false,
        "temp_ok_all": false,
        "odor_ok_all": true,
        "damage_ok_all": true,
        "pick_score": 4.2592592592592595,
        "stars": {
          "overall": 5,
          "time": 5,
          "food": 4,
          "method": 5
        },
        "earnings": 8.245954515326058,
        "bonus_extra": 3.0,
        "paid_total": 11.245954515326058,
        "pickup": "2nd road (right)",
        "dropoff": "11th road (left)",