{
  "meta": {
    "agent_id": "4",
    "model": "google/gemini-2.5-flash",
    "lifecycle_hours": 2.0,
    "started_sim_s": 74.25,
    "ended_sim_s": 15966.375,
    "active_elapsed_s": 7200.320999999989,
    "active_hours": 2.0000891666666636,
    "wall_finished_ts": 1760219022.3046033
  },
  "money": {
    "totals": {
      "initial_earnings": 100.0,
      "current_balance": 159.26028864814398,
      "net_growth": 59.260288648143984,
      "orders_income": 87.62190207263072,
      "help_income": 0.0,
      "expense_total": 28.361613424486592,
      "base_wage": 71.12190207263072,
      "bonus": 16.5,
      "help_expense": 0.0,
      "expense_breakdown": {
        "purchases": 6.0,
        "charging": 17.361613424486592,
        "rental": 0.0,
        "hospital": 5.0,
        "help_expense": 0.0
      },
      "advances": {
        "out": 0.0,
        "returned": 0.0,
        "net": 0.0
      },
      "observed_agent_balance_end": 159.26028864814398
    },
    "per_hour": {
      "net_growth": 29.628823372363353,
      "orders_income": 43.80899788515971,
      "help_income": 0.0,
      "expense_total": 14.180174512796288,
      "base_wage": 35.55936568126212,
      "bonus": 8.249632203897589,
      "initial_earnings": 49.99777093271266,
      "current_balance": 79.62659430507601,
      "help_expense": 0.0,
      "observed_agent_balance_end": 79.62659430507601
    },
    "details": {
      "purchases": [
        {
          "ts_sim": 13254.515999999996,
          "items": "1 x energy_drink",
          "cost": 6.0
        }
      ],
      "charging": [
        {
          "ts_sim": 8651.154000000002,
          "which": "own",
          "req_id": null,
          "delta_pct": 176.94326848973088,
          "cost": 8.847163424486551,
          "start_ts": 2568.2790000000023,
          "end_ts": 8651.154000000002,
          "reason": "finished",
          "aggregated": true,
          "target_pct": 100.0
        },
        {
          "ts_sim": 15966.375,
          "which": "own",
          "req_id": null,
          "delta_pct": 170.28900000000067,
          "cost": 8.51445000000004,
          "start_ts": 10942.544999999998,
          "end_ts": 15966.375,
          "reason": "lifecycle_end",
          "aggregated": true,
          "target_pct": null
        }
      ],
      "rental": [],
      "hospital": [
        {
          "ts_sim": 8563.265999999996,
          "fee": 5.0
        }
      ],
      "help_income": [],
      "help_expense": [],
      "advance_out": [],
      "advance_return": []
    }
  },
  "energy": {
    "personal_consumed_pct": 223.41880489443284,
    "scooter_batt_consumed_pct": 198.2745720710673,
    "personal_remaining_pct": 26.5811951055666,
    "scooter_remaining_pct": 0.0
  },
  "orders": {
    "completed_count": 15,
    "timeout_count": 12,
    "ontime_rate": 0.2,
    "avg_stars": 3.7333333333333334,
    "avg_food_stars": 4.0,
    "temp_ok_rate": 0.3333333333333333,
    "odor_ok_rate": 0.8666666666666667,
    "damage_ok_rate": 1.0,
    "method_success_rate": 0.9333333333333333,
    "total_active_time_s": 10198.538999999997,
    "avg_time_per_order_s": 679.9025999999998,
    "open_count": 0,
    "open_overdue_count": 0,
    "open_not_due_count": 0,
    "completed_order_details": [
      {
        "id": 3,
        "duration_s": 523.547999999988,
        "time_limit_s": 311.88927582109994,
        "deadline_slack_s": -211.658724178888,
        "is_overdue": true,
        "temp_ok_all": false,
        "odor_ok_all": true,
        "damage_ok_all": true,
        "pick_score": 4.111111111111111,
        "stars": {
          "overall": 3,
          "time": 1,
          "food": 3,
          "method": 5
        },
        "earnings": 1.6709361033242183,
        "bonus_extra": 0.0,
        "paid_total": 1.6709361033242183,
        "pickup": "19th road (left)",
        "dropoff": "13th road (left)",
        "allowed_delivery_methods": [],
        "delivery_method": "leave_at_door"
      },
      {
        "id": 6,
        "duration_s": 856.734000000004,
        "time_limit_s": 248.49359538550632,
        "deadline_slack_s": -608.2404046144977,
        "is_overdue": true,
        "temp_ok_all": false,
        "odor_ok_all": true,
        "damage_ok_all": true,
        "pick_score": 4.4074074074074066,
        "stars": {
          "overall": 3,
          "time": 1,
          "food": 3,
          "method": 5
        },
        "earnings": 1.26857498532281,
        "bonus_extra": 0.0,
        "paid_total": 1.26857498532281,
        "pickup": "4th road (left)",
        "dropoff": "5th road (left)",
        "allowed_delivery_methods": [
          "leave_at_door"
        ],
        "delivery_method": "leave_at_door"
      },
      {
        "id": 5,
        "duration_s": 895.125,
        "time_limit_s": 373.38429701877266,
        "deadline_slack_s": -521.7407029812273,
        "is_overdue": true,
        "temp_ok_all": true,
        "odor_ok_all": true,
        "damage_ok_all": true,
        "pick_score": 2.481481481481482,
        "stars": {
          "overall": 3,
          "time": 1,
          "food": 4,
          "method": 5
        },
        "earnings": 1.3972821680213892,
        "bonus_extra": 0.0,
        "paid_total": 1.3972821680213892,
        "pickup": "4th road (left)",
        "dropoff": "11th road (left)",
        "allowed_delivery_methods": [],
        "delivery_method": "leave_at_door"
      },
      {
        "id": 7,
        "duration_s": 721.6860000000379,
        "time_limit_s": 575.0356293886648,
        "deadline_slack_s": -146.6503706113731,
        "is_overdue": true,
        "temp_ok_all": true,
        "odor_ok_all": true,
        "damage_ok_all": true,
        "pick_score": 3.6666666666666665,
        "stars": {
          "overall": 4,
          "time": 2,
          "food": 4,
          "method": 5
        },
        "earnings": 5.650983204865728,
        "bonus_extra": 1.5,
        "paid_total": 7.150983204865728,
        "pickup": "14th road (left)",
        "dropoff": "17th road (right)",
        "allowed_delivery_methods": [
          "leave_at_door",
          "knock"
        ],
        "delivery_method": "leave_at_door"
      },
      {
        "id": 8,
        "duration_s": 775.3110000000379,
        "time_limit_s": 472.50271617885176,
        "deadline_slack_s": -302.80828382118614,
        "is_overdue": true,
        "temp_ok_all": false,
        "odor_ok_all": true,
        "damage_ok_all": true,
        "pick_score": 3.814814814814815,
        "stars": {
          "overall": 3,
          "time": 1,
          "food": 4,
          "method": 5
        },
        "earnings": 2.0469870334005353,
        "bonus_extra": 0.0,
        "paid_total": 2.0469870334005353,
        "pickup": "14th road (left)",
        "dropoff": "5th road (right)",
        "allowed_delivery_methods": [
          "knock"
        ],
        "delivery_method": "knock"
      },
      {
        "id": 2,
        "duration_s": 1055.154000000024,
        "time_limit_s": 499.17592440235944,
        "deadline_slack_s": -555.9780755976647,
        "is_overdue": true,
        "temp_ok_all": false,
        "odor_ok_all": true,
        "damage_ok_all": true,
        "pick_score": 4.4074074074074066,
        "stars": {
          "overall": 3,
          "time": 1,
          "food": 4,
          "method": 5
        },
        "earnings": 2.913267889163373,
        "bonus_extra": 0.0,
        "paid_total": 2.913267889163373,
        "pickup": "17th road (left)",
        "dropoff": "8th road (left)",
        "allowed_delivery_methods": [],
        "delivery_method": "leave_at_door"
      },
      {
        "id": 10,
        "duration_s": 502.3560000000143,
        "time_limit_s": 1101.2910313338962,
        "deadline_slack_s": 598.9350313338819,
        "is_overdue": false,
        "temp_ok_all": false,
        "odor_ok_all": true,
        "damage_ok_all": true,
        "pick_score": 1.8888888888888888,
        "stars": {
          "overall": 5,