{
  "meta": {
    "agent_id": "3",
    "model": "anthropic/claude-3.7-sonnet",
    "lifecycle_hours": 2.0,
    "started_sim_s": 98.85900000000402,
    "ended_sim_s": 15602.390999999996,
    "active_elapsed_s": 7200.008999999969,
    "active_hours": 2.0000024999999915,
    "wall_finished_ts": 1760225166.8357382
  },
  "money": {
    "totals": {
      "initial_earnings": 100.0,
      "current_balance": 107.61843478031234,
      "net_growth": 7.618434780312342,
      "orders_income": 22.378609780312242,
      "help_income": 0.0,
      "expense_total": 14.760174999999785,
      "base_wage": 20.878609780312242,
      "bonus": 1.5,
      "help_expense": 0.0,
      "expense_breakdown": {
        "purchases": 0.0,
        "charging": 9.760174999999785,
        "rental": 0.0,
        "hospital": 5.0,
        "help_expense": 0.0
      },
      "advances": {
        "out": 0.0,
        "returned": 0.0,
        "net": 0.0
      },
      "observed_agent_balance_end": 107.61843478031234
    },
    "per_hour": {
      "net_growth": 3.809212628640401,
      "orders_income": 11.18929090354254,
      "help_income": 0.0,
      "expense_total": 7.380078274902081,
      "base_wage": 10.439291841041364,
      "bonus": 0.7499990625011751,
      "initial_earnings": 49.99993750007834,
      "current_balance": 53.80915012871874,
      "help_expense": 0.0,
      "observed_agent_balance_end": 53.80915012871874
    },
    "details": {
      "purchases": [],
      "charging": [
        {
          "ts_sim": 15602.390999999996,
          "which": "own",
          "req_id": null,
          "delta_pct": 195.20349999999598,
          "cost": 9.760174999999785,
          "start_ts": 2863.407000000014,
          "end_ts": 15602.390999999996,
          "reason": "lifecycle_end",
          "aggregated": true,
          "target_pct": null
        }
      ],
      "rental": [],
      "hospital": [
        {
          "ts_sim": 12938.532000000014,
          "fee": 5.0
        }
      ],
      "help_income": [],
      "help_expense": [],
      "advance_out": [],
      "advance_return": []
    }
  },
  "energy": {
    "personal_consumed_pct": 301.38919683382346,
    "scooter_batt_consumed_pct": 121.84450688702238,
    "personal_remaining_pct": 59.7272159500565,
    "scooter_remaining_pct": 0.0
  },
  "orders": {
    "completed_count": 4,
    "timeout_count": 4,
    "ontime_rate": 0.0,
    "avg_stars": 3.25,
    "avg_food_stars": 3.75,
    "temp_ok_rate": 0.5,
    "odor_ok_rate": 1.0,
    "damage_ok_rate": 1.0,
    "method_success_rate": 1.0,
    "total_active_time_s": 6237.849000000009,
    "avg_time_per_order_s": 1559.4622500000023,
    "open_count": 1,
    "open_overdue_count": 0,
    "open_not_due_count": 1,
    "completed_order_details": [
      {
        "id": 1,
        "duration_s": 691.0319999999701,
        "time_limit_s": 349.15320000983826,
        "deadline_slack_s": -341.8787999901319,
        "is_overdue": true,
        "temp_ok_all": true,
        "odor_ok_all": true,
        "damage_ok_all": true,
        "pick_score": 3.6666666666666665,
        "stars": {
          "overall": 4,
          "time": 1,
          "food": 5,
          "method": 5
        },
        "earnings": 2.5981513250692556,
        "bonus_extra": 1.5,
        "paid_total": 4.098151325069256,
        "pickup": "7th road (left)",
        "dropoff": "26th road (left)",
        "allowed_delivery_methods": [],
        "delivery_method": "leave_at_door"
      },
      {
        "id": 7,
        "duration_s": 1683.0390000000189,
        "time_limit_s": 1052.9167054499626,
        "deadline_slack_s": -630.1222945500563,
        "is_overdue": true,
        "temp_ok_all": true,
        "odor_ok_all": true,
        "damage_ok_all": true,
        "pick_score": 3.5185185185185186,
        "stars": {
          "overall": 3,
          "time": 1,
          "food": 4,
          "method": 5
        },
        "earnings": 8.124125816991903,
        "bonus_extra": 0.0,
        "paid_total": 8.124125816991903,
        "pickup": "10th road (right)",
        "dropoff": "15th road (left)",
        "allowed_delivery_methods": [
          "leave_at_door",
          "knock"
        ],
        "delivery_method": "leave_at_door"
      },
      {
        "id": 4,
        "duration_s": 1551.47700000013,
        "time_limit_s": 1026.0690752167993,
        "deadline_slack_s": -525.4079247833306,
        "is_overdue": true,
        "temp_ok_all": false,
        "odor_ok_all": true,
        "damage_ok_all": true,
        "pick_score": 4.111111111111111,
        "stars": {
          "overall": 3,
          "time": 1,
          "food": 2,
          "method": 5
        },
        "earnings": 6.022542165585971,
        "bonus_extra": 0.0,
        "paid_total": 6.022542165585971,
        "pickup": "12th road (left)",
        "dropoff": "25th road (left)",
        "allowed_delivery_methods": [],
        "delivery_method": "leave_at_door"
      },
      {
        "id": 11,
        "duration_s": 2312.3009999998903,
        "time_limit_s": 607.7848919035621,
        "deadline_slack_s": -1704.5161080963283,
        "is_overdue": true,
        "temp_ok_all": false,
        "odor_ok_all": true,
        "damage_ok_all": true,
        "pick_score": 2.7777777777777777,
        "stars": {
          "overall": 3,
          "time": 1,
          "food": 4,
          "method": 5
        },
        "earnings": 4.133790472665113,
        "bonus_extra": 0.0,
        "paid_total": 4.133790472665113,
        "pickup": "1st road (left)",
        "dropoff": "22nd road (right)",
        "allowed_delivery_methods": [],
        "delivery_method": "leave_at_door"
      }
    ],
    "open_order_details": [
      {
        "id": 5,
        "elapsed_s": 126.51599999997416,
        "time_limit_s": 591.799036325681,
        "deadline_slack_s": 465.2830363257068,
        "is_overdue": false,
        "pick_score": 2.333333333333333,
        "pickup": "1st road (left)",
        "dropoff": "20th road (left)",
        "earnings": 4.429271649142449,
        "allowed_delivery_methods": []
      }
    ]
  },
  "activity": {
    "effective_time_ratio": 0.6909116363604524,
    "inactive_time_s_breakdown": {
      "wait": 1325.4390000000058,
      "hospital": 900.0
    },
    "inactive_total_time_s": 2225.4390000000058,
    "orders_per_hour": 1.9999975000031336,
    "avg_order_time_s": 1559.4622500000023,
    "mode_time_s": {
      "e-scooter": 2299.5540000000983,
      "walk": 4132.925999999934,
      "drag_scooter": 767.5289999999368
    },
    "mode_time_ratio": {
      "e-scooter": 0.31938210077238904,
      "walk": 0.5740167824790152,
      "drag_scooter": 0.10660111674859574
    }
  },
  "interruptions": {
    "scooter_depleted": 1,
    "hospital_rescue": 1,
    "rent_insufficient": 0,
    "charge_insufficient": 0,
    "total": 2
  },
  "prevention": {
    "total": 6,
    "by_kind": {
      "early_charge": 3,
      "early_rest": 3
    },
    "prevention_rate": 0.75
  },
  "social": {
    "help_posted": 0,
    "help_accepted": 0,
    "help_given": 0,
    "help_received": 0
  },
  "capability_buckets": {
    "high_level_planning": {
      "active_time_ratio": 0.8663668337081295,
      "orders_per_hour": 1.9999975000031336,
      "avg_order_time_s": 1559.4622500000023,
      "scooter_depleted_events": 1,
      "hospital_rescue_times": 1,
      "rent_insufficient_times": 0,
      "charge_insufficient_times": 0
    },
    "common_sense_reasoning": {
      "temp_ok_rate": 0.5,
      "odor_ok_rate": 1.0,
      "damage_ok_rate": 1.0,
      "method_success_rate": 1.0
    },
    "social_reasoning": {
      "help_posted": 0,
      "help_accepted": 0,
      "help_given": 0,
      "help_received": 0,
      "say": 0
    }
  },
  "actions": {
    "view_orders": {
      "attempts": 7,
      "successes": 7,
      "success_rate": 1.0
    },
    "accept_order": {
      "attempts": 6,
      "successes": 5,
      "success_rate": 0.8333333333333334
    },
    "move_to": {
      "attempts": 59,