{
  "meta": {
    "agent_id": "4",
    "model": "google/gemini-2.5-flash",
    "lifecycle_hours": 2.0,
    "started_sim_s": 100.875,
    "ended_sim_s": 14019.609000000004,
    "active_elapsed_s": 7200.515999999865,
    "active_hours": 2.0001433333332956,
    "wall_finished_ts": 1760224639.2229867
  },
  "money": {
    "totals": {
      "initial_earnings": 100.0,
      "current_balance": 126.36678436969159,
      "net_growth": 26.366784369691587,
      "orders_income": 70.04293436969128,
      "help_income": 0.0,
      "expense_total": 43.67614999999986,
      "base_wage": 56.54293436969128,
      "bonus": 13.5,
      "help_expense": 0.0,
      "expense_breakdown": {
        "purchases": 26.0,
        "charging": 12.676149999999858,
        "rental": 0.0,
        "hospital": 5.0,
        "help_expense": 0.0
      },
      "advances": {
        "out": 0.0,
        "returned": 0.0,
        "net": 0.0
      },
      "observed_agent_balance_end": 126.36678436969159
    },
    "per_hour": {
      "net_growth": 13.18244744277931,
      "orders_income": 35.018957492892646,
      "help_income": 0.0,
      "expense_total": 21.836510050113414,
      "base_wage": 28.26944120822625,
      "bonus": 6.7495162846663925,
      "initial_earnings": 49.99641692345476,
      "current_balance": 63.17886436623407,
      "help_expense": 0.0,
      "observed_agent_balance_end": 63.17886436623407
    },
    "details": {
      "purchases": [
        {
          "ts_sim": 2193.9390000000058,
          "items": "1 x escooter_battery_pack",
          "cost": 10.0
        },
        {
          "ts_sim": 11658.702000000012,
          "items": "1 x energy_drink, 1 x escooter_battery_pack",
          "cost": 16.0
        }
      ],
      "charging": [
        {
          "ts_sim": 14019.609000000004,
          "which": "own",
          "req_id": null,
          "delta_pct": 253.5229999999974,
          "cost": 12.676149999999858,
          "start_ts": 5334.189000000006,
          "end_ts": 14019.609000000004,
          "reason": "lifecycle_end",
          "aggregated": true,
          "target_pct": null
        }
      ],
      "rental": [],
      "hospital": [
        {
          "ts_sim": 9949.500000000022,
          "fee": 5.0
        }
      ],
      "help_income": [],
      "help_expense": [],
      "advance_out": [],
      "advance_return": []
    }
  },
  "energy": {
    "personal_consumed_pct": 216.0265831760494,
    "scooter_batt_consumed_pct": 213.4181569424682,
    "personal_remaining_pct": 33.97341682395072,
    "scooter_remaining_pct": 76.05399256733898
  },
  "orders": {
    "completed_count": 11,
    "timeout_count": 7,
    "ontime_rate": 0.36363636363636365,
    "avg_stars": 3.8181818181818183,
    "avg_food_stars": 3.8181818181818183,
    "temp_ok_rate": 0.2727272727272727,
    "odor_ok_rate": 0.7272727272727273,
    "damage_ok_rate": 1.0,
    "method_success_rate": 1.0,
    "total_active_time_s": 8248.787999999797,
    "avg_time_per_order_s": 749.8898181817997,
    "open_count": 0,
    "open_overdue_count": 0,
    "open_not_due_count": 0,
    "completed_order_details": [
      {
        "id": 7,
        "duration_s": 692.2470000000321,
        "time_limit_s": 1052.9167054499626,
        "deadline_slack_s": 360.66970544993046,
        "is_overdue": false,
        "temp_ok_all": true,
        "odor_ok_all": true,
        "damage_ok_all": true,
        "pick_score": 3.2222222222222228,
        "stars": {
          "overall": 5,
          "time": 5,
          "food": 4,
          "method": 5
        },
        "earnings": 12.986042029849985,
        "bonus_extra": 3.0,
        "paid_total": 15.986042029849985,
        "pickup": "10th road (right)",
        "dropoff": "15th road (left)",
        "allowed_delivery_methods": [
          "leave_at_door",
          "knock"
        ],
        "delivery_method": "leave_at_door"
      },
      {
        "id": 1,
        "duration_s": 475.31399999998393,
        "time_limit_s": 349.15320000983826,
        "deadline_slack_s": -126.16079999014568,
        "is_overdue": true,
        "temp_ok_all": true,
        "odor_ok_all": true,
        "damage_ok_all": true,
        "pick_score": 3.814814814814815,
        "stars": {
          "overall": 4,
          "time": 2,
          "food": 5,
          "method": 5
        },
        "earnings": 3.777304490221708,
        "bonus_extra": 1.5,
        "paid_total": 5.277304490221708,
        "pickup": "7th road (left)",
        "dropoff": "26th road (left)",
        "allowed_delivery_methods": [],
        "delivery_method": "leave_at_door"
      },
      {
        "id": 9,
        "duration_s": 380.9999999999782,
        "time_limit_s": 125.02013255168806,
        "deadline_slack_s": -255.97986744829012,
        "is_overdue": true,
        "temp_ok_all": true,
        "odor_ok_all": true,
        "damage_ok_all": true,
        "pick_score": 2.185185185185185,
        "stars": {
          "overall": 4,
          "time": 1,
          "food": 5,
          "method": 5
        },
        "earnings": 0.5187283944561129,
        "bonus_extra": 1.5,
        "paid_total": 2.018728394456113,
        "pickup": "12th road (left)",
        "dropoff": "21st road (right)",
        "allowed_delivery_methods": [
          "leave_at_door",
          "knock"
        ],
        "delivery_method": "leave_at_door"
      },
      {
        "id": 10,
        "duration_s": 444.42299999998795,
        "time_limit_s": 254.2273987770496,
        "deadline_slack_s": -190.19560122293836,
        "is_overdue": true,
        "temp_ok_all": false,
        "odor_ok_all": true,
        "damage_ok_all": true,
        "pick_score": 2.7777777777777777,
        "stars": {
          "overall": 3,
          "time": 1,
          "food": 4,
          "method": 5
        },
        "earnings": 1.8458363223751424,
        "bonus_extra": 0.0,
        "paid_total": 1.8458363223751424,
        "pickup": "12th road (left)",
        "dropoff": "13th road (left)",
        "allowed_delivery_methods": [],
        "delivery_method": "leave_at_door"
      },
      {
        "id": 3,
        "duration_s": 1161.938999999984,
        "time_limit_s": 57.011208066421574,
        "deadline_slack_s": -1104.9277919335623,
        "is_overdue": true,
        "temp_ok_all": false,
        "odor_ok_all": true,
        "damage_ok_all": true,
        "pick_score": 3.2222222222222223,
        "stars": {
          "overall": 3,
          "time": 1,
          "food": 4,
          "method": 5
        },
        "earnings": 0.25635731354478564,
        "bonus_extra": 0.0,
        "paid_total": 0.25635731354478564,
        "pickup": "12th road (left)",
        "dropoff": "12th road (left)",
        "allowed_delivery_methods": [],
        "delivery_method": "leave_at_door"
      },
      {
        "id": 13,
        "duration_s": 642.4229999999443,
        "time_limit_s": 758.485097177335,
        "deadline_slack_s": 116.06209717739068,
        "is_overdue": false,
        "temp_ok_all": false,
        "odor_ok_all": true,
        "damage_ok_all": true,
        "pick_score": 4.4074074074074066,
        "stars": {
          "overall": 5,
          "time": 5,
          "food": 4,
          "method": 5
        },
        "earnings": 9.485420578421806,
        "bonus_extra": 3.0,
        "paid_total": 12.485420578421806,
        "pickup": "12th road (left)",
        "dropoff": "1st road (left)",
        "allowed_delivery_methods": [],
        "delivery_method": "leave_at_door"
      },
      {
        "id": 4,
        "duration_s": 800.7209999999104,
        "time_limit_s": 1026.0690752167993,
        "deadline_slack_s": 225.3480752168889,
        "is_overdue": false,
        "temp_ok_all": false,
        "odor_ok_all": true,
        "damage_ok_all": true,
        "pick_score": 3.5185185185185186,
        "stars": {
          "overall": 4,
          "time": 5,
          "food": 3,
          "method": 5
        },
        "earnings": 9.106439202899997,