{
  "meta": {
    "agent_id": "3",
    "model": "qwen/qwen2.5-vl-72b-instruct",
    "lifecycle_hours": 2.0,
    "started_sim_s": 52.125,
    "ended_sim_s": 12666.563999999984,
    "active_elapsed_s": 7200.141000000149,
    "active_hours": 2.000039166666708,
    "wall_finished_ts": 1758410416.4553967
  },
  "money": {
    "totals": {
      "initial_earnings": 100.0,
      "current_balance": 127.97992197016646,
      "net_growth": 27.97992197016646,
      "orders_income": 57.6127219701662,
      "help_income": 0.0,
      "expense_total": 29.632800000000152,
      "base_wage": 45.6127219701662,
      "bonus": 12.0,
      "help_expense": 0.0,
      "expense_breakdown": {
        "purchases": 0.0,
        "charging": 14.632800000000152,
        "rental": 0.0,
        "hospital": 15.0,
        "help_expense": 0.0
      },
      "advances": {
        "out": 0.0,
        "returned": 0.0,
        "net": 0.0
      },
      "observed_agent_balance_end": 127.97992197016646
    },
    "per_hour": {
      "net_growth": 13.98996098508323,
      "orders_income": 28.8063609850831,
      "help_income": 0.0,
      "expense_total": 14.816400000000076,
      "base_wage": 22.8063609850831,
      "bonus": 6.0,
      "initial_earnings": 50.0,
      "current_balance": 63.98996098508323,
      "help_expense": 0.0,
      "observed_agent_balance_end": 63.98996098508323
    },
    "details": {
      "purchases": [],
      "charging": [
        {
          "ts_sim": 12666.563999999984,
          "which": "own",
          "req_id": null,
          "delta_pct": 292.6560000000027,
          "cost": 14.632800000000152,
          "start_ts": 2240.625,
          "end_ts": 12666.563999999984,
          "reason": "lifecycle_end",
          "aggregated": true,
          "target_pct": null
        }
      ],
      "rental": [],
      "hospital": [
        {
          "ts_sim": 3241.734000000026,
          "fee": 5.0
        },
        {
          "ts_sim": 9048.84600000002,
          "fee": 5.0
        },
        {
          "ts_sim": 12602.625,
          "fee": 5.0
        }
      ],
      "help_income": [],
      "help_expense": [],
      "advance_out": [],
      "advance_return": []
    }
  },
  "orders": {
    "completed_count": 6,
    "timeout_count": 2,
    "avg_stars": 4.333333333333333,
    "avg_food_stars": 4.0,
    "temp_ok_rate": 0.0,
    "odor_ok_rate": 1.0,
    "damage_ok_rate": 1.0,
    "method_success_rate": 1.0,
    "total_active_time_s": 5266.50300000023,
    "avg_time_per_order_s": 877.7505000000383,
    "details": [
      {
        "id": 5,
        "duration_s": 988.4039999999804,
        "on_time": true,
        "temp_ok_all": false,
        "odor_ok_all": true,
        "damage_ok_all": true,
        "stars": {
          "overall": 5,
          "time": 5,
          "food": 4,
          "method": 5
        },
        "earnings": 11.340638824586994,
        "bonus_extra": 3.0,
        "paid_total": 14.340638824586994,
        "pickup": "24th road (right)",
        "dropoff": "21st road (left)",
        "allowed_delivery_methods": [],
        "delivery_method": "leave_at_door"
      },
      {
        "id": 17,
        "duration_s": 1413.4710000001069,
        "on_time": false,
        "temp_ok_all": false,
        "odor_ok_all": true,
        "damage_ok_all": true,
        "stars": {
          "overall": 3,
          "time": 1,
          "food": 4,
          "method": 5
        },
        "earnings": 8.113644409771387,
        "bonus_extra": 0.0,
        "paid_total": 8.113644409771387,
        "pickup": "28th road (right)",
        "dropoff": "8th road (right)",
        "allowed_delivery_methods": [],
        "delivery_method": "leave_at_door"
      },
      {
        "id": 21,
        "duration_s": 285.8880000000936,
        "on_time": true,
        "temp_ok_all": false,
        "odor_ok_all": true,
        "damage_ok_all": true,
        "stars": {
          "overall": 5,
          "time": 5,
          "food": 4,
          "method": 5
        },
        "earnings": 5.4763056351650645,
        "bonus_extra": 3.0,
        "paid_total": 8.476305635165065,
        "pickup": "24th road (right)",
        "dropoff": "4th road (right)",
        "allowed_delivery_methods": [
          "knock",
          "hand_to_customer"
        ],
        "delivery_method": "knock"
      },
      {
        "id": 23,
        "duration_s": 838.125,
        "on_time": true,
        "temp_ok_all": false,
        "odor_ok_all": true,
        "damage_ok_all": true,
        "stars": {
          "overall": 5,
          "time": 5,
          "food": 4,
          "method": 5
        },
        "earnings": 13.138341897502716,
        "bonus_extra": 3.0,
        "paid_total": 16.138341897502716,
        "pickup": "28th road (right)",
        "dropoff": "8th road (right)",
        "allowed_delivery_methods": [],
        "delivery_method": "leave_at_door"
      },
      {
        "id": 32,
        "duration_s": 1536.7050000000454,
        "on_time": false,
        "temp_ok_all": false,
        "odor_ok_all": true,
        "damage_ok_all": true,
        "stars": {
          "overall": 3,
          "time": 1,
          "food": 4,
          "method": 5
        },
        "earnings": 2.735953273758482,
        "bonus_extra": 0.0,
        "paid_total": 2.735953273758482,
        "pickup": "28th road (right)",
        "dropoff": "10th road (right)",
        "allowed_delivery_methods": [],
        "delivery_method": "leave_at_door"
      },
      {
        "id": 35,
        "duration_s": 203.9100000000035,
        "on_time": true,
        "temp_ok_all": false,
        "odor_ok_all": true,
        "damage_ok_all": true,
        "stars": {
          "overall": 5,
          "time": 5,
          "food": 4,
          "method": 5
        },
        "earnings": 4.807837929381556,
        "bonus_extra": 3.0,
        "paid_total": 7.807837929381556,
        "pickup": "1st road (left)",
        "dropoff": "13th road (left)",
        "allowed_delivery_methods": [],
        "delivery_method": "leave_at_door"
      }
    ]
  },
  "activity": {
    "active_time_ratio": 0.73144442588001,
    "orders_per_hour": 3.0,
    "avg_order_time_s": 877.7505000000383,
    "mode_time_s": {
      "e-scooter": 4705.12800000023,
      "drag_scooter": 895.1700000000419,
      "walk": 1599.842999999877
    },
    "mode_time_ratio": {
      "e-scooter": 0.6534772027381315,
      "drag_scooter": 0.12432673193483619,
      "walk": 0.22219606532703234
    }
  },
  "interruptions": {
    "scooter_depleted": 3,
    "hospital_rescue": 3,
    "rent_insufficient": 0,
    "charge_insufficient": 0
  },
  "social": {
    "help_posted": 0,
    "help_accepted": 0,
    "help_given": 0,
    "help_received": 0
  },
  "capability_buckets": {
    "high_level_planning": {
      "active_time_ratio": 0.73144442588001,
      "orders_per_hour": 2.999941251150436,
      "avg_order_time_s": 877.7505000000383,
      "scooter_depleted_events": 3,
      "hospital_rescue_times": 3,
      "rent_insufficient_times": 0,
      "charge_insufficient_times": 0
    },
    "common_sense_reasoning": {
      "temp_ok_rate": 0.0,
      "odor_ok_rate": 1.0,
      "damage_ok_rate": 1.0,
      "method_success_rate": 1.0
    },
    "social_reasoning": {
      "help_posted": 0,
      "help_accepted": 0,
      "help_given": 0,
      "help_received": 0,
      "say": 0
    }
  },
  "actions": {
    "view_orders": {
      "attempts": 7,
      "successes": 7,
      "success_rate": 1.0
    },
    "accept_order": {
      "attempts": 7,
      "successes": 6,
      "success_rate": 0.8571428571428571
    },
    "move_to": {
      "attempts": 33,
      "successes": 26,
      "success_rate": 0.7878787878787878
    },
    "pickup": {
      "attempts": 7,
      "successes": 7,
      "success_rate": 1.0
    },
    "place_food_in_bag": {
      "attempts": 7,
      "successes": 7,
      "success_rate": 1.0
    },
    "drop_off": {
      "attempts": 11,
      "successes": 6,