{
  "meta": {
    "agent_id": "7",
    "model": "google/gemini-2.5-flash",
    "lifecycle_hours": 2.0,
    "started_sim_s": 18.233999999938533,
    "ended_sim_s": 11370.185999999929,
    "active_elapsed_s": 7255.959000000497,
    "active_hours": 2.015544166666805,
    "wall_finished_ts": 1758662607.610191
  },
  "money": {
    "totals": {
      "initial_earnings": 100.0,
      "current_balance": 129.86595252337787,
      "net_growth": 29.86595252337787,
      "orders_income": 54.82008345396568,
      "help_income": 0.0,
      "expense_total": 24.954130930587745,
      "base_wage": 42.82008345396568,
      "bonus": 12.0,
      "help_expense": 0.0,
      "expense_breakdown": {
        "purchases": 6.0,
        "charging": 3.954130930587745,
        "rental": 0.0,
        "hospital": 15.0,
        "help_expense": 0.0
      },
      "advances": {
        "out": 0.0,
        "returned": 0.0,
        "net": 0.0
      },
      "observed_agent_balance_end": 129.86595252337787
    },
    "per_hour": {
      "net_growth": 14.817810999780036,
      "orders_income": 27.198651540652712,
      "help_income": 0.0,
      "expense_total": 12.380840540872642,
      "base_wage": 21.24492440410232,
      "bonus": 5.95372713655039,
      "initial_earnings": 49.614392804586586,
      "current_balance": 64.43220380436662,
      "help_expense": 0.0,
      "observed_agent_balance_end": 64.43220380436662
    },
    "details": {
      "purchases": [
        {
          "ts_sim": 9763.169999999867,
          "items": "1 x energy_drink",
          "cost": 6.0
        }
      ],
      "charging": [
        {
          "ts_sim": 3213.140999999887,
          "which": "own",
          "req_id": null,
          "delta_pct": 79.08261861175491,
          "cost": 3.954130930587745,
          "start_ts": 2708.6699999998673,
          "end_ts": 3213.140999999887,
          "reason": "finished",
          "aggregated": true,
          "target_pct": 100.0
        }
      ],
      "rental": [],
      "hospital": [
        {
          "ts_sim": 3379.217999999877,
          "fee": 5.0
        },
        {
          "ts_sim": 6951.515999999887,
          "fee": 5.0
        },
        {
          "ts_sim": 10687.640999999887,
          "fee": 5.0
        }
      ],
      "help_income": [],
      "help_expense": [],
      "advance_out": [],
      "advance_return": []
    }
  },
  "orders": {
    "completed_count": 11,
    "timeout_count": 8,
    "avg_stars": 3.727272727272727,
    "avg_food_stars": 4.2727272727272725,
    "temp_ok_rate": 0.36363636363636365,
    "odor_ok_rate": 1.0,
    "damage_ok_rate": 1.0,
    "method_success_rate": 1.0,
    "total_active_time_s": 7960.164000000805,
    "avg_time_per_order_s": 723.6512727273458,
    "details": [
      {
        "id": 8,
        "duration_s": 305.487000000081,
        "on_time": false,
        "temp_ok_all": false,
        "odor_ok_all": true,
        "damage_ok_all": true,
        "stars": {
          "overall": 3,
          "time": 1,
          "food": 4,
          "method": 5
        },
        "earnings": 0.7113103278632676,
        "bonus_extra": 0.0,
        "paid_total": 0.7113103278632676,
        "pickup": "14th road (right)",
        "dropoff": "9th road (right)",
        "allowed_delivery_methods": [],
        "delivery_method": "leave_at_door"
      },
      {
        "id": 9,
        "duration_s": 454.5450000000419,
        "on_time": false,
        "temp_ok_all": false,
        "odor_ok_all": true,
        "damage_ok_all": true,
        "stars": {
          "overall": 3,
          "time": 1,
          "food": 4,
          "method": 5
        },
        "earnings": 0.593070041105191,
        "bonus_extra": 0.0,
        "paid_total": 0.593070041105191,
        "pickup": "14th road (right)",
        "dropoff": "15th road (left)",
        "allowed_delivery_methods": [],
        "delivery_method": "leave_at_door"
      },
      {
        "id": 5,
        "duration_s": 492.4200000000419,
        "on_time": false,
        "temp_ok_all": false,
        "odor_ok_all": true,
        "damage_ok_all": true,
        "stars": {
          "overall": 3,
          "time": 1,
          "food": 4,
          "method": 5
        },
        "earnings": 1.1692766140583166,
        "bonus_extra": 0.0,
        "paid_total": 1.1692766140583166,
        "pickup": "14th road (right)",
        "dropoff": "15th road (right)",
        "allowed_delivery_methods": [],
        "delivery_method": "leave_at_door"
      },
      {
        "id": 23,
        "duration_s": 269.8560000001453,
        "on_time": true,
        "temp_ok_all": true,
        "odor_ok_all": true,
        "damage_ok_all": true,
        "stars": {
          "overall": 5,
          "time": 5,
          "food": 5,
          "method": 5
        },
        "earnings": 7.834277747896982,
        "bonus_extra": 3.0,
        "paid_total": 10.834277747896982,
        "pickup": "14th road (right)",
        "dropoff": "4th road (right)",
        "allowed_delivery_methods": [],
        "delivery_method": "leave_at_door"
      },
      {
        "id": 17,
        "duration_s": 2245.2150000002584,
        "on_time": false,
        "temp_ok_all": false,
        "odor_ok_all": true,
        "damage_ok_all": true,
        "stars": {
          "overall": 3,
          "time": 1,
          "food": 4,
          "method": 5
        },
        "earnings": 7.116256325569518,
        "bonus_extra": 0.0,
        "paid_total": 7.116256325569518,
        "pickup": "14th road (right)",
        "dropoff": "17th road (left)",
        "allowed_delivery_methods": [],
        "delivery_method": "leave_at_door"
      },
      {
        "id": 40,
        "duration_s": 518.4839999999385,
        "on_time": true,
        "temp_ok_all": false,
        "odor_ok_all": true,
        "damage_ok_all": true,
        "stars": {
          "overall": 5,
          "time": 5,
          "food": 4,
          "method": 5
        },
        "earnings": 8.559919814990426,
        "bonus_extra": 3.0,
        "paid_total": 11.559919814990426,
        "pickup": "11th road (left)",
        "dropoff": "14th road (left)",
        "allowed_delivery_methods": [
          "knock"
        ],
        "delivery_method": "knock"
      },
      {
        "id": 31,
        "duration_s": 291.2850000000908,
        "on_time": true,
        "temp_ok_all": true,
        "odor_ok_all": true,
        "damage_ok_all": true,
        "stars": {
          "overall": 5,
          "time": 5,
          "food": 5,
          "method": 5
        },
        "earnings": 8.039192473107313,
        "bonus_extra": 3.0,
        "paid_total": 11.039192473107313,
        "pickup": "14th road (right)",
        "dropoff": "13th road (right)",
        "allowed_delivery_methods": [],
        "delivery_method": "leave_at_door"
      },
      {
        "id": 46,
        "duration_s": 450.65700000012293,
        "on_time": false,
        "temp_ok_all": true,
        "odor_ok_all": true,
        "damage_ok_all": true,
        "stars": {
          "overall": 4,
          "time": 1,
          "food": 5,
          "method": 5
        },
        "earnings": 0.4476308554978461,
        "bonus_extra": 1.5,
        "paid_total": 1.947630855497846,
        "pickup": "14th road (right)",
        "dropoff": "14th road (right)",
        "allowed_delivery_methods": [],
        "delivery_method": "leave_at_door"
      },
      {
        "id": 26,
        "duration_s": 1895.3010000001523,
        "on_time": false,
        "temp_ok_all": true,
        "odor_ok_all": true,
        "damage_ok_all": true,
        "stars": {
          "overall": 3,
          "time": 1,
          "food": 4,
          "method": 5
        },
        "earnings": 2.034130989652285,
        "bonus_extra": 0.0,
        "paid_total": 2.034130989652285,
        "pickup": "14th road (right)",
        "dropoff": "7th road (right)",
        "allowed_delivery_methods": [],