{
  "meta": {
    "agent_id": "6",
    "model": "qwen/qwen2.5-vl-32b-instruct",
    "lifecycle_hours": 2.0,
    "started_sim_s": 70.875,
    "ended_sim_s": 19346.907,
    "active_elapsed_s": 4599.744000000015,
    "active_hours": 1.2777066666666708,
    "wall_finished_ts": 1759905437.5321972
  },
  "money": {
    "totals": {
      "initial_earnings": 100.0,
      "current_balance": 103.00379114836456,
      "net_growth": 3.003791148364556,
      "orders_income": 13.006916148364557,
      "help_income": 0.0,
      "expense_total": 10.003125000000006,
      "base_wage": 11.506916148364557,
      "bonus": 1.5,
      "help_expense": 0.0,
      "expense_breakdown": {
        "purchases": 0.0,
        "charging": 10.003125000000006,
        "rental": 0.0,
        "hospital": 0.0,
        "help_expense": 0.0
      },
      "advances": {
        "out": 0.0,
        "returned": 0.0,
        "net": 0.0
      },
      "observed_agent_balance_end": 103.00379114836456
    },
    "per_hour": {
      "net_growth": 2.350923906659233,
      "orders_income": 10.179892214460686,
      "help_income": 0.0,
      "expense_total": 7.828968307801457,
      "base_wage": 9.005913836533571,
      "bonus": 1.1739783779271156,
      "initial_earnings": 78.26522519514104,
      "current_balance": 80.61614910180027,
      "help_expense": 0.0,
      "observed_agent_balance_end": 80.61614910180027
    },
    "details": {
      "purchases": [],
      "charging": [
        {
          "ts_sim": 19346.907,
          "which": "own",
          "req_id": null,
          "delta_pct": 200.0625000000001,
          "cost": 10.003125000000006,
          "start_ts": 2142.3269999999957,
          "end_ts": 19346.907,
          "reason": "lifecycle_end",
          "aggregated": true,
          "target_pct": null
        }
      ],
      "rental": [],
      "hospital": [],
      "help_income": [],
      "help_expense": [],
      "advance_out": [],
      "advance_return": []
    }
  },
  "energy": {
    "personal_consumed_pct": 47.569780229222076,
    "scooter_batt_consumed_pct": 88.07723031537955,
    "personal_remaining_pct": 52.430219770777924,
    "scooter_remaining_pct": 73.05022500357394
  },
  "orders": {
    "completed_count": 6,
    "timeout_count": 6,
    "ontime_rate": 0.0,
    "avg_stars": 3.1666666666666665,
    "avg_food_stars": 3.8333333333333335,
    "temp_ok_rate": 0.16666666666666666,
    "odor_ok_rate": 0.8333333333333334,
    "damage_ok_rate": 1.0,
    "method_success_rate": 1.0,
    "total_active_time_s": 4927.356000000031,
    "avg_time_per_order_s": 821.2260000000051,
    "open_count": 1,
    "open_overdue_count": 0,
    "open_not_due_count": 1,
    "completed_order_details": [
      {
        "id": 0,
        "duration_s": 553.9230000000043,
        "time_limit_s": 103.75305195068216,
        "deadline_slack_s": -450.16994804932216,
        "is_overdue": true,
        "temp_ok_all": false,
        "odor_ok_all": true,
        "damage_ok_all": true,
        "pick_score": 2.481481481481482,
        "stars": {
          "overall": 3,
          "time": 1,
          "food": 4,
          "method": 5
        },
        "earnings": 0.6485143229380047,
        "bonus_extra": 0.0,
        "paid_total": 0.6485143229380047,
        "pickup": "14th road (right)",
        "dropoff": "14th road (right)",
        "allowed_delivery_methods": [],
        "delivery_method": "leave_at_door"
      },
      {
        "id": 2,
        "duration_s": 605.4360000000052,
        "time_limit_s": 234.0519317714048,
        "deadline_slack_s": -371.3840682286003,
        "is_overdue": true,
        "temp_ok_all": false,
        "odor_ok_all": true,
        "damage_ok_all": true,
        "pick_score": 4.2592592592592595,
        "stars": {
          "overall": 3,
          "time": 1,
          "food": 3,
          "method": 5
        },
        "earnings": 1.371782840961786,
        "bonus_extra": 0.0,
        "paid_total": 1.371782840961786,
        "pickup": "14th road (right)",
        "dropoff": "15th road (right)",
        "allowed_delivery_methods": [
          "leave_at_door",
          "knock"
        ],
        "delivery_method": "leave_at_door"
      },
      {
        "id": 3,
        "duration_s": 1487.8620000000046,
        "time_limit_s": 871.3414169332948,
        "deadline_slack_s": -616.5205830667098,
        "is_overdue": true,
        "temp_ok_all": false,
        "odor_ok_all": false,
        "damage_ok_all": true,
        "pick_score": 3.2222222222222223,
        "stars": {
          "overall": 3,
          "time": 1,
          "food": 3,
          "method": 5
        },
        "earnings": 7.214417872576257,
        "bonus_extra": 0.0,
        "paid_total": 7.214417872576257,
        "pickup": "11th road (left)",
        "dropoff": "4th road (right)",
        "allowed_delivery_methods": [],
        "delivery_method": "leave_at_door"
      },
      {
        "id": 4,
        "duration_s": 943.5480000000098,
        "time_limit_s": 57.42043172865377,
        "deadline_slack_s": -886.127568271356,
        "is_overdue": true,
        "temp_ok_all": false,
        "odor_ok_all": true,
        "damage_ok_all": true,
        "pick_score": 2.481481481481482,
        "stars": {
          "overall": 3,
          "time": 1,
          "food": 4,
          "method": 5
        },
        "earnings": 0.3125629883138048,
        "bonus_extra": 0.0,
        "paid_total": 0.3125629883138048,
        "pickup": "8th road (right)",
        "dropoff": "8th road (right)",
        "allowed_delivery_methods": [],
        "delivery_method": "leave_at_door"
      },
      {
        "id": 5,
        "duration_s": 932.4330000000045,
        "time_limit_s": 429.6730841664858,
        "deadline_slack_s": -502.75991583351873,
        "is_overdue": true,
        "temp_ok_all": false,
        "odor_ok_all": true,
        "damage_ok_all": true,
        "pick_score": 2.6296296296296298,
        "stars": {
          "overall": 3,
          "time": 1,
          "food": 4,
          "method": 5
        },
        "earnings": 1.60792658764222,
        "bonus_extra": 0.0,
        "paid_total": 1.60792658764222,
        "pickup": "5th road (left)",
        "dropoff": "12th road (left)",
        "allowed_delivery_methods": [],
        "delivery_method": "leave_at_door"
      },
      {
        "id": 14,
        "duration_s": 404.15400000000227,
        "time_limit_s": 91.43323374026367,
        "deadline_slack_s": -312.7207662597386,
        "is_overdue": true,
        "temp_ok_all": true,
        "odor_ok_all": true,
        "damage_ok_all": true,
        "pick_score": 3.5185185185185186,
        "stars": {
          "overall": 4,
          "time": 1,
          "food": 5,
          "method": 5
        },
        "earnings": 0.351711535932485,
        "bonus_extra": 1.5,
        "paid_total": 1.851711535932485,
        "pickup": "12th road (right)",
        "dropoff": "12th road (left)",
        "allowed_delivery_methods": [],
        "delivery_method": "leave_at_door"
      }
    ],
    "open_order_details": [
      {
        "id": 7,
        "elapsed_s": 174.37499999999454,
        "time_limit_s": 1600.0995997029852,
        "deadline_slack_s": 1425.7245997029906,
        "is_overdue": false,
        "pick_score": 2.481481481481482,
        "pickup": "12th road (right)",
        "dropoff": "17th road (left)",
        "earnings": 19.73466708822826,
        "allowed_delivery_methods": [
          "leave_at_door",
          "knock"
        ]
      }
    ]
  },
  "activity": {
    "effective_time_ratio": 0.6124063078682744,
    "inactive_time_s_breakdown": {
      "wait": 1782.8317598207577
    },
    "inactive_total_time_s": 1782.8317598207577,
    "orders_per_hour": 4.695913511708462,
    "avg_order_time_s": 821.2260000000051,
    "mode_time_s": {
      "e-scooter": 3177.606000000009,
      "walk": 1422.1380000000063
    },
    "mode_time_ratio": {
      "e-scooter": 0.6908223588095334,