{
  "meta": {
    "agent_id": "1",
    "model": "openai/gpt-5",
    "lifecycle_hours": 2.0,
    "started_sim_s": 76.03199999999998,
    "ended_sim_s": 12081.516,
    "active_elapsed_s": 7200.0869999999995,
    "active_hours": 2.0000241666666665,
    "wall_finished_ts": 1760295904.469553
  },
  "money": {
    "totals": {
      "initial_earnings": 100.0,
      "current_balance": 102.69517158416862,
      "net_growth": 2.6951715841686195,
      "orders_income": 23.695171584168623,
      "help_income": 0.0,
      "expense_total": 21.0,
      "base_wage": 19.195171584168623,
      "bonus": 4.5,
      "help_expense": 0.0,
      "expense_breakdown": {
        "purchases": 6.0,
        "charging": 0.0,
        "rental": 0.0,
        "hospital": 15.0,
        "help_expense": 0.0
      },
      "advances": {
        "out": 0.0,
        "returned": 0.0,
        "net": 0.0
      },
      "observed_agent_balance_end": 102.69517158416862
    },
    "per_hour": {
      "net_growth": 1.3475695089527433,
      "orders_income": 11.8474426354858,
      "help_income": 0.0,
      "expense_total": 10.499873126533055,
      "base_wage": 9.597469822657288,
      "bonus": 2.2499728128285117,
      "initial_earnings": 49.999395840633596,
      "current_balance": 51.34696534958634,
      "help_expense": 0.0,
      "observed_agent_balance_end": 51.34696534958634
    },
    "details": {
      "purchases": [
        {
          "ts_sim": 10415.532,
          "items": "1 x energy_drink",
          "cost": 6.0
        }
      ],
      "charging": [],
      "rental": [],
      "hospital": [
        {
          "ts_sim": 4556.625,
          "fee": 5.0
        },
        {
          "ts_sim": 6804.564,
          "fee": 5.0
        },
        {
          "ts_sim": 11183.157,
          "fee": 5.0
        }
      ],
      "help_income": [],
      "help_expense": [],
      "advance_out": [],
      "advance_return": []
    }
  },
  "energy": {
    "personal_consumed_pct": 390.0118895320767,
    "scooter_batt_consumed_pct": 24.60214613316067,
    "personal_remaining_pct": 0.0,
    "scooter_remaining_pct": 0.0
  },
  "orders": {
    "completed_count": 8,
    "timeout_count": 8,
    "ontime_rate": 0.0,
    "avg_stars": 3.375,
    "avg_food_stars": 3.75,
    "temp_ok_rate": 0.25,
    "odor_ok_rate": 0.75,
    "damage_ok_rate": 1.0,
    "method_success_rate": 1.0,
    "total_active_time_s": 7518.042000000001,
    "avg_time_per_order_s": 939.7552500000002,
    "open_count": 0,
    "open_overdue_count": 0,
    "open_not_due_count": 0,
    "completed_order_details": [
      {
        "id": 7,
        "duration_s": 588.9389999999999,
        "time_limit_s": 575.0356293886648,
        "deadline_slack_s": -13.903370611335049,
        "is_overdue": true,
        "temp_ok_all": true,
        "odor_ok_all": true,
        "damage_ok_all": true,
        "pick_score": 3.0740740740740744,
        "stars": {
          "overall": 5,
          "time": 4,
          "food": 5,
          "method": 5
        },
        "earnings": 7.092143959014539,
        "bonus_extra": 3.0,
        "paid_total": 10.092143959014539,
        "pickup": "14th road (left)",
        "dropoff": "17th road (right)",
        "allowed_delivery_methods": [
          "leave_at_door",
          "knock"
        ],
        "delivery_method": "leave_at_door"
      },
      {
        "id": 8,
        "duration_s": 1002.6570000000004,
        "time_limit_s": 472.50271617885176,
        "deadline_slack_s": -530.1542838211486,
        "is_overdue": true,
        "temp_ok_all": false,
        "odor_ok_all": true,
        "damage_ok_all": true,
        "pick_score": 3.814814814814815,
        "stars": {
          "overall": 3,
          "time": 1,
          "food": 4,
          "method": 5
        },
        "earnings": 1.679409990155643,
        "bonus_extra": 0.0,
        "paid_total": 1.679409990155643,
        "pickup": "14th road (left)",
        "dropoff": "5th road (right)",
        "allowed_delivery_methods": [
          "knock"
        ],
        "delivery_method": "knock"
      },
      {
        "id": 6,
        "duration_s": 469.91999999999916,
        "time_limit_s": 248.49359538550632,
        "deadline_slack_s": -221.42640461449284,
        "is_overdue": true,
        "temp_ok_all": false,
        "odor_ok_all": true,
        "damage_ok_all": true,
        "pick_score": 4.851851851851851,
        "stars": {
          "overall": 3,
          "time": 1,
          "food": 3,
          "method": 5
        },
        "earnings": 1.3416443612486448,
        "bonus_extra": 0.0,
        "paid_total": 1.3416443612486448,
        "pickup": "4th road (left)",
        "dropoff": "5th road (left)",
        "allowed_delivery_methods": [
          "leave_at_door"
        ],
        "delivery_method": "leave_at_door"
      },
      {
        "id": 5,
        "duration_s": 1692.3720000000008,
        "time_limit_s": 373.38429701877266,
        "deadline_slack_s": -1318.987702981228,
        "is_overdue": true,
        "temp_ok_all": true,
        "odor_ok_all": true,
        "damage_ok_all": true,
        "pick_score": 3.5185185185185186,
        "stars": {
          "overall": 3,
          "time": 1,
          "food": 4,
          "method": 5
        },
        "earnings": 1.3972821680213892,
        "bonus_extra": 0.0,
        "paid_total": 1.3972821680213892,
        "pickup": "4th road (left)",
        "dropoff": "11th road (left)",
        "allowed_delivery_methods": [],
        "delivery_method": "leave_at_door"
      },
      {
        "id": 11,
        "duration_s": 1601.4839999999995,
        "time_limit_s": 354.51750579146494,
        "deadline_slack_s": -1246.9664942085346,
        "is_overdue": true,
        "temp_ok_all": false,
        "odor_ok_all": true,
        "damage_ok_all": true,
        "pick_score": 3.0740740740740744,
        "stars": {
          "overall": 3,
          "time": 1,
          "food": 4,
          "method": 5
        },
        "earnings": 2.4112167106422406,
        "bonus_extra": 0.0,
        "paid_total": 2.4112167106422406,
        "pickup": "4th road (left)",
        "dropoff": "22nd road (right)",
        "allowed_delivery_methods": [],
        "delivery_method": "leave_at_door"
      },
      {
        "id": 14,
        "duration_s": 491.5799999999999,
        "time_limit_s": 281.493945331368,
        "deadline_slack_s": -210.0860546686319,
        "is_overdue": true,
        "temp_ok_all": false,
        "odor_ok_all": false,
        "damage_ok_all": true,
        "pick_score": 3.6666666666666665,
        "stars": {
          "overall": 3,
          "time": 1,
          "food": 3,
          "method": 5
        },
        "earnings": 1.2400992355808644,
        "bonus_extra": 0.0,
        "paid_total": 1.2400992355808644,
        "pickup": "14th road (left)",
        "dropoff": "12th road (right)",
        "allowed_delivery_methods": [],
        "delivery_method": "leave_at_door"
      },
      {
        "id": 9,
        "duration_s": 634.0770000000011,
        "time_limit_s": 448.36387075922215,
        "deadline_slack_s": -185.71312924077898,
        "is_overdue": true,
        "temp_ok_all": false,
        "odor_ok_all": false,
        "damage_ok_all": true,
        "pick_score": 2.481481481481482,
        "stars": {
          "overall": 4,
          "time": 2,
          "food": 4,
          "method": 5
        },
        "earnings": 2.6309299283891114,
        "bonus_extra": 1.5,
        "paid_total": 4.130929928389111,
        "pickup": "19th road (left)",
        "dropoff": "20th road (right)",
        "allowed_delivery_methods": [
          "leave_at_door",
          "knock"
        ],
        "delivery_method": "leave_at_door"
      },
      {
        "id": 3,
        "duration_s": 1037.0130000000008,
        "time_limit_s": 311.88927582109994,
        "deadline_slack_s": -725.1237241789008,
        "is_overdue": true,
        "temp_ok_all": false,
        "odor_ok_all": true,