{
  "meta": {
    "agent_id": "7",
    "model": "qwen/qwen2.5-vl-72b-instruct",
    "lifecycle_hours": 2.0,
    "started_sim_s": 45.375,
    "ended_sim_s": 10364.67300000001,
    "active_elapsed_s": 7201.830000000133,
    "active_hours": 2.00050833333337,
    "wall_finished_ts": 1758394481.665426
  },
  "money": {
    "totals": {
      "initial_earnings": 100.0,
      "current_balance": 111.31344285609362,
      "net_growth": 11.313442856093616,
      "orders_income": 31.3134428560936,
      "help_income": 0.0,
      "expense_total": 20.0,
      "base_wage": 23.8134428560936,
      "bonus": 7.5,
      "help_expense": 0.0,
      "expense_breakdown": {
        "purchases": 0.0,
        "charging": 0.0,
        "rental": 0.0,
        "hospital": 20.0,
        "help_expense": 0.0
      },
      "advances": {
        "out": 0.0,
        "returned": 0.0,
        "net": 0.0
      },
      "observed_agent_balance_end": 111.31344285609362
    },
    "per_hour": {
      "net_growth": 5.655284043352352,
      "orders_income": 15.652743022528286,
      "help_income": 0.0,
      "expense_total": 9.997458979175942,
      "base_wage": 11.903695905337308,
      "bonus": 3.7490471171909783,
      "initial_earnings": 49.98729489587971,
      "current_balance": 55.64257893923206,
      "help_expense": 0.0,
      "observed_agent_balance_end": 55.64257893923206
    },
    "details": {
      "purchases": [],
      "charging": [],
      "rental": [],
      "hospital": [
        {
          "ts_sim": 4295.438999999984,
          "fee": 5.0
        },
        {
          "ts_sim": 6117.04800000001,
          "fee": 5.0
        },
        {
          "ts_sim": 8064.515999999974,
          "fee": 5.0
        },
        {
          "ts_sim": 9835.313999999984,
          "fee": 5.0
        }
      ],
      "help_income": [],
      "help_expense": [],
      "advance_out": [],
      "advance_return": []
    }
  },
  "orders": {
    "completed_count": 4,
    "timeout_count": 2,
    "avg_stars": 4.25,
    "avg_food_stars": 4.0,
    "temp_ok_rate": 0.0,
    "odor_ok_rate": 0.75,
    "damage_ok_rate": 1.0,
    "method_success_rate": 1.0,
    "total_active_time_s": 5050.548000000097,
    "avg_time_per_order_s": 1262.6370000000243,
    "details": [
      {
        "id": 9,
        "duration_s": 471.6150000000489,
        "on_time": false,
        "temp_ok_all": false,
        "odor_ok_all": true,
        "damage_ok_all": true,
        "stars": {
          "overall": 4,
          "time": 2,
          "food": 4,
          "method": 5
        },
        "earnings": 1.7845386647535089,
        "bonus_extra": 1.5,
        "paid_total": 3.2845386647535086,
        "pickup": "5th road (right)",
        "dropoff": "1st road (left)",
        "allowed_delivery_methods": [],
        "delivery_method": "leave_at_door"
      },
      {
        "id": 16,
        "duration_s": 550.8240000001097,
        "on_time": true,
        "temp_ok_all": false,
        "odor_ok_all": true,
        "damage_ok_all": true,
        "stars": {
          "overall": 5,
          "time": 5,
          "food": 4,
          "method": 5
        },
        "earnings": 8.873302278290847,
        "bonus_extra": 3.0,
        "paid_total": 11.873302278290847,
        "pickup": "1st road (left)",
        "dropoff": "24th road (left)",
        "allowed_delivery_methods": [],
        "delivery_method": "leave_at_door"
      },
      {
        "id": 7,
        "duration_s": 702.9839999999385,
        "on_time": true,
        "temp_ok_all": false,
        "odor_ok_all": false,
        "damage_ok_all": true,
        "stars": {
          "overall": 5,
          "time": 5,
          "food": 4,
          "method": 5
        },
        "earnings": 9.97550625984158,
        "bonus_extra": 3.0,
        "paid_total": 12.97550625984158,
        "pickup": "7th road (left)",
        "dropoff": "8th road (right)",
        "allowed_delivery_methods": [],
        "delivery_method": "leave_at_door"
      },
      {
        "id": 15,
        "duration_s": 3325.125,
        "on_time": false,
        "temp_ok_all": false,
        "odor_ok_all": true,
        "damage_ok_all": true,
        "stars": {
          "overall": 3,
          "time": 1,
          "food": 4,
          "method": 5
        },
        "earnings": 3.1800956532076654,
        "bonus_extra": 0.0,
        "paid_total": 3.1800956532076654,
        "pickup": "10th road (left)",
        "dropoff": "8th road (right)",
        "allowed_delivery_methods": [],
        "delivery_method": "leave_at_door"
      }
    ]
  },
  "activity": {
    "active_time_ratio": 0.7012867562827787,
    "orders_per_hour": 1.9994917958351883,
    "avg_order_time_s": 1262.6370000000243,
    "mode_time_s": {
      "e-scooter": 1471.737000000081,
      "drag_scooter": 1433.9070000000356,
      "walk": 4296.186000000016
    },
    "mode_time_ratio": {
      "e-scooter": 0.2043559761893927,
      "drag_scooter": 0.19910314461741102,
      "walk": 0.5965408791931963
    }
  },
  "interruptions": {
    "scooter_depleted": 1,
    "hospital_rescue": 4,
    "rent_insufficient": 0,
    "charge_insufficient": 0
  },
  "social": {
    "help_posted": 0,
    "help_accepted": 0,
    "help_given": 0,
    "help_received": 0
  },
  "capability_buckets": {
    "high_level_planning": {
      "active_time_ratio": 0.7012867562827787,
      "orders_per_hour": 1.9994917958351883,
      "avg_order_time_s": 1262.6370000000243,
      "scooter_depleted_events": 1,
      "hospital_rescue_times": 4,
      "rent_insufficient_times": 0,
      "charge_insufficient_times": 0
    },
    "common_sense_reasoning": {
      "temp_ok_rate": 0.0,
      "odor_ok_rate": 0.75,
      "damage_ok_rate": 1.0,
      "method_success_rate": 1.0
    },
    "social_reasoning": {
      "help_posted": 0,
      "help_accepted": 0,
      "help_given": 0,
      "help_received": 0,
      "say": 0
    }
  },
  "actions": {
    "view_orders": {
      "attempts": 5,
      "successes": 5,
      "success_rate": 1.0
    },
    "accept_order": {
      "attempts": 5,
      "successes": 5,
      "success_rate": 1.0
    },
    "move_to": {
      "attempts": 15,
      "successes": 9,
      "success_rate": 0.6
    },
    "wait": {
      "attempts": 4,
      "successes": 4,
      "success_rate": 1.0
    },
    "pickup": {
      "attempts": 5,
      "successes": 5,
      "success_rate": 1.0
    },
    "place_food_in_bag": {
      "attempts": 5,
      "successes": 5,
      "success_rate": 1.0
    },
    "drop_off": {
      "attempts": 6,
      "successes": 4,
      "success_rate": 0.6666666666666666
    },
    "switch_transport": {
      "attempts": 1,
      "successes": 1,
      "success_rate": 1.0
    }
  },
  "vlm": {
    "total_calls": 46,
    "successes": 46,
    "parse_failures": 0,
    "retries": 0,
    "success_rate": 1.0,
    "parse_success_rate": 1.0
  }
}