{
  "meta": {
    "agent_id": "4",
    "model": "openai/gpt-5",
    "lifecycle_hours": 2.0,
    "started_sim_s": 52.17000000004191,
    "ended_sim_s": 11753.108999999939,
    "active_elapsed_s": 7200.1919999998645,
    "active_hours": 2.0000533333332955,
    "wall_finished_ts": 1758506151.2883177
  },
  "money": {
    "totals": {
      "initial_earnings": 100.0,
      "current_balance": 133.411849994407,
      "net_growth": 33.41184999440699,
      "orders_income": 51.43137499440592,
      "help_income": 0.0,
      "expense_total": 18.01952499999898,
      "base_wage": 42.43137499440592,
      "bonus": 9.0,
      "help_expense": 0.0,
      "expense_breakdown": {
        "purchases": 0.0,
        "charging": 3.0195249999989766,
        "rental": 0.0,
        "hospital": 15.0,
        "help_expense": 0.0
      },
      "advances": {
        "out": 0.0,
        "returned": 0.0,
        "net": 0.0
      },
      "observed_agent_balance_end": 133.411849994407
    },
    "per_hour": {
      "net_growth": 16.705479517750007,
      "orders_income": 25.71500176382308,
      "help_income": 0.0,
      "expense_total": 9.009522246073098,
      "base_wage": 21.215121760623077,
      "bonus": 4.4998800031999995,
      "initial_earnings": 49.99866670222222,
      "current_balance": 66.70414621997223,
      "help_expense": 0.0,
      "observed_agent_balance_end": 66.70414621997223
    },
    "details": {
      "purchases": [],
      "charging": [
        {
          "ts_sim": 11753.108999999939,
          "which": "own",
          "req_id": null,
          "delta_pct": 60.39049999997953,
          "cost": 3.0195249999989766,
          "start_ts": 2560.5930000000517,
          "end_ts": 11753.108999999939,
          "reason": "lifecycle_end",
          "aggregated": true,
          "target_pct": null
        }
      ],
      "rental": [],
      "hospital": [
        {
          "ts_sim": 6423.512999999919,
          "fee": 5.0
        },
        {
          "ts_sim": 8600.343000000052,
          "fee": 5.0
        },
        {
          "ts_sim": 10780.218000000052,
          "fee": 5.0
        }
      ],
      "help_income": [],
      "help_expense": [],
      "advance_out": [],
      "advance_return": []
    }
  },
  "orders": {
    "completed_count": 9,
    "timeout_count": 6,
    "avg_stars": 3.5555555555555554,
    "avg_food_stars": 3.5555555555555554,
    "temp_ok_rate": 0.0,
    "odor_ok_rate": 0.5555555555555556,
    "damage_ok_rate": 1.0,
    "method_success_rate": 0.8888888888888888,
    "total_active_time_s": 8630.642999999982,
    "avg_time_per_order_s": 958.9603333333313,
    "details": [
      {
        "id": 4,
        "duration_s": 462.570000000007,
        "on_time": false,
        "temp_ok_all": false,
        "odor_ok_all": false,
        "damage_ok_all": true,
        "stars": {
          "overall": 3,
          "time": 1,
          "food": 3,
          "method": 5
        },
        "earnings": 0.7982177129563964,
        "bonus_extra": 0.0,
        "paid_total": 0.7982177129563964,
        "pickup": "19th road (right)",
        "dropoff": "13th road (right)",
        "allowed_delivery_methods": [
          "knock"
        ],
        "delivery_method": "knock"
      },
      {
        "id": 9,
        "duration_s": 638.1180000000168,
        "on_time": false,
        "temp_ok_all": false,
        "odor_ok_all": false,
        "damage_ok_all": true,
        "stars": {
          "overall": 3,
          "time": 2,
          "food": 3,
          "method": 5
        },
        "earnings": 3.3572253679451864,
        "bonus_extra": 0.0,
        "paid_total": 3.3572253679451864,
        "pickup": "19th road (right)",
        "dropoff": "8th road (left)",
        "allowed_delivery_methods": [],
        "delivery_method": "leave_at_door"
      },
      {
        "id": 5,
        "duration_s": 808.8839999999036,
        "on_time": true,
        "temp_ok_all": false,
        "odor_ok_all": true,
        "damage_ok_all": true,
        "stars": {
          "overall": 5,
          "time": 5,
          "food": 4,
          "method": 5
        },
        "earnings": 13.437363968351072,
        "bonus_extra": 3.0,
        "paid_total": 16.43736396835107,
        "pickup": "19th road (right)",
        "dropoff": "22nd road (right)",
        "allowed_delivery_methods": [],
        "delivery_method": "leave_at_door"
      },
      {
        "id": 31,
        "duration_s": 627.0449999998673,
        "on_time": false,
        "temp_ok_all": false,
        "odor_ok_all": true,
        "damage_ok_all": true,
        "stars": {
          "overall": 4,
          "time": 3,
          "food": 4,
          "method": 5
        },
        "earnings": 6.026897251582359,
        "bonus_extra": 1.5,
        "paid_total": 7.526897251582359,
        "pickup": "7th road (right)",
        "dropoff": "9th road (left)",
        "allowed_delivery_methods": [],
        "delivery_method": "leave_at_door"
      },
      {
        "id": 28,
        "duration_s": 852.4679999998771,
        "on_time": true,
        "temp_ok_all": false,
        "odor_ok_all": true,
        "damage_ok_all": true,
        "stars": {
          "overall": 4,
          "time": 4,
          "food": 3,
          "method": 5
        },
        "earnings": 7.308430284321811,
        "bonus_extra": 1.5,
        "paid_total": 8.808430284321812,
        "pickup": "8th road (right)",
        "dropoff": "15th road (left)",
        "allowed_delivery_methods": [],
        "delivery_method": "leave_at_door"
      },
      {
        "id": 37,
        "duration_s": 340.40700000012293,
        "on_time": true,
        "temp_ok_all": false,
        "odor_ok_all": true,
        "damage_ok_all": true,
        "stars": {
          "overall": 5,
          "time": 5,
          "food": 4,
          "method": 5
        },
        "earnings": 4.577332307201391,
        "bonus_extra": 3.0,
        "paid_total": 7.577332307201391,
        "pickup": "6th road (left)",
        "dropoff": "13th road (left)",
        "allowed_delivery_methods": [],
        "delivery_method": "leave_at_door"
      },
      {
        "id": 39,
        "duration_s": 661.1700000000419,
        "on_time": false,
        "temp_ok_all": false,
        "odor_ok_all": false,
        "damage_ok_all": true,
        "stars": {
          "overall": 3,
          "time": 1,
          "food": 3,
          "method": 5
        },
        "earnings": 0.8061342656688959,
        "bonus_extra": 0.0,
        "paid_total": 0.8061342656688959,
        "pickup": "6th road (left)",
        "dropoff": "7th road (left)",
        "allowed_delivery_methods": [
          "leave_at_door"
        ],
        "delivery_method": "leave_at_door"
      },
      {
        "id": 40,
        "duration_s": 2178.324000000197,
        "on_time": false,
        "temp_ok_all": false,
        "odor_ok_all": false,
        "damage_ok_all": true,
        "stars": {
          "overall": 3,
          "time": 1,
          "food": 4,
          "method": 5
        },
        "earnings": 2.3653601943121134,
        "bonus_extra": 0.0,
        "paid_total": 2.3653601943121134,
        "pickup": "6th road (left)",
        "dropoff": "18th road (right)",
        "allowed_delivery_methods": [],
        "delivery_method": "leave_at_door"
      },
      {
        "id": 56,
        "duration_s": 2061.6569999999483,
        "on_time": false,
        "temp_ok_all": false,
        "odor_ok_all": true,
        "damage_ok_all": true,
        "stars": {
          "overall": 2,
          "time": 1,
          "food": 4,
          "method": 1
        },
        "earnings": 3.7544136420667016,
        "bonus_extra": 0.0,
        "paid_total": 3.7544136420667016,
        "pickup": "8th road (right)",
        "dropoff": "10th road (left)",
        "allowed_delivery_methods": [
          "knock",
          "hand_to_customer"
        ],
        "delivery_method": "call"
      }
    ]
  },