{
  "meta": {
    "agent_id": "8",
    "model": "qwen/qwen2.5-vl-72b-instruct",
    "lifecycle_hours": 2.0,
    "started_sim_s": 52.92300000000978,
    "ended_sim_s": 9397.641000000061,
    "active_elapsed_s": 7200.000000000087,
    "active_hours": 2.0000000000000244,
    "wall_finished_ts": 1758426441.2790067
  },
  "money": {
    "totals": {
      "initial_earnings": 100.0,
      "current_balance": 88.42985696804841,
      "net_growth": -11.570143031951588,
      "orders_income": 8.429856968048409,
      "help_income": 0.0,
      "expense_total": 20.0,
      "base_wage": 5.4298569680484094,
      "bonus": 3.0,
      "help_expense": 0.0,
      "expense_breakdown": {
        "purchases": 0.0,
        "charging": 0.0,
        "rental": 0.0,
        "hospital": 20.0,
        "help_expense": 0.0
      },
      "advances": {
        "out": 0.0,
        "returned": 0.0,
        "net": 0.0
      },
      "observed_agent_balance_end": 88.42985696804841
    },
    "per_hour": {
      "net_growth": -5.785071515975723,
      "orders_income": 4.214928484024153,
      "help_income": 0.0,
      "expense_total": 9.999999999999877,
      "base_wage": 2.7149284840241714,
      "bonus": 1.4999999999999818,
      "initial_earnings": 49.99999999999939,
      "current_balance": 44.214928484023666,
      "help_expense": 0.0,
      "observed_agent_balance_end": 44.214928484023666
    },
    "details": {
      "purchases": [],
      "charging": [],
      "rental": [],
      "hospital": [
        {
          "ts_sim": 2729.9550000000454,
          "fee": 5.0
        },
        {
          "ts_sim": 4556.484000000026,
          "fee": 5.0
        },
        {
          "ts_sim": 6174.282000000036,
          "fee": 5.0
        },
        {
          "ts_sim": 7922.7660000000615,
          "fee": 5.0
        }
      ],
      "help_income": [],
      "help_expense": [],
      "advance_out": [],
      "advance_return": []
    }
  },
  "orders": {
    "completed_count": 1,
    "timeout_count": 0,
    "avg_stars": 5.0,
    "avg_food_stars": 4.0,
    "temp_ok_rate": 0.0,
    "odor_ok_rate": 1.0,
    "damage_ok_rate": 1.0,
    "method_success_rate": 1.0,
    "total_active_time_s": 330.5130000000063,
    "avg_time_per_order_s": 330.5130000000063,
    "details": [
      {
        "id": 0,
        "duration_s": 330.5130000000063,
        "on_time": true,
        "temp_ok_all": false,
        "odor_ok_all": true,
        "damage_ok_all": true,
        "stars": {
          "overall": 5,
          "time": 5,
          "food": 4,
          "method": 5
        },
        "earnings": 5.4298569680484094,
        "bonus_extra": 3.0,
        "paid_total": 8.429856968048409,
        "pickup": "7th road (right)",
        "dropoff": "2nd road (right)",
        "allowed_delivery_methods": [
          "call"
        ],
        "delivery_method": "call"
      }
    ]
  },
  "activity": {
    "active_time_ratio": 0.04590458333333365,
    "orders_per_hour": 0.4999999999999939,
    "avg_order_time_s": 330.5130000000063,
    "mode_time_s": {
      "e-scooter": 731.5769999999902,
      "drag_scooter": 1578.75,
      "walk": 4889.673000000097
    },
    "mode_time_ratio": {
      "e-scooter": 0.10160791666666408,
      "drag_scooter": 0.21927083333333067,
      "walk": 0.6791212500000052
    }
  },
  "interruptions": {
    "scooter_depleted": 1,
    "hospital_rescue": 4,
    "rent_insufficient": 0,
    "charge_insufficient": 0
  },
  "social": {
    "help_posted": 0,
    "help_accepted": 0,
    "help_given": 0,
    "help_received": 0
  },
  "capability_buckets": {
    "high_level_planning": {
      "active_time_ratio": 0.04590458333333365,
      "orders_per_hour": 0.4999999999999939,
      "avg_order_time_s": 330.5130000000063,
      "scooter_depleted_events": 1,
      "hospital_rescue_times": 4,
      "rent_insufficient_times": 0,
      "charge_insufficient_times": 0
    },
    "common_sense_reasoning": {
      "temp_ok_rate": 0.0,
      "odor_ok_rate": 1.0,
      "damage_ok_rate": 1.0,
      "method_success_rate": 1.0
    },
    "social_reasoning": {
      "help_posted": 0,
      "help_accepted": 0,
      "help_given": 0,
      "help_received": 0,
      "say": 0
    }
  },
  "actions": {
    "view_orders": {
      "attempts": 2,
      "successes": 2,
      "success_rate": 1.0
    },
    "accept_order": {
      "attempts": 2,
      "successes": 2,
      "success_rate": 1.0
    },
    "move_to": {
      "attempts": 16,
      "successes": 9,
      "success_rate": 0.5625
    },
    "wait": {
      "attempts": 2,
      "successes": 2,
      "success_rate": 1.0
    },
    "pickup": {
      "attempts": 2,
      "successes": 2,
      "success_rate": 1.0
    },
    "place_food_in_bag": {
      "attempts": 2,
      "successes": 2,
      "success_rate": 1.0
    },
    "drop_off": {
      "attempts": 1,
      "successes": 1,
      "success_rate": 1.0
    },
    "switch_transport": {
      "attempts": 1,
      "successes": 1,
      "success_rate": 1.0
    }
  },
  "vlm": {
    "total_calls": 28,
    "successes": 28,
    "parse_failures": 0,
    "retries": 0,
    "success_rate": 1.0,
    "parse_success_rate": 1.0
  }
}