{
  "meta": {
    "agent_id": "1",
    "model": "google/gemini-2.5-flash",
    "lifecycle_hours": 2.0,
    "started_sim_s": 49.125,
    "ended_sim_s": 11109.656999999992,
    "active_elapsed_s": 7201.586999999941,
    "active_hours": 2.0004408333333172,
    "wall_finished_ts": 1758688664.1965222
  },
  "money": {
    "totals": {
      "initial_earnings": 100.0,
      "current_balance": 96.61092790052712,
      "net_growth": -3.389072099472884,
      "orders_income": 16.610927900527106,
      "help_income": 0.0,
      "expense_total": 20.0,
      "base_wage": 15.110927900527106,
      "bonus": 1.5,
      "help_expense": 0.0,
      "expense_breakdown": {
        "purchases": 0.0,
        "charging": 0.0,
        "rental": 0.0,
        "hospital": 20.0,
        "help_expense": 0.0
      },
      "advances": {
        "out": 0.0,
        "returned": 0.0,
        "net": 0.0
      },
      "observed_agent_balance_end": 96.61092790052712
    },
    "per_hour": {
      "net_growth": -1.694536049736442,
      "orders_income": 8.305463950263553,
      "help_income": 0.0,
      "expense_total": 10.0,
      "base_wage": 7.555463950263553,
      "bonus": 0.75,
      "initial_earnings": 50.0,
      "current_balance": 48.30546395026356,
      "help_expense": 0.0,
      "observed_agent_balance_end": 48.30546395026356
    },
    "details": {
      "purchases": [],
      "charging": [],
      "rental": [],
      "hospital": [
        {
          "ts_sim": 3662.25,
          "fee": 5.0
        },
        {
          "ts_sim": 5424.563999999984,
          "fee": 5.0
        },
        {
          "ts_sim": 8052.095999999976,
          "fee": 5.0
        },
        {
          "ts_sim": 10615.265999999974,
          "fee": 5.0
        }
      ],
      "help_income": [],
      "help_expense": [],
      "advance_out": [],
      "advance_return": []
    }
  },
  "orders": {
    "completed_count": 7,
    "timeout_count": 7,
    "avg_stars": 3.142857142857143,
    "avg_food_stars": 3.7142857142857144,
    "temp_ok_rate": 0.14285714285714285,
    "odor_ok_rate": 0.7142857142857143,
    "damage_ok_rate": 1.0,
    "method_success_rate": 1.0,
    "total_active_time_s": 8980.02899999985,
    "avg_time_per_order_s": 1282.861285714264,
    "details": [
      {
        "id": 19,
        "duration_s": 657.1889999999839,
        "on_time": false,
        "temp_ok_all": true,
        "odor_ok_all": true,
        "damage_ok_all": true,
        "stars": {
          "overall": 4,
          "time": 2,
          "food": 4,
          "method": 5
        },
        "earnings": 3.975216597804218,
        "bonus_extra": 1.5,
        "paid_total": 5.475216597804218,
        "pickup": "5th road (left)",
        "dropoff": "3rd road (left)",
        "allowed_delivery_methods": [
          "leave_at_door",
          "knock"
        ],
        "delivery_method": "leave_at_door"
      },
      {
        "id": 15,
        "duration_s": 962.6729999999661,
        "on_time": false,
        "temp_ok_all": false,
        "odor_ok_all": false,
        "damage_ok_all": true,
        "stars": {
          "overall": 3,
          "time": 1,
          "food": 4,
          "method": 5
        },
        "earnings": 2.01909228601145,
        "bonus_extra": 0.0,
        "paid_total": 2.01909228601145,
        "pickup": "5th road (left)",
        "dropoff": "14th road (right)",
        "allowed_delivery_methods": [],
        "delivery_method": "leave_at_door"
      },
      {
        "id": 4,
        "duration_s": 4030.6439999999857,
        "on_time": false,
        "temp_ok_all": false,
        "odor_ok_all": false,
        "damage_ok_all": true,
        "stars": {
          "overall": 3,
          "time": 1,
          "food": 3,
          "method": 5
        },
        "earnings": 4.204909964187422,
        "bonus_extra": 0.0,
        "paid_total": 4.204909964187422,
        "pickup": "11th road (left)",
        "dropoff": "14th road (left)",
        "allowed_delivery_methods": [
          "knock"
        ],
        "delivery_method": "knock"
      },
      {
        "id": 46,
        "duration_s": 383.625,
        "on_time": false,
        "temp_ok_all": false,
        "odor_ok_all": true,
        "damage_ok_all": true,
        "stars": {
          "overall": 3,
          "time": 1,
          "food": 4,
          "method": 5
        },
        "earnings": 0.4476308554978461,
        "bonus_extra": 0.0,
        "paid_total": 0.4476308554978461,
        "pickup": "14th road (right)",
        "dropoff": "14th road (right)",
        "allowed_delivery_methods": [],
        "delivery_method": "leave_at_door"
      },
      {
        "id": 37,
        "duration_s": 1783.8719999999885,
        "on_time": false,
        "temp_ok_all": false,
        "odor_ok_all": true,
        "damage_ok_all": true,
        "stars": {
          "overall": 3,
          "time": 1,
          "food": 3,
          "method": 5
        },
        "earnings": 2.094394420434015,
        "bonus_extra": 0.0,
        "paid_total": 2.094394420434015,
        "pickup": "14th road (right)",
        "dropoff": "7th road (right)",
        "allowed_delivery_methods": [
          "call"
        ],
        "delivery_method": "call"
      },
      {
        "id": 41,
        "duration_s": 581.0129999999626,
        "on_time": false,
        "temp_ok_all": false,
        "odor_ok_all": true,
        "damage_ok_all": true,
        "stars": {
          "overall": 3,
          "time": 1,
          "food": 4,
          "method": 5
        },
        "earnings": 1.4979490733225347,
        "bonus_extra": 0.0,
        "paid_total": 1.4979490733225347,
        "pickup": "5th road (left)",
        "dropoff": "4th road (left)",
        "allowed_delivery_methods": [],
        "delivery_method": "leave_at_door"
      },
      {
        "id": 50,
        "duration_s": 581.0129999999626,
        "on_time": false,
        "temp_ok_all": false,
        "odor_ok_all": true,
        "damage_ok_all": true,
        "stars": {
          "overall": 3,
          "time": 1,
          "food": 4,
          "method": 5
        },
        "earnings": 0.8717347032696202,
        "bonus_extra": 0.0,
        "paid_total": 0.8717347032696202,
        "pickup": "5th road (left)",
        "dropoff": "4th road (left)",
        "allowed_delivery_methods": [],
        "delivery_method": "leave_at_door"
      }
    ]
  },
  "activity": {
    "active_time_ratio": 1.246951401128657,
    "orders_per_hour": 3.5,
    "avg_order_time_s": 1282.861285714264,
    "mode_time_s": {
      "e-scooter": 745.5480000000098,
      "drag_scooter": 1517.2949999999983,
      "walk": 4938.743999999933
    },
    "mode_time_ratio": {
      "e-scooter": 0.10352551458449587,
      "drag_scooter": 0.21068897730458724,
      "walk": 0.6857855081109169
    }
  },
  "interruptions": {
    "scooter_depleted": 1,
    "hospital_rescue": 4,
    "rent_insufficient": 0,
    "charge_insufficient": 0
  },
  "social": {
    "help_posted": 0,
    "help_accepted": 0,
    "help_given": 0,
    "help_received": 0
  },
  "capability_buckets": {
    "high_level_planning": {
      "active_time_ratio": 1.246951401128657,
      "orders_per_hour": 3.4992287116714973,
      "avg_order_time_s": 1282.861285714264,
      "scooter_depleted_events": 1,
      "hospital_rescue_times": 4,
      "rent_insufficient_times": 0,
      "charge_insufficient_times": 0
    },
    "common_sense_reasoning": {
      "temp_ok_rate": 0.14285714285714285,
      "odor_ok_rate": 0.7142857142857143,
      "damage_ok_rate": 1.0,
      "method_success_rate": 1.0
    },
    "social_reasoning": {
      "help_posted": 0,
      "help_accepted": 0,
      "help_given": 0,
      "help_received": 0,
      "say": 0
    }
  },
  "actions": {
    "view_orders": {
      "attempts": 5,
      "successes": 5,
      "success_rate": 1.0
    },
    "accept_order": {
      "attempts": 4,
      "successes": 4,
      "success_rate": 1.0
    },
    "move_to": {
      "attempts": 18,