{
  "meta": {
    "agent_id": "2",
    "model": "qwen/qwen2.5-vl-32b-instruct",
    "lifecycle_hours": 2.0,
    "started_sim_s": 65.76600000001781,
    "ended_sim_s": 18734.859000000004,
    "active_elapsed_s": 7220.678999999924,
    "active_hours": 2.0057441666666453,
    "wall_finished_ts": 1758534104.829251
  },
  "money": {
    "totals": {
      "initial_earnings": 100.0,
      "current_balance": 122.3605851469546,
      "net_growth": 22.360585146954605,
      "orders_income": 37.32893514695445,
      "help_income": 0.0,
      "expense_total": 14.968349999999917,
      "base_wage": 31.32893514695445,
      "bonus": 6.0,
      "help_expense": 0.0,
      "expense_breakdown": {
        "purchases": 0.0,
        "charging": 4.968349999999917,
        "rental": 0.0,
        "hospital": 10.0,
        "help_expense": 0.0
      },
      "advances": {
        "out": 0.0,
        "returned": 0.0,
        "net": 0.0
      },
      "observed_agent_balance_end": 122.3605851469546
    },
    "per_hour": {
      "net_growth": 11.180292573477303,
      "orders_income": 18.664467573477225,
      "help_income": 0.0,
      "expense_total": 7.484174999999959,
      "base_wage": 15.664467573477225,
      "bonus": 3.0,
      "initial_earnings": 50.0,
      "current_balance": 61.1802925734773,
      "help_expense": 0.0,
      "observed_agent_balance_end": 61.1802925734773
    },
    "details": {
      "purchases": [],
      "charging": [
        {
          "ts_sim": 18734.859000000004,
          "which": "own",
          "req_id": null,
          "delta_pct": 99.36699999999837,
          "cost": 4.968349999999917,
          "start_ts": 4902.891000000018,
          "end_ts": 18734.859000000004,
          "reason": "lifecycle_end",
          "aggregated": true,
          "target_pct": null
        }
      ],
      "rental": [],
      "hospital": [
        {
          "ts_sim": 9682.782000000014,
          "fee": 5.0
        },
        {
          "ts_sim": 12782.532000000014,
          "fee": 5.0
        }
      ],
      "help_income": [],
      "help_expense": [],
      "advance_out": [],
      "advance_return": []
    }
  },
  "orders": {
    "completed_count": 5,
    "timeout_count": 2,
    "avg_stars": 3.6,
    "avg_food_stars": 3.8,
    "temp_ok_rate": 0.0,
    "odor_ok_rate": 1.0,
    "damage_ok_rate": 1.0,
    "method_success_rate": 0.8,
    "total_active_time_s": 3757.8389999999927,
    "avg_time_per_order_s": 751.5677999999986,
    "details": [
      {
        "id": 11,
        "duration_s": 378.0959999999759,
        "on_time": false,
        "temp_ok_all": false,
        "odor_ok_all": true,
        "damage_ok_all": true,
        "stars": {
          "overall": 2,
          "time": 1,
          "food": 4,
          "method": 1
        },
        "earnings": 1.5851065027948026,
        "bonus_extra": 0.0,
        "paid_total": 1.5851065027948026,
        "pickup": "2nd road (right)",
        "dropoff": "4th road (left)",
        "allowed_delivery_methods": [
          "hand_to_customer"
        ],
        "delivery_method": "leave_at_door"
      },
      {
        "id": 18,
        "duration_s": 494.1600000000035,
        "on_time": true,
        "temp_ok_all": false,
        "odor_ok_all": true,
        "damage_ok_all": true,
        "stars": {
          "overall": 5,
          "time": 5,
          "food": 4,
          "method": 5
        },
        "earnings": 8.598121652544705,
        "bonus_extra": 3.0,
        "paid_total": 11.598121652544705,
        "pickup": "6th road (left)",
        "dropoff": "9th road (left)",
        "allowed_delivery_methods": [],
        "delivery_method": "leave_at_door"
      },
      {
        "id": 4,
        "duration_s": 712.077000000012,
        "on_time": true,
        "temp_ok_all": false,
        "odor_ok_all": true,
        "damage_ok_all": true,
        "stars": {
          "overall": 4,
          "time": 5,
          "food": 3,
          "method": 5
        },
        "earnings": 8.277124333319676,
        "bonus_extra": 1.5,
        "paid_total": 9.777124333319676,
        "pickup": "2nd road (right)",
        "dropoff": "17th road (right)",
        "allowed_delivery_methods": [],
        "delivery_method": "leave_at_door"
      },
      {
        "id": 34,
        "duration_s": 377.53199999999197,
        "on_time": true,
        "temp_ok_all": false,
        "odor_ok_all": true,
        "damage_ok_all": true,
        "stars": {
          "overall": 4,
          "time": 4,
          "food": 4,
          "method": 5
        },
        "earnings": 4.138183500378456,
        "bonus_extra": 1.5,
        "paid_total": 5.638183500378456,
        "pickup": "7th road (right)",
        "dropoff": "5th road (left)",
        "allowed_delivery_methods": [],
        "delivery_method": "leave_at_door"
      },
      {
        "id": 32,
        "duration_s": 1795.9740000000093,
        "on_time": false,
        "temp_ok_all": false,
        "odor_ok_all": true,
        "damage_ok_all": true,
        "stars": {
          "overall": 3,
          "time": 1,
          "food": 4,
          "method": 5
        },
        "earnings": 8.730399157916809,
        "bonus_extra": 0.0,
        "paid_total": 8.730399157916809,
        "pickup": "18th road (right)",
        "dropoff": "9th road (left)",
        "allowed_delivery_methods": [
          "leave_at_door"
        ],
        "delivery_method": "leave_at_door"
      }
    ]
  },
  "activity": {
    "active_time_ratio": 0.5204273725504253,
    "orders_per_hour": 2.5,
    "avg_order_time_s": 751.5677999999986,
    "mode_time_s": {
      "e-scooter": 2016.2009999999646,
      "drag_scooter": 1407.6060000000361,
      "walk": 3796.871999999923
    },
    "mode_time_ratio": {
      "e-scooter": 0.279225956450908,
      "drag_scooter": 0.19494094668936965,
      "walk": 0.5258330968597223
    }
  },
  "interruptions": {
    "scooter_depleted": 2,
    "hospital_rescue": 2,
    "rent_insufficient": 0,
    "charge_insufficient": 0
  },
  "social": {
    "help_posted": 0,
    "help_accepted": 0,
    "help_given": 0,
    "help_received": 0
  },
  "capability_buckets": {
    "high_level_planning": {
      "active_time_ratio": 0.5204273725504253,
      "orders_per_hour": 2.492840354764447,
      "avg_order_time_s": 751.5677999999986,
      "scooter_depleted_events": 2,
      "hospital_rescue_times": 2,
      "rent_insufficient_times": 0,
      "charge_insufficient_times": 0
    },
    "common_sense_reasoning": {
      "temp_ok_rate": 0.0,
      "odor_ok_rate": 1.0,
      "damage_ok_rate": 1.0,
      "method_success_rate": 0.8
    },
    "social_reasoning": {
      "help_posted": 0,
      "help_accepted": 0,
      "help_given": 0,
      "help_received": 0,
      "say": 0
    }
  },
  "actions": {
    "view_orders": {
      "attempts": 9,
      "successes": 9,
      "success_rate": 1.0
    },
    "accept_order": {
      "attempts": 9,
      "successes": 6,
      "success_rate": 0.6666666666666666
    },
    "move_to": {
      "attempts": 45,
      "successes": 14,
      "success_rate": 0.3111111111111111
    },
    "wait": {
      "attempts": 9,
      "successes": 9,
      "success_rate": 1.0
    },
    "pickup": {
      "attempts": 6,
      "successes": 6,
      "success_rate": 1.0
    },
    "place_food_in_bag": {
      "attempts": 6,
      "successes": 6,
      "success_rate": 1.0
    },
    "drop_off": {
      "attempts": 5,
      "successes": 5,
      "success_rate": 1.0
    },
    "charge_escooter": {
      "attempts": 2,
      "successes": 1,
      "success_rate": 0.5
    },
    "switch_transport": {
      "attempts": 1,
      "successes": 1,
      "success_rate": 1.0
    }
  },
  "vlm": {
    "total_calls": 98,
    "successes": 92,
    "parse_failures": 6,
    "retries": 6,
    "success_rate": 0.9387755102040817,
    "parse_success_rate": 0.9387755102040817
  }
}