{
  "meta": {
    "agent_id": "1",
    "model": "google/gemini-2.5-flash",
    "lifecycle_hours": 2.0,
    "started_sim_s": 43.35899999993853,
    "ended_sim_s": 16180.40399999998,
    "active_elapsed_s": 5401.173000000097,
    "active_hours": 1.5003258333333602,
    "wall_finished_ts": 1758422143.1064022
  },
  "money": {
    "totals": {
      "initial_earnings": 100.0,
      "current_balance": 120.26972407961223,
      "net_growth": 20.26972407961223,
      "orders_income": 30.269724079612246,
      "help_income": 0.0,
      "expense_total": 10.0,
      "base_wage": 24.269724079612246,
      "bonus": 6.0,
      "help_expense": 0.0,
      "expense_breakdown": {
        "purchases": 0.0,
        "charging": 0.0,
        "rental": 0.0,
        "hospital": 10.0,
        "help_expense": 0.0
      },
      "advances": {
        "out": 0.0,
        "returned": 0.0,
        "net": 0.0
      },
      "observed_agent_balance_end": 120.26972407961223
    },
    "per_hour": {
      "net_growth": 13.510214667555127,
      "orders_income": 20.175433500575178,
      "help_income": 0.0,
      "expense_total": 6.665218833020041,
      "base_wage": 16.176302200763153,
      "bonus": 3.9991312998120248,
      "initial_earnings": 66.65218833020042,
      "current_balance": 80.16240299775554,
      "help_expense": 0.0,
      "observed_agent_balance_end": 80.16240299775554
    },
    "details": {
      "purchases": [],
      "charging": [],
      "rental": [],
      "hospital": [
        {
          "ts_sim": 8133.375,
          "fee": 5.0
        },
        {
          "ts_sim": 9944.765999999974,
          "fee": 5.0
        }
      ],
      "help_income": [],
      "help_expense": [],
      "advance_out": [],
      "advance_return": []
    }
  },
  "orders": {
    "completed_count": 4,
    "timeout_count": 2,
    "avg_stars": 3.75,
    "avg_food_stars": 4.0,
    "temp_ok_rate": 0.5,
    "odor_ok_rate": 0.75,
    "damage_ok_rate": 1.0,
    "method_success_rate": 0.75,
    "total_active_time_s": 6950.112000000168,
    "avg_time_per_order_s": 1737.528000000042,
    "details": [
      {
        "id": 15,
        "duration_s": 443.52900000006775,
        "on_time": true,
        "temp_ok_all": false,
        "odor_ok_all": true,
        "damage_ok_all": true,
        "stars": {
          "overall": 5,
          "time": 5,
          "food": 4,
          "method": 5
        },
        "earnings": 7.907628322701156,
        "bonus_extra": 3.0,
        "paid_total": 10.907628322701157,
        "pickup": "7th road (right)",
        "dropoff": "13th road (left)",
        "allowed_delivery_methods": [],
        "delivery_method": "leave_at_door"
      },
      {
        "id": 16,
        "duration_s": 711.6540000000678,
        "on_time": true,
        "temp_ok_all": true,
        "odor_ok_all": true,
        "damage_ok_all": true,
        "stars": {
          "overall": 5,
          "time": 5,
          "food": 5,
          "method": 5
        },
        "earnings": 8.63208099240929,
        "bonus_extra": 3.0,
        "paid_total": 11.63208099240929,
        "pickup": "7th road (right)",
        "dropoff": "28th road (left)",
        "allowed_delivery_methods": [
          "leave_at_door"
        ],
        "delivery_method": "leave_at_door"
      },
      {
        "id": 38,
        "duration_s": 1105.4100000000035,
        "on_time": false,
        "temp_ok_all": true,
        "odor_ok_all": true,
        "damage_ok_all": true,
        "stars": {
          "overall": 3,
          "time": 1,
          "food": 4,
          "method": 5
        },
        "earnings": 1.355350942985853,
        "bonus_extra": 0.0,
        "paid_total": 1.355350942985853,
        "pickup": "23rd road (right)",
        "dropoff": "23rd road (left)",
        "allowed_delivery_methods": [],
        "delivery_method": "leave_at_door"
      },
      {
        "id": 29,
        "duration_s": 4689.519000000029,
        "on_time": false,
        "temp_ok_all": false,
        "odor_ok_all": false,
        "damage_ok_all": true,
        "stars": {
          "overall": 2,
          "time": 1,
          "food": 3,
          "method": 1
        },
        "earnings": 6.374663821515943,
        "bonus_extra": 0.0,
        "paid_total": 6.374663821515943,
        "pickup": "23rd road (right)",
        "dropoff": "25th road (right)",
        "allowed_delivery_methods": [
          "hand_to_customer"
        ],
        "delivery_method": "leave_at_door"
      }
    ]
  },
  "activity": {
    "active_time_ratio": 1.2867782609444363,
    "orders_per_hour": 2.6660875332080165,
    "avg_order_time_s": 1737.528000000042,
    "mode_time_s": {
      "e-scooter": 1351.9680000000517,
      "drag_scooter": 3213.846000000107,
      "walk": 835.3589999999385
    },
    "mode_time_ratio": {
      "e-scooter": 0.2503100715344662,
      "drag_scooter": 0.5950274134896344,
      "walk": 0.15466251497589942
    }
  },
  "interruptions": {
    "scooter_depleted": 1,
    "hospital_rescue": 2,
    "rent_insufficient": 0,
    "charge_insufficient": 0
  },
  "social": {
    "help_posted": 0,
    "help_accepted": 0,
    "help_given": 0,
    "help_received": 0
  },
  "capability_buckets": {
    "high_level_planning": {
      "active_time_ratio": 1.2867782609444363,
      "orders_per_hour": 2.6660875332080165,
      "avg_order_time_s": 1737.528000000042,
      "scooter_depleted_events": 1,
      "hospital_rescue_times": 2,
      "rent_insufficient_times": 0,
      "charge_insufficient_times": 0
    },
    "common_sense_reasoning": {
      "temp_ok_rate": 0.5,
      "odor_ok_rate": 0.75,
      "damage_ok_rate": 1.0,
      "method_success_rate": 0.75
    },
    "social_reasoning": {
      "help_posted": 0,
      "help_accepted": 0,
      "help_given": 0,
      "help_received": 0,
      "say": 0
    }
  },
  "actions": {
    "view_orders": {
      "attempts": 51,
      "successes": 51,
      "success_rate": 1.0
    },
    "accept_order": {
      "attempts": 2,
      "successes": 2,
      "success_rate": 1.0
    },
    "move_to": {
      "attempts": 12,
      "successes": 9,
      "success_rate": 0.75
    },
    "wait": {
      "attempts": 5,
      "successes": 5,
      "success_rate": 1.0
    },
    "pickup": {
      "attempts": 36,
      "successes": 4,
      "success_rate": 0.1111111111111111
    },
    "place_food_in_bag": {
      "attempts": 5,
      "successes": 5,
      "success_rate": 1.0
    },
    "drop_off": {
      "attempts": 37,
      "successes": 4,
      "success_rate": 0.10810810810810811
    },
    "switch_transport": {
      "attempts": 1,
      "successes": 1,
      "success_rate": 1.0
    },
    "rest": {
      "attempts": 51,
      "successes": 0,
      "success_rate": 0.0
    }
  },
  "vlm": {
    "total_calls": 200,
    "successes": 200,
    "parse_failures": 0,
    "retries": 0,
    "success_rate": 1.0,
    "parse_success_rate": 1.0
  }
}