{
  "meta": {
    "agent_id": "2",
    "model": "meta-llama/llama-3.2-90b-vision-instruct",
    "lifecycle_hours": 2.0,
    "started_sim_s": 35.346000000008644,
    "ended_sim_s": 9471.330000000002,
    "active_elapsed_s": 7200.188999999962,
    "active_hours": 2.0000524999999896,
    "wall_finished_ts": 1758589209.2681205
  },
  "money": {
    "totals": {
      "initial_earnings": 100.0,
      "current_balance": 92.99423169557379,
      "net_growth": -7.005768304426212,
      "orders_income": 16.97487408122592,
      "help_income": 0.0,
      "expense_total": 23.980642385652146,
      "base_wage": 15.47487408122592,
      "bonus": 1.5,
      "help_expense": 0.0,
      "expense_breakdown": {
        "purchases": 0.0,
        "charging": 3.9806423856521445,
        "rental": 0.0,
        "hospital": 20.0,
        "help_expense": 0.0
      },
      "advances": {
        "out": 0.0,
        "returned": 0.0,
        "net": 0.0
      },
      "observed_agent_balance_end": 92.99423169557379
    },
    "per_hour": {
      "net_growth": -3.5027922039177715,
      "orders_income": 8.487214251238909,
      "help_income": 0.0,
      "expense_total": 11.990006455156689,
      "base_wage": 7.737233938222122,
      "bonus": 0.7499803130167872,
      "initial_earnings": 49.99868753445248,
      "current_balance": 46.49589533053471,
      "help_expense": 0.0,
      "observed_agent_balance_end": 46.49589533053471
    },
    "details": {
      "purchases": [],
      "charging": [
        {
          "ts_sim": 2751.0960000000086,
          "which": "own",
          "req_id": null,
          "delta_pct": 79.61284771304284,
          "cost": 3.9806423856521445,
          "start_ts": 2161.266000000007,
          "end_ts": 2751.0960000000086,
          "reason": "finished",
          "aggregated": true,
          "target_pct": 100.0
        }
      ],
      "rental": [],
      "hospital": [
        {
          "ts_sim": 2810.625,
          "fee": 5.0
        },
        {
          "ts_sim": 4899.846000000009,
          "fee": 5.0
        },
        {
          "ts_sim": 6505.689000000006,
          "fee": 5.0
        },
        {
          "ts_sim": 8652.237000000005,
          "fee": 5.0
        }
      ],
      "help_income": [],
      "help_expense": [],
      "advance_out": [],
      "advance_return": []
    }
  },
  "orders": {
    "completed_count": 4,
    "timeout_count": 3,
    "avg_stars": 3.25,
    "avg_food_stars": 3.25,
    "temp_ok_rate": 0.0,
    "odor_ok_rate": 0.5,
    "damage_ok_rate": 1.0,
    "method_success_rate": 1.0,
    "total_active_time_s": 7079.891999999923,
    "avg_time_per_order_s": 1769.9729999999809,
    "details": [
      {
        "id": 15,
        "duration_s": 294.50999999998385,
        "on_time": true,
        "temp_ok_all": false,
        "odor_ok_all": true,
        "damage_ok_all": true,
        "stars": {
          "overall": 4,
          "time": 5,
          "food": 3,
          "method": 5
        },
        "earnings": 6.180436909888773,
        "bonus_extra": 1.5,
        "paid_total": 7.680436909888773,
        "pickup": "2nd road (right)",
        "dropoff": "4th road (left)",
        "allowed_delivery_methods": [
          "call"
        ],
        "delivery_method": "call"
      },
      {
        "id": 23,
        "duration_s": 973.4489999999678,
        "on_time": false,
        "temp_ok_all": false,
        "odor_ok_all": false,
        "damage_ok_all": true,
        "stars": {
          "overall": 3,
          "time": 1,
          "food": 3,
          "method": 5
        },
        "earnings": 1.6770890343091456,
        "bonus_extra": 0.0,
        "paid_total": 1.6770890343091456,
        "pickup": "2nd road (right)",
        "dropoff": "4th road (right)",
        "allowed_delivery_methods": [],
        "delivery_method": "leave_at_door"
      },
      {
        "id": 18,
        "duration_s": 2778.650999999969,
        "on_time": false,
        "temp_ok_all": false,
        "odor_ok_all": true,
        "damage_ok_all": true,
        "stars": {
          "overall": 3,
          "time": 1,
          "food": 4,
          "method": 5
        },
        "earnings": 3.1538148689697354,
        "bonus_extra": 0.0,
        "paid_total": 3.1538148689697354,
        "pickup": "2nd road (right)",
        "dropoff": "9th road (right)",
        "allowed_delivery_methods": [],
        "delivery_method": "leave_at_door"
      },
      {
        "id": 48,
        "duration_s": 3033.282000000003,
        "on_time": false,
        "temp_ok_all": false,
        "odor_ok_all": false,
        "damage_ok_all": true,
        "stars": {
          "overall": 3,
          "time": 1,
          "food": 3,
          "method": 5
        },
        "earnings": 4.463533268058267,
        "bonus_extra": 0.0,
        "paid_total": 4.463533268058267,
        "pickup": "2nd road (right)",
        "dropoff": "9th road (right)",
        "allowed_delivery_methods": [],
        "delivery_method": "leave_at_door"
      }
    ]
  },
  "activity": {
    "active_time_ratio": 0.9832925219046279,
    "orders_per_hour": 1.9999475013780992,
    "avg_order_time_s": 1769.9729999999809,
    "mode_time_s": {
      "e-scooter": 1004.05799999995,
      "walk": 6196.131000000012
    },
    "mode_time_ratio": {
      "e-scooter": 0.13944883946795775,
      "walk": 0.8605511605320423
    }
  },
  "interruptions": {
    "scooter_depleted": 0,
    "hospital_rescue": 4,
    "rent_insufficient": 0,
    "charge_insufficient": 0
  },
  "social": {
    "help_posted": 0,
    "help_accepted": 0,
    "help_given": 0,
    "help_received": 0
  },
  "capability_buckets": {
    "high_level_planning": {
      "active_time_ratio": 0.9832925219046279,
      "orders_per_hour": 1.9999475013780992,
      "avg_order_time_s": 1769.9729999999809,
      "scooter_depleted_events": 0,
      "hospital_rescue_times": 4,
      "rent_insufficient_times": 0,
      "charge_insufficient_times": 0
    },
    "common_sense_reasoning": {
      "temp_ok_rate": 0.0,
      "odor_ok_rate": 0.5,
      "damage_ok_rate": 1.0,
      "method_success_rate": 1.0
    },
    "social_reasoning": {
      "help_posted": 0,
      "help_accepted": 0,
      "help_given": 0,
      "help_received": 0,
      "say": 0
    }
  },
  "actions": {
    "view_orders": {
      "attempts": 3,
      "successes": 3,
      "success_rate": 1.0
    },
    "accept_order": {
      "attempts": 3,
      "successes": 3,
      "success_rate": 1.0
    },
    "move_to": {
      "attempts": 23,
      "successes": 19,
      "success_rate": 0.8260869565217391
    },
    "pickup": {
      "attempts": 6,
      "successes": 5,
      "success_rate": 0.8333333333333334
    },
    "wait": {
      "attempts": 4,
      "successes": 4,
      "success_rate": 1.0
    },
    "place_food_in_bag": {
      "attempts": 5,
      "successes": 5,
      "success_rate": 1.0
    },
    "drop_off": {
      "attempts": 14,
      "successes": 4,
      "success_rate": 0.2857142857142857
    },
    "step_forward": {
      "attempts": 7,
      "successes": 7,
      "success_rate": 1.0
    },
    "charge_escooter": {
      "attempts": 3,
      "successes": 1,
      "success_rate": 0.3333333333333333
    },
    "switch_transport": {
      "attempts": 2,
      "successes": 2,
      "success_rate": 1.0
    },
    "turn_around": {
      "attempts": 1,
      "successes": 1,
      "success_rate": 1.0
    }
  },
  "vlm": {
    "total_calls": 71,
    "successes": 71,
    "parse_failures": 0,
    "retries": 0,
    "success_rate": 1.0,
    "parse_success_rate": 1.0
  }
}