{
  "meta": {
    "agent_id": "3",
    "model": "meta-llama/llama-3.2-90b-vision-instruct",
    "lifecycle_hours": 2.0,
    "started_sim_s": 37.221000000008644,
    "ended_sim_s": 10654.407000000003,
    "active_elapsed_s": 7200.567000000039,
    "active_hours": 2.000157500000011,
    "wall_finished_ts": 1758589603.6280775
  },
  "money": {
    "totals": {
      "initial_earnings": 100.0,
      "current_balance": 114.53579269908968,
      "net_growth": 14.535792699089683,
      "orders_income": 34.53579269908966,
      "help_income": 0.0,
      "expense_total": 20.0,
      "base_wage": 31.53579269908966,
      "bonus": 3.0,
      "help_expense": 0.0,
      "expense_breakdown": {
        "purchases": 0.0,
        "charging": 0.0,
        "rental": 0.0,
        "hospital": 20.0,
        "help_expense": 0.0
      },
      "advances": {
        "out": 0.0,
        "returned": 0.0,
        "net": 0.0
      },
      "observed_agent_balance_end": 114.53579269908968
    },
    "per_hour": {
      "net_growth": 7.2673240477760395,
      "orders_income": 17.266536609786716,
      "help_income": 0.0,
      "expense_total": 9.999212562010687,
      "base_wage": 15.766654725485113,
      "bonus": 1.499881884301603,
      "initial_earnings": 49.99606281005344,
      "current_balance": 57.263386857829474,
      "help_expense": 0.0,
      "observed_agent_balance_end": 57.263386857829474
    },
    "details": {
      "purchases": [],
      "charging": [],
      "rental": [],
      "hospital": [
        {
          "ts_sim": 3791.532000000003,
          "fee": 5.0
        },
        {
          "ts_sim": 5892.846000000009,
          "fee": 5.0
        },
        {
          "ts_sim": 8019.096000000009,
          "fee": 5.0
        },
        {
          "ts_sim": 10160.439000000006,
          "fee": 5.0
        }
      ],
      "help_income": [],
      "help_expense": [],
      "advance_out": [],
      "advance_return": []
    }
  },
  "orders": {
    "completed_count": 5,
    "timeout_count": 4,
    "avg_stars": 3.4,
    "avg_food_stars": 3.8,
    "temp_ok_rate": 0.2,
    "odor_ok_rate": 0.6,
    "damage_ok_rate": 1.0,
    "method_success_rate": 0.6,
    "total_active_time_s": 8706.384000000056,
    "avg_time_per_order_s": 1741.2768000000112,
    "details": [
      {
        "id": 25,
        "duration_s": 800.9519999999902,
        "on_time": false,
        "temp_ok_all": false,
        "odor_ok_all": true,
        "damage_ok_all": true,
        "stars": {
          "overall": 3,
          "time": 1,
          "food": 4,
          "method": 5
        },
        "earnings": 0.8286469504952201,
        "bonus_extra": 0.0,
        "paid_total": 0.8286469504952201,
        "pickup": "2nd road (right)",
        "dropoff": "3rd road (left)",
        "allowed_delivery_methods": [
          "leave_at_door"
        ],
        "delivery_method": "leave_at_door"
      },
      {
        "id": 3,
        "duration_s": 942.2339999999931,
        "on_time": false,
        "temp_ok_all": false,
        "odor_ok_all": true,
        "damage_ok_all": true,
        "stars": {
          "overall": 3,
          "time": 4,
          "food": 4,
          "method": 1
        },
        "earnings": 11.996527855355236,
        "bonus_extra": 0.0,
        "paid_total": 11.996527855355236,
        "pickup": "2nd road (right)",
        "dropoff": "13th road (left)",
        "allowed_delivery_methods": [
          "leave_at_door"
        ],
        "delivery_method": "call"
      },
      {
        "id": 30,
        "duration_s": 295.8750000000109,
        "on_time": true,
        "temp_ok_all": true,
        "odor_ok_all": true,
        "damage_ok_all": true,
        "stars": {
          "overall": 5,
          "time": 5,
          "food": 4,
          "method": 5
        },
        "earnings": 5.777712287248655,
        "bonus_extra": 3.0,
        "paid_total": 8.777712287248654,
        "pickup": "9th road (right)",
        "dropoff": "2nd road (right)",
        "allowed_delivery_methods": [],
        "delivery_method": "leave_at_door"
      },
      {
        "id": 35,
        "duration_s": 940.0350000000144,
        "on_time": false,
        "temp_ok_all": false,
        "odor_ok_all": false,
        "damage_ok_all": true,
        "stars": {
          "overall": 3,
          "time": 4,
          "food": 3,
          "method": 1
        },
        "earnings": 9.174838200512028,
        "bonus_extra": 0.0,
        "paid_total": 9.174838200512028,
        "pickup": "2nd road (right)",
        "dropoff": "13th road (right)",
        "allowed_delivery_methods": [
          "hand_to_customer"
        ],
        "delivery_method": "knock"
      },
      {
        "id": 42,
        "duration_s": 5727.288000000048,
        "on_time": false,
        "temp_ok_all": false,
        "odor_ok_all": false,
        "damage_ok_all": true,
        "stars": {
          "overall": 3,
          "time": 1,
          "food": 4,
          "method": 5
        },
        "earnings": 3.758067405478524,
        "bonus_extra": 0.0,
        "paid_total": 3.758067405478524,
        "pickup": "2nd road (right)",
        "dropoff": "13th road (right)",
        "allowed_delivery_methods": [
          "knock"
        ],
        "delivery_method": "knock"
      }
    ]
  },
  "activity": {
    "active_time_ratio": 1.2091247814234642,
    "orders_per_hour": 2.4998031405026717,
    "avg_order_time_s": 1741.2768000000112,
    "mode_time_s": {
      "e-scooter": 1239.234000000004,
      "drag_scooter": 199.97099999999773,
      "walk": 5761.362000000037
    },
    "mode_time_ratio": {
      "e-scooter": 0.172102280278761,
      "drag_scooter": 0.027771562989414116,
      "walk": 0.8001261567318249
    }
  },
  "interruptions": {
    "scooter_depleted": 1,
    "hospital_rescue": 4,
    "rent_insufficient": 0,
    "charge_insufficient": 0
  },
  "social": {
    "help_posted": 0,
    "help_accepted": 0,
    "help_given": 0,
    "help_received": 0
  },
  "capability_buckets": {
    "high_level_planning": {
      "active_time_ratio": 1.2091247814234642,
      "orders_per_hour": 2.4998031405026717,
      "avg_order_time_s": 1741.2768000000112,
      "scooter_depleted_events": 1,
      "hospital_rescue_times": 4,
      "rent_insufficient_times": 0,
      "charge_insufficient_times": 0
    },
    "common_sense_reasoning": {
      "temp_ok_rate": 0.2,
      "odor_ok_rate": 0.6,
      "damage_ok_rate": 1.0,
      "method_success_rate": 0.6
    },
    "social_reasoning": {
      "help_posted": 0,
      "help_accepted": 0,
      "help_given": 0,
      "help_received": 0,
      "say": 0
    }
  },
  "actions": {
    "view_orders": {
      "attempts": 6,
      "successes": 6,
      "success_rate": 1.0
    },
    "accept_order": {
      "attempts": 4,
      "successes": 3,
      "success_rate": 0.75
    },
    "move_to": {
      "attempts": 76,
      "successes": 72,
      "success_rate": 0.9473684210526315
    },
    "wait": {
      "attempts": 2,
      "successes": 2,
      "success_rate": 1.0
    },
    "pickup": {
      "attempts": 24,
      "successes": 5,
      "success_rate": 0.20833333333333334
    },
    "place_food_in_bag": {
      "attempts": 5,
      "successes": 5,
      "success_rate": 1.0
    },
    "drop_off": {
      "attempts": 8,
      "successes": 5,
      "success_rate": 0.625
    },
    "switch_transport": {
      "attempts": 1,
      "successes": 1,
      "success_rate": 1.0
    },
    "step_forward": {
      "attempts": 1,
      "successes": 1,
      "success_rate": 1.0
    }
  },
  "vlm": {
    "total_calls": 133,
    "successes": 128,
    "parse_failures": 5,
    "retries": 5,
    "success_rate": 0.9624060150375939,
    "parse_success_rate": 0.9624060150375939
  }
}