{
  "meta": {
    "agent_id": "4",
    "model": "meta-llama/llama-3.2-90b-vision-instruct",
    "lifecycle_hours": 2.0,
    "started_sim_s": 39.18900000000576,
    "ended_sim_s": 10934.862000000005,
    "active_elapsed_s": 5594.666999999987,
    "active_hours": 1.5540741666666629,
    "wall_finished_ts": 1758589697.0996413
  },
  "money": {
    "totals": {
      "initial_earnings": 100.0,
      "current_balance": 93.18245661829187,
      "net_growth": -6.817543381708134,
      "orders_income": 22.711272289788212,
      "help_income": 0.0,
      "expense_total": 29.528815671496332,
      "base_wage": 22.711272289788212,
      "bonus": 0.0,
      "help_expense": 0.0,
      "expense_breakdown": {
        "purchases": 12.0,
        "charging": 2.5288156714963326,
        "rental": 0.0,
        "hospital": 15.0,
        "help_expense": 0.0
      },
      "advances": {
        "out": 0.0,
        "returned": 0.0,
        "net": 0.0
      },
      "observed_agent_balance_end": 93.18245661829187
    },
    "per_hour": {
      "net_growth": -4.386884183482117,
      "orders_income": 14.614020860086537,
      "help_income": 0.0,
      "expense_total": 19.000905043568643,
      "base_wage": 14.614020860086537,
      "bonus": 0.0,
      "initial_earnings": 64.34699330630419,
      "current_balance": 59.96010912282206,
      "help_expense": 0.0,
      "observed_agent_balance_end": 59.96010912282206
    },
    "details": {
      "purchases": [
        {
          "ts_sim": 770.4390000000058,
          "items": "2 x ice_pack, 2 x heat_pack",
          "cost": 12.0
        }
      ],
      "charging": [
        {
          "ts_sim": 876.4710000000086,
          "which": "own",
          "req_id": null,
          "delta_pct": 50.57631342992665,
          "cost": 2.5288156714963326,
          "start_ts": 531.7949999999983,
          "end_ts": 876.4710000000086,
          "reason": "finished",
          "aggregated": true,
          "target_pct": 100.0
        }
      ],
      "rental": [],
      "hospital": [
        {
          "ts_sim": 4843.782000000003,
          "fee": 5.0
        },
        {
          "ts_sim": 6955.641000000007,
          "fee": 5.0
        },
        {
          "ts_sim": 9319.689000000006,
          "fee": 5.0
        }
      ],
      "help_income": [],
      "help_expense": [],
      "advance_out": [],
      "advance_return": []
    }
  },
  "orders": {
    "completed_count": 6,
    "timeout_count": 6,
    "avg_stars": 2.8333333333333335,
    "avg_food_stars": 4.0,
    "temp_ok_rate": 0.16666666666666666,
    "odor_ok_rate": 0.8333333333333334,
    "damage_ok_rate": 1.0,
    "method_success_rate": 0.8333333333333334,
    "total_active_time_s": 18368.37899999997,
    "avg_time_per_order_s": 3061.3964999999953,
    "details": [
      {
        "id": 4,
        "duration_s": 1997.0640000000058,
        "on_time": false,
        "temp_ok_all": false,
        "odor_ok_all": false,
        "damage_ok_all": true,
        "stars": {
          "overall": 3,
          "time": 1,
          "food": 4,
          "method": 5
        },
        "earnings": 2.250581615955,
        "bonus_extra": 0.0,
        "paid_total": 2.250581615955,
        "pickup": "2nd road (right)",
        "dropoff": "7th road (right)",
        "allowed_delivery_methods": [
          "knock"
        ],
        "delivery_method": "knock"
      },
      {
        "id": 7,
        "duration_s": 3546.6059999999925,
        "on_time": false,
        "temp_ok_all": false,
        "odor_ok_all": true,
        "damage_ok_all": true,
        "stars": {
          "overall": 3,
          "time": 1,
          "food": 4,
          "method": 5
        },
        "earnings": 2.4038624831690965,
        "bonus_extra": 0.0,
        "paid_total": 2.4038624831690965,
        "pickup": "1st road (right)",
        "dropoff": "12th road (left)",
        "allowed_delivery_methods": [],
        "delivery_method": "leave_at_door"
      },
      {
        "id": 14,
        "duration_s": 3560.8559999999925,
        "on_time": false,
        "temp_ok_all": false,
        "odor_ok_all": true,
        "damage_ok_all": true,
        "stars": {
          "overall": 3,
          "time": 1,
          "food": 4,
          "method": 5
        },
        "earnings": 3.857074218750233,
        "bonus_extra": 0.0,
        "paid_total": 3.857074218750233,
        "pickup": "1st road (right)",
        "dropoff": "12th road (left)",
        "allowed_delivery_methods": [],
        "delivery_method": "leave_at_door"
      },
      {
        "id": 16,
        "duration_s": 3670.2629999999954,
        "on_time": false,
        "temp_ok_all": true,
        "odor_ok_all": true,
        "damage_ok_all": true,
        "stars": {
          "overall": 3,
          "time": 1,
          "food": 4,
          "method": 5
        },
        "earnings": 3.9457846255333755,
        "bonus_extra": 0.0,
        "paid_total": 3.9457846255333755,
        "pickup": "1st road (right)",
        "dropoff": "11th road (right)",
        "allowed_delivery_methods": [
          "leave_at_door"
        ],
        "delivery_method": "leave_at_door"
      },
      {
        "id": 12,
        "duration_s": 3810.7949999999983,
        "on_time": false,
        "temp_ok_all": false,
        "odor_ok_all": true,
        "damage_ok_all": true,
        "stars": {
          "overall": 2,
          "time": 1,
          "food": 5,
          "method": 1
        },
        "earnings": 4.771525817528945,
        "bonus_extra": 0.0,
        "paid_total": 4.771525817528945,
        "pickup": "1st road (right)",
        "dropoff": "13th road (left)",
        "allowed_delivery_methods": [
          "hand_to_customer"
        ],
        "delivery_method": "leave_at_door"
      },
      {
        "id": 68,
        "duration_s": 1782.7949999999873,
        "on_time": false,
        "temp_ok_all": false,
        "odor_ok_all": true,
        "damage_ok_all": true,
        "stars": {
          "overall": 3,
          "time": 1,
          "food": 3,
          "method": 5
        },
        "earnings": 5.48244352885156,
        "bonus_extra": 0.0,
        "paid_total": 5.48244352885156,
        "pickup": "2nd road (right)",
        "dropoff": "13th road (left)",
        "allowed_delivery_methods": [],
        "delivery_method": "leave_at_door"
      }
    ]
  },
  "activity": {
    "active_time_ratio": 3.283194334890712,
    "orders_per_hour": 3.8608195983782507,
    "avg_order_time_s": 3061.3964999999953,
    "mode_time_s": {
      "e-scooter": 17.90700000000288,
      "walk": 5576.759999999984
    },
    "mode_time_ratio": {
      "e-scooter": 0.0032007266920449284,
      "walk": 0.996799273307955
    }
  },
  "interruptions": {
    "scooter_depleted": 0,
    "hospital_rescue": 3,
    "rent_insufficient": 0,
    "charge_insufficient": 0
  },
  "social": {
    "help_posted": 0,
    "help_accepted": 0,
    "help_given": 0,
    "help_received": 0
  },
  "capability_buckets": {
    "high_level_planning": {
      "active_time_ratio": 3.283194334890712,
      "orders_per_hour": 3.8608195983782507,
      "avg_order_time_s": 3061.3964999999953,
      "scooter_depleted_events": 0,
      "hospital_rescue_times": 3,
      "rent_insufficient_times": 0,
      "charge_insufficient_times": 0
    },
    "common_sense_reasoning": {
      "temp_ok_rate": 0.16666666666666666,
      "odor_ok_rate": 0.8333333333333334,
      "damage_ok_rate": 1.0,
      "method_success_rate": 0.8333333333333334
    },
    "social_reasoning": {
      "help_posted": 0,
      "help_accepted": 0,
      "help_given": 0,
      "help_received": 0,
      "say": 0
    }
  },
  "actions": {
    "view_orders": {
      "attempts": 2,
      "successes": 2,
      "success_rate": 1.0
    },
    "accept_order": {
      "attempts": 2,
      "successes": 2,
      "success_rate": 1.0
    },
    "move_to": {
      "attempts": 47,
      "successes": 44,
      "success_rate": 0.9361702127659575
    },