{
  "meta": {
    "agent_id": "7",
    "model": "meta-llama/llama-3.2-90b-vision-instruct",
    "lifecycle_hours": 2.0,
    "started_sim_s": 69.09599999999773,
    "ended_sim_s": 18652.548000000003,
    "active_elapsed_s": 7208.769000000006,
    "active_hours": 2.002435833333335,
    "wall_finished_ts": 1760178265.4943855
  },
  "money": {
    "totals": {
      "initial_earnings": 100.0,
      "current_balance": 104.40376737196641,
      "net_growth": 4.40376737196641,
      "orders_income": 24.403767371966325,
      "help_income": 0.0,
      "expense_total": 20.000000000000004,
      "base_wage": 18.403767371966325,
      "bonus": 6.0,
      "help_expense": 0.0,
      "expense_breakdown": {
        "purchases": 0.0,
        "charging": 5.000000000000004,
        "rental": 0.0,
        "hospital": 15.0,
        "help_expense": 0.0
      },
      "advances": {
        "out": 0.0,
        "returned": 0.0,
        "net": 0.0
      },
      "observed_agent_balance_end": 104.40376737196641
    },
    "per_hour": {
      "net_growth": 2.19920523727131,
      "orders_income": 12.187040885771024,
      "help_income": 0.0,
      "expense_total": 9.987835648499757,
      "base_wage": 9.190690191221098,
      "bonus": 2.996350694549927,
      "initial_earnings": 49.939178242498784,
      "current_balance": 52.13838347977009,
      "help_expense": 0.0,
      "observed_agent_balance_end": 52.13838347977009
    },
    "details": {
      "purchases": [],
      "charging": [
        {
          "ts_sim": 10593.096000000003,
          "which": "own",
          "req_id": null,
          "delta_pct": 100.0,
          "cost": 5.000000000000004,
          "start_ts": 9065.624999999995,
          "end_ts": 10593.096000000003,
          "reason": "finished",
          "aggregated": true,
          "target_pct": 100.0
        }
      ],
      "rental": [],
      "hospital": [
        {
          "ts_sim": 12370.971000000003,
          "fee": 5.0
        },
        {
          "ts_sim": 14544.891000000001,
          "fee": 5.0
        },
        {
          "ts_sim": 16392.657,
          "fee": 5.0
        }
      ],
      "help_income": [],
      "help_expense": [],
      "advance_out": [],
      "advance_return": []
    }
  },
  "energy": {
    "personal_consumed_pct": 300.00000000000074,
    "scooter_batt_consumed_pct": 24.876719270829643,
    "personal_remaining_pct": 100.0,
    "scooter_remaining_pct": 100.0
  },
  "orders": {
    "completed_count": 6,
    "timeout_count": 8,
    "ontime_rate": 0.1111111111111111,
    "avg_stars": 3.6666666666666665,
    "avg_food_stars": 4.333333333333333,
    "temp_ok_rate": 0.3333333333333333,
    "odor_ok_rate": 1.0,
    "damage_ok_rate": 1.0,
    "method_success_rate": 1.0,
    "total_active_time_s": 4288.080000000007,
    "avg_time_per_order_s": 714.6800000000012,
    "open_count": 3,
    "open_overdue_count": 3,
    "open_not_due_count": 0,
    "completed_order_details": [
      {
        "id": 6,
        "duration_s": 421.3619999999937,
        "time_limit_s": 247.16523980821344,
        "deadline_slack_s": -174.19676019178027,
        "is_overdue": true,
        "temp_ok_all": false,
        "odor_ok_all": true,
        "damage_ok_all": true,
        "pick_score": 4.555555555555555,
        "stars": {
          "overall": 3,
          "time": 1,
          "food": 4,
          "method": 5
        },
        "earnings": 1.4803021147186661,
        "bonus_extra": 0.0,
        "paid_total": 1.4803021147186661,
        "pickup": "2nd road (right)",
        "dropoff": "5th road (right)",
        "allowed_delivery_methods": [
          "leave_at_door"
        ],
        "delivery_method": "leave_at_door"
      },
      {
        "id": 5,
        "duration_s": 455.76899999999114,
        "time_limit_s": 377.79208974232927,
        "deadline_slack_s": -77.97691025766187,
        "is_overdue": true,
        "temp_ok_all": true,
        "odor_ok_all": true,
        "damage_ok_all": true,
        "pick_score": 2.9259259259259256,
        "stars": {
          "overall": 4,
          "time": 3,
          "food": 5,
          "method": 5
        },
        "earnings": 2.3437916418769404,
        "bonus_extra": 1.5,
        "paid_total": 3.8437916418769404,
        "pickup": "2nd road (right)",
        "dropoff": "9th road (left)",
        "allowed_delivery_methods": [],
        "delivery_method": "leave_at_door"
      },
      {
        "id": 7,
        "duration_s": 566.1060000000034,
        "time_limit_s": 419.6397012612786,
        "deadline_slack_s": -146.4662987387248,
        "is_overdue": true,
        "temp_ok_all": true,
        "odor_ok_all": true,
        "damage_ok_all": true,
        "pick_score": 3.814814814814815,
        "stars": {
          "overall": 4,
          "time": 2,
          "food": 5,
          "method": 5
        },
        "earnings": 3.836526200498187,
        "bonus_extra": 1.5,
        "paid_total": 5.336526200498187,
        "pickup": "8th road (right)",
        "dropoff": "15th road (right)",
        "allowed_delivery_methods": [
          "leave_at_door",
          "knock"
        ],
        "delivery_method": "leave_at_door"
      },
      {
        "id": 8,
        "duration_s": 656.3880000000063,
        "time_limit_s": 377.50284747766665,
        "deadline_slack_s": -278.88515252233964,
        "is_overdue": true,
        "temp_ok_all": false,
        "odor_ok_all": true,
        "damage_ok_all": true,
        "pick_score": 3.5185185185185186,
        "stars": {
          "overall": 3,
          "time": 1,
          "food": 4,
          "method": 5
        },
        "earnings": 1.5433422644189732,
        "bonus_extra": 0.0,
        "paid_total": 1.5433422644189732,
        "pickup": "8th road (right)",
        "dropoff": "4th road (left)",
        "allowed_delivery_methods": [
          "knock"
        ],
        "delivery_method": "knock"
      },
      {
        "id": 1,
        "duration_s": 710.484000000004,
        "time_limit_s": 712.7740925896563,
        "deadline_slack_s": 2.2900925896523177,
        "is_overdue": false,
        "temp_ok_all": false,
        "odor_ok_all": true,
        "damage_ok_all": true,
        "pick_score": 3.3703703703703707,
        "stars": {
          "overall": 5,
          "time": 5,
          "food": 4,
          "method": 5
        },
        "earnings": 6.41025115309447,
        "bonus_extra": 3.0,
        "paid_total": 9.410251153094471,
        "pickup": "7th road (right)",
        "dropoff": "3rd road (left)",
        "allowed_delivery_methods": [],
        "delivery_method": "leave_at_door"
      },
      {
        "id": 11,
        "duration_s": 1477.9710000000086,
        "time_limit_s": 425.04221429378407,
        "deadline_slack_s": -1052.9287857062245,
        "is_overdue": true,
        "temp_ok_all": false,
        "odor_ok_all": true,
        "damage_ok_all": true,
        "pick_score": 4.2592592592592595,
        "stars": {
          "overall": 3,
          "time": 1,
          "food": 4,
          "method": 5
        },
        "earnings": 2.7895539973590884,
        "bonus_extra": 0.0,
        "paid_total": 2.7895539973590884,
        "pickup": "2nd road (right)",
        "dropoff": "14th road (left)",
        "allowed_delivery_methods": [
          "leave_at_door"
        ],
        "delivery_method": "leave_at_door"
      }
    ],
    "open_order_details": [
      {
        "id": 0,
        "elapsed_s": 3431.861999999992,
        "time_limit_s": 1194.1778843544114,
        "deadline_slack_s": -2237.6841156455803,
        "is_overdue": true,
        "pick_score": 2.9259259259259265,
        "pickup": "12th road (left)",
        "dropoff": "11th road (right)",
        "earnings": 14.92855289708031,
        "allowed_delivery_methods": []
      },
      {
        "id": 2,
        "elapsed_s": 3431.861999999992,
        "time_limit_s": 156.60867351989344,
        "deadline_slack_s": -3275.2533264800986,
        "is_overdue": true,