{
  "meta": {
    "agent_id": "7",
    "model": "meta-llama/llama-3.2-90b-vision-instruct",
    "lifecycle_hours": 2.0,
    "started_sim_s": 71.06399999998393,
    "ended_sim_s": 15484.125,
    "active_elapsed_s": 7200.22800000009,
    "active_hours": 2.000063333333358,
    "wall_finished_ts": 1760260219.2248988
  },
  "money": {
    "totals": {
      "initial_earnings": 100.0,
      "current_balance": 101.71332136346169,
      "net_growth": 1.713321363461688,
      "orders_income": 26.860968556251656,
      "help_income": 0.0,
      "expense_total": 25.14764719278994,
      "base_wage": 25.360968556251656,
      "bonus": 1.5,
      "help_expense": 0.0,
      "expense_breakdown": {
        "purchases": 0.0,
        "charging": 10.14764719278994,
        "rental": 0.0,
        "hospital": 15.0,
        "help_expense": 0.0
      },
      "advances": {
        "out": 0.0,
        "returned": 0.0,
        "net": 0.0
      },
      "observed_agent_balance_end": 101.71332136346169
    },
    "per_hour": {
      "net_growth": 0.8566335550015917,
      "orders_income": 13.430058992924218,
      "help_income": 0.0,
      "expense_total": 12.573425437922612,
      "base_wage": 12.680082742172168,
      "bonus": 0.7499762507520502,
      "initial_earnings": 49.99841671680335,
      "current_balance": 50.85505027180494,
      "help_expense": 0.0,
      "observed_agent_balance_end": 50.85505027180494
    },
    "details": {
      "purchases": [],
      "charging": [
        {
          "ts_sim": 8653.781999999992,
          "which": "own",
          "req_id": null,
          "delta_pct": 118.49431346777193,
          "cost": 5.924715673388597,
          "start_ts": 4379.108999999982,
          "end_ts": 8653.781999999992,
          "reason": "finished",
          "aggregated": true,
          "target_pct": 100.0
        },
        {
          "ts_sim": 13078.455000000002,
          "which": "own",
          "req_id": null,
          "delta_pct": 84.45863038802685,
          "cost": 4.222931519401343,
          "start_ts": 12410.487000000037,
          "end_ts": 13078.455000000002,
          "reason": "finished",
          "aggregated": true,
          "target_pct": 100.0
        }
      ],
      "rental": [],
      "hospital": [
        {
          "ts_sim": 9461.156999999992,
          "fee": 5.0
        },
        {
          "ts_sim": 12995.438999999984,
          "fee": 5.0
        },
        {
          "ts_sim": 14933.108999999982,
          "fee": 5.0
        }
      ],
      "help_income": [],
      "help_expense": [],
      "advance_out": [],
      "advance_return": []
    }
  },
  "energy": {
    "personal_consumed_pct": 299.9999999999997,
    "scooter_batt_consumed_pct": 76.44495475321033,
    "personal_remaining_pct": 0.0,
    "scooter_remaining_pct": 100.0
  },
  "orders": {
    "completed_count": 7,
    "timeout_count": 9,
    "ontime_rate": 0.0,
    "avg_stars": 3.142857142857143,
    "avg_food_stars": 3.857142857142857,
    "temp_ok_rate": 0.5714285714285714,
    "odor_ok_rate": 0.8571428571428571,
    "damage_ok_rate": 1.0,
    "method_success_rate": 1.0,
    "total_active_time_s": 12592.668000000165,
    "avg_time_per_order_s": 1798.952571428595,
    "open_count": 2,
    "open_overdue_count": 2,
    "open_not_due_count": 0,
    "completed_order_details": [
      {
        "id": 1,
        "duration_s": 2549.8109999999724,
        "time_limit_s": 1008.4037699744524,
        "deadline_slack_s": -1541.40723002552,
        "is_overdue": true,
        "temp_ok_all": true,
        "odor_ok_all": true,
        "damage_ok_all": true,
        "pick_score": 3.5185185185185186,
        "stars": {
          "overall": 4,
          "time": 1,
          "food": 5,
          "method": 5
        },
        "earnings": 4.534481188687742,
        "bonus_extra": 1.5,
        "paid_total": 6.034481188687742,
        "pickup": "11th road (left)",
        "dropoff": "4th road (right)",
        "allowed_delivery_methods": [],
        "delivery_method": "leave_at_door"
      },
      {
        "id": 3,
        "duration_s": 2702.7179999999644,
        "time_limit_s": 871.3414169332948,
        "deadline_slack_s": -1831.3765830666696,
        "is_overdue": true,
        "temp_ok_all": false,
        "odor_ok_all": false,
        "damage_ok_all": true,
        "pick_score": 3.814814814814815,
        "stars": {
          "overall": 3,
          "time": 1,
          "food": 3,
          "method": 5
        },
        "earnings": 6.159501887621641,
        "bonus_extra": 0.0,
        "paid_total": 6.159501887621641,
        "pickup": "11th road (left)",
        "dropoff": "4th road (right)",
        "allowed_delivery_methods": [],
        "delivery_method": "leave_at_door"
      },
      {
        "id": 6,
        "duration_s": 384.6570000000356,
        "time_limit_s": 64.6529154709583,
        "deadline_slack_s": -320.0040845290773,
        "is_overdue": true,
        "temp_ok_all": true,
        "odor_ok_all": true,
        "damage_ok_all": true,
        "pick_score": 4.4074074074074066,
        "stars": {
          "overall": 3,
          "time": 1,
          "food": 4,
          "method": 5
        },
        "earnings": 0.33005708323149624,
        "bonus_extra": 0.0,
        "paid_total": 0.33005708323149624,
        "pickup": "5th road (left)",
        "dropoff": "5th road (left)",
        "allowed_delivery_methods": [
          "leave_at_door"
        ],
        "delivery_method": "leave_at_door"
      },
      {
        "id": 5,
        "duration_s": 1575.792000000074,
        "time_limit_s": 429.6730841664858,
        "deadline_slack_s": -1146.1189158335883,
        "is_overdue": true,
        "temp_ok_all": true,
        "odor_ok_all": true,
        "damage_ok_all": true,
        "pick_score": 2.7777777777777777,
        "stars": {
          "overall": 3,
          "time": 1,
          "food": 4,
          "method": 5
        },
        "earnings": 1.60792658764222,
        "bonus_extra": 0.0,
        "paid_total": 1.60792658764222,
        "pickup": "5th road (left)",
        "dropoff": "12th road (left)",
        "allowed_delivery_methods": [],
        "delivery_method": "leave_at_door"
      },
      {
        "id": 11,
        "duration_s": 1856.385000000082,
        "time_limit_s": 1230.6545003290114,
        "deadline_slack_s": -625.7304996710707,
        "is_overdue": true,
        "temp_ok_all": true,
        "odor_ok_all": true,
        "damage_ok_all": true,
        "pick_score": 3.2222222222222223,
        "stars": {
          "overall": 3,
          "time": 1,
          "food": 4,
          "method": 5
        },
        "earnings": 10.708704645168764,
        "bonus_extra": 0.0,
        "paid_total": 10.708704645168764,
        "pickup": "5th road (left)",
        "dropoff": "17th road (left)",
        "allowed_delivery_methods": [
          "leave_at_door"
        ],
        "delivery_method": "leave_at_door"
      },
      {
        "id": 0,
        "duration_s": 1687.3080000000045,
        "time_limit_s": 103.75305195068216,
        "deadline_slack_s": -1583.5549480493223,
        "is_overdue": true,
        "temp_ok_all": false,
        "odor_ok_all": true,
        "damage_ok_all": true,
        "pick_score": 2.6296296296296298,
        "stars": {
          "overall": 3,
          "time": 1,
          "food": 4,
          "method": 5
        },
        "earnings": 0.6485143229380047,
        "bonus_extra": 0.0,
        "paid_total": 0.6485143229380047,
        "pickup": "14th road (right)",
        "dropoff": "14th road (right)",
        "allowed_delivery_methods": [],
        "delivery_method": "leave_at_door"
      },
      {
        "id": 2,
        "duration_s": 1835.9970000000321,
        "time_limit_s": 234.0519317714048,
        "deadline_slack_s": -1601.9450682286274,
        "is_overdue": true,
        "temp_ok_all": false,
        "odor_ok_all": true,
        "damage_ok_all": true,
        "pick_score": 4.2592592592592595,