{
  "meta": {
    "agent_id": "6",
    "model": "qwen/qwen2.5-vl-32b-instruct",
    "lifecycle_hours": 2.0,
    "started_sim_s": 68.90699999999197,
    "ended_sim_s": 20047.08,
    "active_elapsed_s": 7200.336000000068,
    "active_hours": 2.000093333333352,
    "wall_finished_ts": 1760261740.2247787
  },
  "money": {
    "totals": {
      "initial_earnings": 100.0,
      "current_balance": 118.1972184382143,
      "net_growth": 18.197218438214307,
      "orders_income": 43.91509805861976,
      "help_income": 0.0,
      "expense_total": 25.71787962040561,
      "base_wage": 31.91509805861976,
      "bonus": 12.0,
      "help_expense": 0.0,
      "expense_breakdown": {
        "purchases": 6.0,
        "charging": 14.717879620405611,
        "rental": 0.0,
        "hospital": 5.0,
        "help_expense": 0.0
      },
      "advances": {
        "out": 0.0,
        "returned": 0.0,
        "net": 0.0
      },
      "observed_agent_balance_end": 118.1972184382143
    },
    "per_hour": {
      "net_growth": 9.098184637157335,
      "orders_income": 21.956524391504736,
      "help_income": 0.0,
      "expense_total": 12.858339754347481,
      "base_wage": 15.956804378438735,
      "bonus": 5.999720013066001,
      "initial_earnings": 49.99766677555,
      "current_balance": 59.09585141270734,
      "help_expense": 0.0,
      "observed_agent_balance_end": 59.09585141270734
    },
    "details": {
      "purchases": [
        {
          "ts_sim": 6766.080000000002,
          "items": "1 x energy_drink",
          "cost": 6.0
        }
      ],
      "charging": [
        {
          "ts_sim": 10196.766000000018,
          "which": "own",
          "req_id": null,
          "delta_pct": 196.72700000000623,
          "cost": 9.83635000000031,
          "start_ts": 422.4839999999822,
          "end_ts": 10196.766000000018,
          "reason": "finished",
          "aggregated": true,
          "target_pct": 100.0
        },
        {
          "ts_sim": 17863.031999999992,
          "which": "own",
          "req_id": null,
          "delta_pct": 97.63059240810612,
          "cost": 4.881529620405301,
          "start_ts": 15057.42300000001,
          "end_ts": 17863.031999999992,
          "reason": "finished",
          "aggregated": true,
          "target_pct": 100.0
        }
      ],
      "rental": [],
      "hospital": [
        {
          "ts_sim": 7523.016000000018,
          "fee": 5.0
        }
      ],
      "help_income": [],
      "help_expense": [],
      "advance_out": [],
      "advance_return": []
    }
  },
  "energy": {
    "personal_consumed_pct": 218.59909928621948,
    "scooter_batt_consumed_pct": 150.21990709073614,
    "personal_remaining_pct": 31.40090071378024,
    "scooter_remaining_pct": 43.11931940117827
  },
  "orders": {
    "completed_count": 10,
    "timeout_count": 8,
    "ontime_rate": 0.2,
    "avg_stars": 3.8,
    "avg_food_stars": 4.0,
    "temp_ok_rate": 0.4,
    "odor_ok_rate": 0.9,
    "damage_ok_rate": 1.0,
    "method_success_rate": 1.0,
    "total_active_time_s": 10218.798000000097,
    "avg_time_per_order_s": 1021.8798000000097,
    "open_count": 1,
    "open_overdue_count": 0,
    "open_not_due_count": 1,
    "completed_order_details": [
      {
        "id": 0,
        "duration_s": 653.1089999999822,
        "time_limit_s": 103.75305195068216,
        "deadline_slack_s": -549.3559480493,
        "is_overdue": true,
        "temp_ok_all": true,
        "odor_ok_all": true,
        "damage_ok_all": true,
        "pick_score": 2.481481481481482,
        "stars": {
          "overall": 4,
          "time": 1,
          "food": 5,
          "method": 5
        },
        "earnings": 0.6485143229380047,
        "bonus_extra": 1.5,
        "paid_total": 2.148514322938005,
        "pickup": "14th road (right)",
        "dropoff": "14th road (right)",
        "allowed_delivery_methods": [],
        "delivery_method": "leave_at_door"
      },
      {
        "id": 1,
        "duration_s": 811.593000000008,
        "time_limit_s": 1008.4037699744524,
        "deadline_slack_s": 196.81076997444438,
        "is_overdue": false,
        "temp_ok_all": true,
        "odor_ok_all": true,
        "damage_ok_all": true,
        "pick_score": 2.333333333333333,
        "stars": {
          "overall": 5,
          "time": 5,
          "food": 5,
          "method": 5
        },
        "earnings": 9.068962377375485,
        "bonus_extra": 3.0,
        "paid_total": 12.068962377375485,
        "pickup": "11th road (left)",
        "dropoff": "4th road (right)",
        "allowed_delivery_methods": [],
        "delivery_method": "leave_at_door"
      },
      {
        "id": 3,
        "duration_s": 2873.766000000018,
        "time_limit_s": 871.3414169332948,
        "deadline_slack_s": -2002.424583066723,
        "is_overdue": true,
        "temp_ok_all": false,
        "odor_ok_all": false,
        "damage_ok_all": true,
        "pick_score": 2.7777777777777777,
        "stars": {
          "overall": 3,
          "time": 1,
          "food": 3,
          "method": 5
        },
        "earnings": 6.159501887621641,
        "bonus_extra": 0.0,
        "paid_total": 6.159501887621641,
        "pickup": "11th road (left)",
        "dropoff": "4th road (right)",
        "allowed_delivery_methods": [],
        "delivery_method": "leave_at_door"
      },
      {
        "id": 2,
        "duration_s": 3266.202000000034,
        "time_limit_s": 234.0519317714048,
        "deadline_slack_s": -3032.150068228629,
        "is_overdue": true,
        "temp_ok_all": false,
        "odor_ok_all": true,
        "damage_ok_all": true,
        "pick_score": 4.851851851851851,
        "stars": {
          "overall": 3,
          "time": 1,
          "food": 3,
          "method": 5
        },
        "earnings": 1.371782840961786,
        "bonus_extra": 0.0,
        "paid_total": 1.371782840961786,
        "pickup": "14th road (right)",
        "dropoff": "15th road (right)",
        "allowed_delivery_methods": [
          "leave_at_door",
          "knock"
        ],
        "delivery_method": "leave_at_door"
      },
      {
        "id": 4,
        "duration_s": 656.531999999992,
        "time_limit_s": 57.42043172865377,
        "deadline_slack_s": -599.1115682713382,
        "is_overdue": true,
        "temp_ok_all": true,
        "odor_ok_all": true,
        "damage_ok_all": true,
        "pick_score": 2.481481481481482,
        "stars": {
          "overall": 4,
          "time": 1,
          "food": 5,
          "method": 5
        },
        "earnings": 0.3125629883138048,
        "bonus_extra": 1.5,
        "paid_total": 1.8125629883138048,
        "pickup": "8th road (right)",
        "dropoff": "8th road (right)",
        "allowed_delivery_methods": [],
        "delivery_method": "leave_at_door"
      },
      {
        "id": 12,
        "duration_s": 520.0769999999902,
        "time_limit_s": 483.5635510121093,
        "deadline_slack_s": -36.513448987880906,
        "is_overdue": true,
        "temp_ok_all": false,
        "odor_ok_all": true,
        "damage_ok_all": true,
        "pick_score": 3.074074074074074,
        "stars": {
          "overall": 4,
          "time": 4,
          "food": 4,
          "method": 5
        },
        "earnings": 6.960077406516244,
        "bonus_extra": 1.5,
        "paid_total": 8.460077406516245,
        "pickup": "14th road (right)",
        "dropoff": "7th road (right)",
        "allowed_delivery_methods": [],
        "delivery_method": "leave_at_door"
      },
      {
        "id": 6,
        "duration_s": 240.8399999999965,
        "time_limit_s": 64.6529154709583,
        "deadline_slack_s": -176.1870845290382,
        "is_overdue": true,
        "temp_ok_all": false,
        "odor_ok_all": true,
        "damage_ok_all": true,
        "pick_score": 4.111111111111111,
        "stars": {
          "overall": 3,
          "time": 1,
          "food": 3,
          "method": 5
        },