{
  "meta": {
    "agent_id": "3",
    "model": "google/gemini-2.5-flash",
    "lifecycle_hours": 2.0,
    "started_sim_s": 44.52899999998044,
    "ended_sim_s": 10015.875,
    "active_elapsed_s": 7223.856000000058,
    "active_hours": 2.006626666666683,
    "wall_finished_ts": 1758389609.9574912
  },
  "money": {
    "totals": {
      "initial_earnings": 100.0,
      "current_balance": 119.13416211149706,
      "net_growth": 19.134162111497062,
      "orders_income": 39.13416211149706,
      "help_income": 0.0,
      "expense_total": 20.0,
      "base_wage": 31.634162111497066,
      "bonus": 7.5,
      "help_expense": 0.0,
      "expense_breakdown": {
        "purchases": 0.0,
        "charging": 0.0,
        "rental": 0.0,
        "hospital": 20.0,
        "help_expense": 0.0
      },
      "advances": {
        "out": 0.0,
        "returned": 0.0,
        "net": 0.0
      },
      "observed_agent_balance_end": 119.13416211149706
    },
    "per_hour": {
      "net_growth": 9.567081055748531,
      "orders_income": 19.56708105574853,
      "help_income": 0.0,
      "expense_total": 10.0,
      "base_wage": 15.817081055748533,
      "bonus": 3.75,
      "initial_earnings": 50.0,
      "current_balance": 59.56708105574853,
      "help_expense": 0.0,
      "observed_agent_balance_end": 59.56708105574853
    },
    "details": {
      "purchases": [],
      "charging": [],
      "rental": [],
      "hospital": [
        {
          "ts_sim": 3213.9839999999385,
          "fee": 5.0
        },
        {
          "ts_sim": 5236.7339999999385,
          "fee": 5.0
        },
        {
          "ts_sim": 7913.342999999964,
          "fee": 5.0
        },
        {
          "ts_sim": 9793.919999999955,
          "fee": 5.0
        }
      ],
      "help_income": [],
      "help_expense": [],
      "advance_out": [],
      "advance_return": []
    }
  },
  "orders": {
    "completed_count": 7,
    "timeout_count": 5,
    "avg_stars": 3.7142857142857144,
    "avg_food_stars": 4.0,
    "temp_ok_rate": 0.2857142857142857,
    "odor_ok_rate": 0.5714285714285714,
    "damage_ok_rate": 1.0,
    "method_success_rate": 1.0,
    "total_active_time_s": 14285.051999999676,
    "avg_time_per_order_s": 2040.721714285668,
    "details": [
      {
        "id": 12,
        "duration_s": 671.6730000000098,
        "on_time": true,
        "temp_ok_all": true,
        "odor_ok_all": true,
        "damage_ok_all": true,
        "stars": {
          "overall": 5,
          "time": 4,
          "food": 5,
          "method": 5
        },
        "earnings": 7.202399070942065,
        "bonus_extra": 3.0,
        "paid_total": 10.202399070942064,
        "pickup": "10th road (right)",
        "dropoff": "21st road (right)",
        "allowed_delivery_methods": [],
        "delivery_method": "leave_at_door"
      },
      {
        "id": 10,
        "duration_s": 886.1730000000098,
        "on_time": true,
        "temp_ok_all": false,
        "odor_ok_all": false,
        "damage_ok_all": true,
        "stars": {
          "overall": 5,
          "time": 5,
          "food": 4,
          "method": 5
        },
        "earnings": 8.997850683926826,
        "bonus_extra": 3.0,
        "paid_total": 11.997850683926826,
        "pickup": "10th road (right)",
        "dropoff": "24th road (right)",
        "allowed_delivery_methods": [],
        "delivery_method": "leave_at_door"
      },
      {
        "id": 22,
        "duration_s": 528.6539999998931,
        "on_time": false,
        "temp_ok_all": false,
        "odor_ok_all": false,
        "damage_ok_all": true,
        "stars": {
          "overall": 4,
          "time": 2,
          "food": 4,
          "method": 5
        },
        "earnings": 3.312175767341068,
        "bonus_extra": 1.5,
        "paid_total": 4.812175767341068,
        "pickup": "5th road (right)",
        "dropoff": "11th road (right)",
        "allowed_delivery_methods": [],
        "delivery_method": "leave_at_door"
      },
      {
        "id": 25,
        "duration_s": 2456.6699999998673,
        "on_time": false,
        "temp_ok_all": false,
        "odor_ok_all": true,
        "damage_ok_all": true,
        "stars": {
          "overall": 3,
          "time": 1,
          "food": 4,
          "method": 5
        },
        "earnings": 2.9906127620084018,
        "bonus_extra": 0.0,
        "paid_total": 2.9906127620084018,
        "pickup": "5th road (right)",
        "dropoff": "16th road (left)",
        "allowed_delivery_methods": [],
        "delivery_method": "leave_at_door"
      },
      {
        "id": 28,
        "duration_s": 3790.214999999909,
        "on_time": false,
        "temp_ok_all": false,
        "odor_ok_all": true,
        "damage_ok_all": true,
        "stars": {
          "overall": 3,
          "time": 1,
          "food": 4,
          "method": 5
        },
        "earnings": 3.7607438892048606,
        "bonus_extra": 0.0,
        "paid_total": 3.7607438892048606,
        "pickup": "5th road (right)",
        "dropoff": "14th road (left)",
        "allowed_delivery_methods": [],
        "delivery_method": "leave_at_door"
      },
      {
        "id": 31,
        "duration_s": 4132.355999999971,
        "on_time": false,
        "temp_ok_all": true,
        "odor_ok_all": true,
        "damage_ok_all": true,
        "stars": {
          "overall": 3,
          "time": 1,
          "food": 4,
          "method": 5
        },
        "earnings": 3.8892565298212443,
        "bonus_extra": 0.0,
        "paid_total": 3.8892565298212443,
        "pickup": "5th road (right)",
        "dropoff": "15th road (right)",
        "allowed_delivery_methods": [],
        "delivery_method": "leave_at_door"
      },
      {
        "id": 45,
        "duration_s": 1819.311000000016,
        "on_time": false,
        "temp_ok_all": false,
        "odor_ok_all": false,
        "damage_ok_all": true,
        "stars": {
          "overall": 3,
          "time": 1,
          "food": 3,
          "method": 5
        },
        "earnings": 1.4811234082525961,
        "bonus_extra": 0.0,
        "paid_total": 1.4811234082525961,
        "pickup": "7th road (left)",
        "dropoff": "26th road (right)",
        "allowed_delivery_methods": [
          "knock"
        ],
        "delivery_method": "knock"
      }
    ]
  },
  "activity": {
    "active_time_ratio": 1.9774829398592055,
    "orders_per_hour": 3.5,
    "avg_order_time_s": 2040.721714285668,
    "mode_time_s": {
      "e-scooter": 1259.1569999999483,
      "drag_scooter": 37.59299999996438,
      "walk": 5927.106000000145
    },
    "mode_time_ratio": {
      "e-scooter": 0.17430538482493813,
      "drag_scooter": 0.005204007388846632,
      "walk": 0.8204906077862153
    }
  },
  "interruptions": {
    "scooter_depleted": 1,
    "hospital_rescue": 4,
    "rent_insufficient": 0,
    "charge_insufficient": 0
  },
  "social": {
    "help_posted": 0,
    "help_accepted": 0,
    "help_given": 0,
    "help_received": 0
  },
  "capability_buckets": {
    "high_level_planning": {
      "active_time_ratio": 1.9774829398592055,
      "orders_per_hour": 3.488441630065687,
      "avg_order_time_s": 2040.721714285668,
      "scooter_depleted_events": 1,
      "hospital_rescue_times": 4,
      "rent_insufficient_times": 0,
      "charge_insufficient_times": 0
    },
    "common_sense_reasoning": {
      "temp_ok_rate": 0.2857142857142857,
      "odor_ok_rate": 0.5714285714285714,
      "damage_ok_rate": 1.0,
      "method_success_rate": 1.0
    },
    "social_reasoning": {
      "help_posted": 0,
      "help_accepted": 0,
      "help_given": 0,
      "help_received": 0,
      "say": 0
    }
  },
  "actions": {
    "view_orders": {
      "attempts": 4,
      "successes": 4,
      "success_rate": 1.0
    },
    "accept_order": {
      "attempts": 3,
      "successes": 3,
      "success_rate": 1.0
    },
    "move_to": {
      "attempts": 15,
      "successes": 10,