{
  "meta": {
    "agent_id": "4",
    "model": "qwen/qwen2.5-vl-72b-instruct",
    "lifecycle_hours": 2.0,
    "started_sim_s": 24.560999999928754,
    "ended_sim_s": 11212.031999999948,
    "active_elapsed_s": 7202.903999999806,
    "active_hours": 2.000806666666613,
    "wall_finished_ts": 1758681873.8349893
  },
  "money": {
    "totals": {
      "initial_earnings": 100.0,
      "current_balance": 84.66543667559138,
      "net_growth": -15.33456332440862,
      "orders_income": 4.6654366755913665,
      "help_income": 0.0,
      "expense_total": 20.0,
      "base_wage": 4.6654366755913665,
      "bonus": 0.0,
      "help_expense": 0.0,
      "expense_breakdown": {
        "purchases": 0.0,
        "charging": 0.0,
        "rental": 0.0,
        "hospital": 20.0,
        "help_expense": 0.0
      },
      "advances": {
        "out": 0.0,
        "returned": 0.0,
        "net": 0.0
      },
      "observed_agent_balance_end": 84.66543667559138
    },
    "per_hour": {
      "net_growth": -7.664190438727562,
      "orders_income": 2.331777854061275,
      "help_income": 0.0,
      "expense_total": 9.995968292788843,
      "base_wage": 2.331777854061275,
      "bonus": 0.0,
      "initial_earnings": 49.97984146394422,
      "current_balance": 42.31565102521666,
      "help_expense": 0.0,
      "observed_agent_balance_end": 42.31565102521666
    },
    "details": {
      "purchases": [],
      "charging": [],
      "rental": [],
      "hospital": [
        {
          "ts_sim": 3888.6569999999483,
          "fee": 5.0
        },
        {
          "ts_sim": 6040.875,
          "fee": 5.0
        },
        {
          "ts_sim": 7702.031999999948,
          "fee": 5.0
        },
        {
          "ts_sim": 11055.468000000052,
          "fee": 5.0
        }
      ],
      "help_income": [],
      "help_expense": [],
      "advance_out": [],
      "advance_return": []
    }
  },
  "orders": {
    "completed_count": 3,
    "timeout_count": 3,
    "avg_stars": 3.0,
    "avg_food_stars": 3.3333333333333335,
    "temp_ok_rate": 0.0,
    "odor_ok_rate": 0.6666666666666666,
    "damage_ok_rate": 1.0,
    "method_success_rate": 1.0,
    "total_active_time_s": 5956.26899999968,
    "avg_time_per_order_s": 1985.4229999998934,
    "details": [
      {
        "id": 6,
        "duration_s": 438.1410000002361,
        "on_time": false,
        "temp_ok_all": false,
        "odor_ok_all": false,
        "damage_ok_all": true,
        "stars": {
          "overall": 3,
          "time": 2,
          "food": 3,
          "method": 5
        },
        "earnings": 2.052462350593368,
        "bonus_extra": 0.0,
        "paid_total": 2.052462350593368,
        "pickup": "8th road (right)",
        "dropoff": "4th road (right)",
        "allowed_delivery_methods": [],
        "delivery_method": "leave_at_door"
      },
      {
        "id": 1,
        "duration_s": 2208.0089999995544,
        "on_time": false,
        "temp_ok_all": false,
        "odor_ok_all": true,
        "damage_ok_all": true,
        "stars": {
          "overall": 3,
          "time": 1,
          "food": 3,
          "method": 5
        },
        "earnings": 2.0199042838928074,
        "bonus_extra": 0.0,
        "paid_total": 2.0199042838928074,
        "pickup": "5th road (left)",
        "dropoff": "1st road (left)",
        "allowed_delivery_methods": [],
        "delivery_method": "leave_at_door"
      },
      {
        "id": 9,
        "duration_s": 3310.1189999998896,
        "on_time": false,
        "temp_ok_all": false,
        "odor_ok_all": true,
        "damage_ok_all": true,
        "stars": {
          "overall": 3,
          "time": 1,
          "food": 4,
          "method": 5
        },
        "earnings": 0.593070041105191,
        "bonus_extra": 0.0,
        "paid_total": 0.593070041105191,
        "pickup": "14th road (right)",
        "dropoff": "15th road (left)",
        "allowed_delivery_methods": [],
        "delivery_method": "leave_at_door"
      }
    ]
  },
  "activity": {
    "active_time_ratio": 0.8269260564905266,
    "orders_per_hour": 1.4993952439183267,
    "avg_order_time_s": 1985.4229999998934,
    "mode_time_s": {
      "e-scooter": 1021.7369999999064,
      "walk": 6181.166999999899
    },
    "mode_time_ratio": {
      "e-scooter": 0.14185070354955917,
      "walk": 0.8581492964504408
    }
  },
  "interruptions": {
    "scooter_depleted": 0,
    "hospital_rescue": 4,
    "rent_insufficient": 0,
    "charge_insufficient": 0
  },
  "social": {
    "help_posted": 0,
    "help_accepted": 0,
    "help_given": 0,
    "help_received": 0
  },
  "capability_buckets": {
    "high_level_planning": {
      "active_time_ratio": 0.8269260564905266,
      "orders_per_hour": 1.4993952439183267,
      "avg_order_time_s": 1985.4229999998934,
      "scooter_depleted_events": 0,
      "hospital_rescue_times": 4,
      "rent_insufficient_times": 0,
      "charge_insufficient_times": 0
    },
    "common_sense_reasoning": {
      "temp_ok_rate": 0.0,
      "odor_ok_rate": 0.6666666666666666,
      "damage_ok_rate": 1.0,
      "method_success_rate": 1.0
    },
    "social_reasoning": {
      "help_posted": 0,
      "help_accepted": 0,
      "help_given": 0,
      "help_received": 0,
      "say": 0
    }
  },
  "actions": {
    "view_orders": {
      "attempts": 12,
      "successes": 12,
      "success_rate": 1.0
    },
    "accept_order": {
      "attempts": 5,
      "successes": 4,
      "success_rate": 0.8
    },
    "move_to": {
      "attempts": 31,
      "successes": 23,
      "success_rate": 0.7419354838709677
    },
    "wait": {
      "attempts": 4,
      "successes": 4,
      "success_rate": 1.0
    },
    "pickup": {
      "attempts": 3,
      "successes": 3,
      "success_rate": 1.0
    },
    "place_food_in_bag": {
      "attempts": 3,
      "successes": 3,
      "success_rate": 1.0
    },
    "drop_off": {
      "attempts": 5,
      "successes": 3,
      "success_rate": 0.6
    },
    "charge_escooter": {
      "attempts": 4,
      "successes": 0,
      "success_rate": 0.0
    },
    "rest": {
      "attempts": 3,
      "successes": 2,
      "success_rate": 0.6666666666666666
    }
  },
  "vlm": {
    "total_calls": 70,
    "successes": 70,
    "parse_failures": 0,
    "retries": 0,
    "success_rate": 1.0,
    "parse_success_rate": 1.0
  }
}