{
  "meta": {
    "agent_id": "6",
    "model": "google/gemini-2.5-flash",
    "lifecycle_hours": 2.0,
    "started_sim_s": 44.34300000005169,
    "ended_sim_s": 16618.875,
    "active_elapsed_s": 7201.1280000001425,
    "active_hours": 2.000313333333373,
    "wall_finished_ts": 1758416252.3852956
  },
  "money": {
    "totals": {
      "initial_earnings": 100.0,
      "current_balance": 117.13883802162097,
      "net_growth": 17.13883802162097,
      "orders_income": 37.078081374343625,
      "help_income": 0.0,
      "expense_total": 19.93924335272255,
      "base_wage": 29.57808137434363,
      "bonus": 7.5,
      "help_expense": 0.0,
      "expense_breakdown": {
        "purchases": 0.0,
        "charging": 4.939243352722548,
        "rental": 0.0,
        "hospital": 15.0,
        "help_expense": 0.0
      },
      "advances": {
        "out": 0.0,
        "returned": 0.0,
        "net": 0.0
      },
      "observed_agent_balance_end": 117.13883802162097
    },
    "per_hour": {
      "net_growth": 8.569419010810485,
      "orders_income": 18.539040687171813,
      "help_income": 0.0,
      "expense_total": 9.969621676361275,
      "base_wage": 14.789040687171815,
      "bonus": 3.75,
      "initial_earnings": 50.0,
      "current_balance": 58.569419010810485,
      "help_expense": 0.0,
      "observed_agent_balance_end": 58.569419010810485
    },
    "details": {
      "purchases": [],
      "charging": [
        {
          "ts_sim": 5777.532000000036,
          "which": "own",
          "req_id": null,
          "delta_pct": 98.78486705445096,
          "cost": 4.939243352722548,
          "start_ts": 4522.92300000001,
          "end_ts": 5777.532000000036,
          "reason": "finished",
          "aggregated": true,
          "target_pct": 100.0
        }
      ],
      "rental": [],
      "hospital": [
        {
          "ts_sim": 6353.015999999974,
          "fee": 5.0
        },
        {
          "ts_sim": 11659.82699999999,
          "fee": 5.0
        },
        {
          "ts_sim": 16186.125,
          "fee": 5.0
        }
      ],
      "help_income": [],
      "help_expense": [],
      "advance_out": [],
      "advance_return": []
    }
  },
  "orders": {
    "completed_count": 9,
    "timeout_count": 6,
    "avg_stars": 3.5555555555555554,
    "avg_food_stars": 3.7777777777777777,
    "temp_ok_rate": 0.2222222222222222,
    "odor_ok_rate": 0.7777777777777778,
    "damage_ok_rate": 1.0,
    "method_success_rate": 0.8888888888888888,
    "total_active_time_s": 9209.298000000359,
    "avg_time_per_order_s": 1023.2553333333732,
    "details": [
      {
        "id": 21,
        "duration_s": 411.98400000002584,
        "on_time": true,
        "temp_ok_all": false,
        "odor_ok_all": true,
        "damage_ok_all": true,
        "stars": {
          "overall": 3,
          "time": 5,
          "food": 4,
          "method": 1
        },
        "earnings": 5.4763056351650645,
        "bonus_extra": 0.0,
        "paid_total": 5.4763056351650645,
        "pickup": "24th road (right)",
        "dropoff": "4th road (right)",
        "allowed_delivery_methods": [
          "knock",
          "hand_to_customer"
        ],
        "delivery_method": "leave_at_door"
      },
      {
        "id": 12,
        "duration_s": 855.0930000000517,
        "on_time": false,
        "temp_ok_all": true,
        "odor_ok_all": true,
        "damage_ok_all": true,
        "stars": {
          "overall": 4,
          "time": 3,
          "food": 4,
          "method": 5
        },
        "earnings": 4.279862422856953,
        "bonus_extra": 1.5,
        "paid_total": 5.779862422856953,
        "pickup": "24th road (right)",
        "dropoff": "4th road (left)",
        "allowed_delivery_methods": [],
        "delivery_method": "leave_at_door"
      },
      {
        "id": 40,
        "duration_s": 1041.2340000000258,
        "on_time": false,
        "temp_ok_all": false,
        "odor_ok_all": true,
        "damage_ok_all": true,
        "stars": {
          "overall": 3,
          "time": 1,
          "food": 4,
          "method": 5
        },
        "earnings": 0.4043629924491549,
        "bonus_extra": 0.0,
        "paid_total": 0.4043629924491549,
        "pickup": "24th road (right)",
        "dropoff": "24th road (right)",
        "allowed_delivery_methods": [
          "knock"
        ],
        "delivery_method": "knock"
      },
      {
        "id": 41,
        "duration_s": 2701.3110000001034,
        "on_time": false,
        "temp_ok_all": false,
        "odor_ok_all": false,
        "damage_ok_all": true,
        "stars": {
          "overall": 3,
          "time": 1,
          "food": 4,
          "method": 5
        },
        "earnings": 2.0173532020862113,
        "bonus_extra": 0.0,
        "paid_total": 2.0173532020862113,
        "pickup": "1st road (left)",
        "dropoff": "4th road (right)",
        "allowed_delivery_methods": [],
        "delivery_method": "leave_at_door"
      },
      {
        "id": 68,
        "duration_s": 954.0960000000196,
        "on_time": false,
        "temp_ok_all": false,
        "odor_ok_all": false,
        "damage_ok_all": true,
        "stars": {
          "overall": 3,
          "time": 1,
          "food": 3,
          "method": 5
        },
        "earnings": 1.6777167655663696,
        "bonus_extra": 0.0,
        "paid_total": 1.6777167655663696,
        "pickup": "24th road (right)",
        "dropoff": "2nd road (left)",
        "allowed_delivery_methods": [],
        "delivery_method": "call"
      },
      {
        "id": 55,
        "duration_s": 2029.268999999942,
        "on_time": false,
        "temp_ok_all": true,
        "odor_ok_all": true,
        "damage_ok_all": true,
        "stars": {
          "overall": 4,
          "time": 1,
          "food": 5,
          "method": 5
        },
        "earnings": 2.2691470549006016,
        "bonus_extra": 1.5,
        "paid_total": 3.7691470549006016,
        "pickup": "14th road (right)",
        "dropoff": "5th road (left)",
        "allowed_delivery_methods": [
          "call"
        ],
        "delivery_method": "call"
      },
      {
        "id": 63,
        "duration_s": 444.7500000000873,
        "on_time": true,
        "temp_ok_all": false,
        "odor_ok_all": true,
        "damage_ok_all": true,
        "stars": {
          "overall": 5,
          "time": 5,
          "food": 4,
          "method": 5
        },
        "earnings": 7.027231436866686,
        "bonus_extra": 3.0,
        "paid_total": 10.027231436866685,
        "pickup": "1st road (left)",
        "dropoff": "23rd road (left)",
        "allowed_delivery_methods": [],
        "delivery_method": "leave_at_door"
      },
      {
        "id": 76,
        "duration_s": 599.9520000000775,
        "on_time": true,
        "temp_ok_all": false,
        "odor_ok_all": true,
        "damage_ok_all": true,
        "stars": {
          "overall": 4,
          "time": 4,
          "food": 3,
          "method": 5
        },
        "earnings": 5.381877642508456,
        "bonus_extra": 1.5,
        "paid_total": 6.881877642508456,
        "pickup": "24th road (right)",
        "dropoff": "4th road (left)",
        "allowed_delivery_methods": [],
        "delivery_method": "leave_at_door"
      },
      {
        "id": 83,
        "duration_s": 171.60900000002584,
        "on_time": false,
        "temp_ok_all": false,
        "odor_ok_all": true,
        "damage_ok_all": true,
        "stars": {
          "overall": 3,
          "time": 1,
          "food": 3,
          "method": 5
        },
        "earnings": 1.044224221944135,
        "bonus_extra": 0.0,
        "paid_total": 1.044224221944135,
        "pickup": "28th road (right)",
        "dropoff": "11th road (left)",
        "allowed_delivery_methods": [],
        "delivery_method": "leave_at_door"
      }
    ]
  },
  "activity": {
    "active_time_ratio": 1.278868810553038,