{
  "meta": {
    "agent_id": "8",
    "model": "google/gemini-2.5-flash",
    "lifecycle_hours": 2.0,
    "started_sim_s": 47.061000000016065,
    "ended_sim_s": 16084.217999999964,
    "active_elapsed_s": 7215.273000000045,
    "active_hours": 2.0042425000000126,
    "wall_finished_ts": 1758422111.0998013
  },
  "money": {
    "totals": {
      "initial_earnings": 100.0,
      "current_balance": 117.83285941559613,
      "net_growth": 17.832859415596133,
      "orders_income": 32.832859415596154,
      "help_income": 0.0,
      "expense_total": 15.0,
      "base_wage": 25.332859415596154,
      "bonus": 7.5,
      "help_expense": 0.0,
      "expense_breakdown": {
        "purchases": 0.0,
        "charging": 0.0,
        "rental": 0.0,
        "hospital": 15.0,
        "help_expense": 0.0
      },
      "advances": {
        "out": 0.0,
        "returned": 0.0,
        "net": 0.0
      },
      "observed_agent_balance_end": 117.83285941559613
    },
    "per_hour": {
      "net_growth": 8.916429707798066,
      "orders_income": 16.416429707798077,
      "help_income": 0.0,
      "expense_total": 7.5,
      "base_wage": 12.666429707798077,
      "bonus": 3.75,
      "initial_earnings": 50.0,
      "current_balance": 58.916429707798066,
      "help_expense": 0.0,
      "observed_agent_balance_end": 58.916429707798066
    },
    "details": {
      "purchases": [],
      "charging": [],
      "rental": [],
      "hospital": [
        {
          "ts_sim": 7819.45199999999,
          "fee": 5.0
        },
        {
          "ts_sim": 10520.15399999998,
          "fee": 5.0
        },
        {
          "ts_sim": 15089.342999999964,
          "fee": 5.0
        }
      ],
      "help_income": [],
      "help_expense": [],
      "advance_out": [],
      "advance_return": []
    }
  },
  "orders": {
    "completed_count": 8,
    "timeout_count": 7,
    "avg_stars": 3.25,
    "avg_food_stars": 4.25,
    "temp_ok_rate": 0.375,
    "odor_ok_rate": 1.0,
    "damage_ok_rate": 1.0,
    "method_success_rate": 0.625,
    "total_active_time_s": 12489.546000000526,
    "avg_time_per_order_s": 1561.1932500000657,
    "details": [
      {
        "id": 1,
        "duration_s": 220.45200000007753,
        "on_time": true,
        "temp_ok_all": false,
        "odor_ok_all": true,
        "damage_ok_all": true,
        "stars": {
          "overall": 5,
          "time": 5,
          "food": 4,
          "method": 5
        },
        "earnings": 3.999011252532702,
        "bonus_extra": 3.0,
        "paid_total": 6.999011252532702,
        "pickup": "6th road (left)",
        "dropoff": "2nd road (right)",
        "allowed_delivery_methods": [],
        "delivery_method": "leave_at_door"
      },
      {
        "id": 0,
        "duration_s": 703.356000000058,
        "on_time": false,
        "temp_ok_all": true,
        "odor_ok_all": true,
        "damage_ok_all": true,
        "stars": {
          "overall": 4,
          "time": 2,
          "food": 5,
          "method": 5
        },
        "earnings": 4.052040191319813,
        "bonus_extra": 1.5,
        "paid_total": 5.552040191319813,
        "pickup": "7th road (right)",
        "dropoff": "2nd road (right)",
        "allowed_delivery_methods": [
          "call"
        ],
        "delivery_method": "call"
      },
      {
        "id": 31,
        "duration_s": 931.9679999999644,
        "on_time": false,
        "temp_ok_all": true,
        "odor_ok_all": true,
        "damage_ok_all": true,
        "stars": {
          "overall": 4,
          "time": 1,
          "food": 5,
          "method": 5
        },
        "earnings": 4.055005952047501,
        "bonus_extra": 1.5,
        "paid_total": 5.555005952047501,
        "pickup": "7th road (right)",
        "dropoff": "9th road (left)",
        "allowed_delivery_methods": [],
        "delivery_method": "leave_at_door"
      },
      {
        "id": 60,
        "duration_s": 2099.1509999999253,
        "on_time": false,
        "temp_ok_all": false,
        "odor_ok_all": true,
        "damage_ok_all": true,
        "stars": {
          "overall": 3,
          "time": 1,
          "food": 4,
          "method": 5
        },
        "earnings": 3.338163071168824,
        "bonus_extra": 0.0,
        "paid_total": 3.338163071168824,
        "pickup": "8th road (right)",
        "dropoff": "24th road (right)",
        "allowed_delivery_methods": [
          "call"
        ],
        "delivery_method": "call"
      },
      {
        "id": 63,
        "duration_s": 2231.6669999998994,
        "on_time": false,
        "temp_ok_all": true,
        "odor_ok_all": true,
        "damage_ok_all": true,
        "stars": {
          "overall": 4,
          "time": 1,
          "food": 5,
          "method": 5
        },
        "earnings": 2.5515088090468323,
        "bonus_extra": 1.5,
        "paid_total": 4.051508809046832,
        "pickup": "8th road (right)",
        "dropoff": "24th road (left)",
        "allowed_delivery_methods": [
          "leave_at_door"
        ],
        "delivery_method": "leave_at_door"
      },
      {
        "id": 157,
        "duration_s": 1797.843000000139,
        "on_time": false,
        "temp_ok_all": false,
        "odor_ok_all": true,
        "damage_ok_all": true,
        "stars": {
          "overall": 2,
          "time": 1,
          "food": 3,
          "method": 1
        },
        "earnings": 1.3550082355636228,
        "bonus_extra": 0.0,
        "paid_total": 1.3550082355636228,
        "pickup": "8th road (right)",
        "dropoff": "12th road (left)",
        "allowed_delivery_methods": [
          "hand_to_customer"
        ],
        "delivery_method": "leave_at_door"
      },
      {
        "id": 166,
        "duration_s": 2147.9070000002102,
        "on_time": false,
        "temp_ok_all": false,
        "odor_ok_all": true,
        "damage_ok_all": true,
        "stars": {
          "overall": 2,
          "time": 1,
          "food": 4,
          "method": 1
        },
        "earnings": 2.6203781045476333,
        "bonus_extra": 0.0,
        "paid_total": 2.6203781045476333,
        "pickup": "8th road (right)",
        "dropoff": "2nd road (left)",
        "allowed_delivery_methods": [
          "knock",
          "hand_to_customer"
        ],
        "delivery_method": "leave_at_door"
      },
      {
        "id": 161,
        "duration_s": 2357.202000000252,
        "on_time": false,
        "temp_ok_all": false,
        "odor_ok_all": true,
        "damage_ok_all": true,
        "stars": {
          "overall": 2,
          "time": 1,
          "food": 4,
          "method": 1
        },
        "earnings": 3.3617437993692274,
        "bonus_extra": 0.0,
        "paid_total": 3.3617437993692274,
        "pickup": "8th road (right)",
        "dropoff": "7th road (right)",
        "allowed_delivery_methods": [
          "hand_to_customer"
        ],
        "delivery_method": "leave_at_door"
      }
    ]
  },
  "activity": {
    "active_time_ratio": 1.73098730983574,
    "orders_per_hour": 4.0,
    "avg_order_time_s": 1561.1932500000657,
    "mode_time_s": {
      "e-scooter": 1175.3399999999965,
      "drag_scooter": 1618.545000000042,
      "walk": 4421.388000000006
    },
    "mode_time_ratio": {
      "e-scooter": 0.16289612326518887,
      "drag_scooter": 0.22432207346832642,
      "walk": 0.6127818032664847
    }
  },
  "interruptions": {
    "scooter_depleted": 1,
    "hospital_rescue": 3,
    "rent_insufficient": 0,
    "charge_insufficient": 0
  },
  "social": {
    "help_posted": 0,
    "help_accepted": 0,
    "help_given": 0,
    "help_received": 0
  },
  "capability_buckets": {
    "high_level_planning": {
      "active_time_ratio": 1.73098730983574,
      "orders_per_hour": 3.991532960707075,
      "avg_order_time_s": 1561.1932500000657,
      "scooter_depleted_events": 1,
      "hospital_rescue_times": 3,
      "rent_insufficient_times": 0,