{
  "meta": {
    "agent_id": "1",
    "model": "anthropic/claude-3.7-sonnet",
    "lifecycle_hours": 1.0,
    "started_sim_s": 76.21800000000258,
    "ended_sim_s": 5448.468000000003,
    "active_elapsed_s": 3600.095999999987,
    "active_hours": 1.000026666666663,
    "wall_finished_ts": 1759301453.304215
  },
  "money": {
    "totals": {
      "initial_earnings": 100.0,
      "current_balance": 139.0423192099044,
      "net_growth": 39.042319209904406,
      "orders_income": 48.73254420990249,
      "help_income": 0.0,
      "expense_total": 9.690225000000073,
      "base_wage": 41.23254420990249,
      "bonus": 7.5,
      "help_expense": 0.0,
      "expense_breakdown": {
        "purchases": 0.0,
        "charging": 9.690225000000073,
        "rental": 0.0,
        "hospital": 0.0,
        "help_expense": 0.0
      },
      "advances": {
        "out": 0.0,
        "returned": 0.0,
        "net": 0.0
      },
      "observed_agent_balance_end": 139.0423192099044
    },
    "per_hour": {
      "net_growth": 39.041278109154966,
      "orders_income": 48.73124471004373,
      "help_income": 0.0,
      "expense_total": 9.68996660089075,
      "base_wage": 41.23144470471051,
      "bonus": 7.499800005333218,
      "initial_earnings": 99.99733340444291,
      "current_balance": 139.03861151359789,
      "help_expense": 0.0,
      "observed_agent_balance_end": 139.03861151359789
    },
    "details": {
      "purchases": [],
      "charging": [
        {
          "ts_sim": 5448.468000000003,
          "which": "own",
          "req_id": null,
          "delta_pct": 193.8045000000002,
          "cost": 9.690225000000073,
          "start_ts": 1215.0480000000043,
          "end_ts": 5448.468000000003,
          "reason": "lifecycle_end",
          "aggregated": true,
          "target_pct": null
        }
      ],
      "rental": [],
      "hospital": [],
      "help_income": [],
      "help_expense": [],
      "advance_out": [],
      "advance_return": []
    }
  },
  "orders": {
    "completed_count": 5,
    "timeout_count": 3,
    "ontime_rate": 0.5,
    "avg_stars": 4.0,
    "avg_food_stars": 3.8,
    "temp_ok_rate": 0.4,
    "odor_ok_rate": 1.0,
    "damage_ok_rate": 1.0,
    "method_success_rate": 1.0,
    "total_active_time_s": 2765.3009999999886,
    "avg_time_per_order_s": 553.0601999999977,
    "open_count": 1,
    "open_overdue_count": 1,
    "open_not_due_count": 0,
    "completed_order_details": [
      {
        "id": 2,
        "duration_s": 509.76300000000083,
        "time_limit_s": null,
        "deadline_slack_s": null,
        "is_overdue": false,
        "pick_score": 3.5185185185185186,
        "stars": {
          "overall": 5,
          "time": 5,
          "food": 4,
          "method": 5
        },
        "earnings": 10.812842090871314,
        "bonus_extra": 3.0,
        "paid_total": 13.812842090871314,
        "pickup": "14th road (right)",
        "dropoff": "17th road (left)",
        "allowed_delivery_methods": [],
        "delivery_method": "leave_at_door"
      },
      {
        "id": 3,
        "duration_s": 1131.2879999999932,
        "time_limit_s": null,
        "deadline_slack_s": null,
        "is_overdue": false,
        "pick_score": 3.814814814814815,
        "stars": {
          "overall": 4,
          "time": 5,
          "food": 3,
          "method": 5
        },
        "earnings": 20.04114338677615,
        "bonus_extra": 1.5,
        "paid_total": 21.54114338677615,
        "pickup": "8th road (right)",
        "dropoff": "17th road (left)",
        "allowed_delivery_methods": [
          "leave_at_door"
        ],
        "delivery_method": "leave_at_door"
      },
      {
        "id": 4,
        "duration_s": 490.4069999999974,
        "time_limit_s": null,
        "deadline_slack_s": null,
        "is_overdue": false,
        "pick_score": 3.3703703703703702,
        "stars": {
          "overall": 5,
          "time": 5,
          "food": 4,
          "method": 5
        },
        "earnings": 8.409819928374844,
        "bonus_extra": 3.0,
        "paid_total": 11.409819928374844,
        "pickup": "11th road (left)",
        "dropoff": "14th road (left)",
        "allowed_delivery_methods": [
          "knock"
        ],
        "delivery_method": "knock"
      },
      {
        "id": 5,
        "duration_s": 392.625,
        "time_limit_s": null,
        "deadline_slack_s": null,
        "is_overdue": true,
        "pick_score": 3.6666666666666665,
        "stars": {
          "overall": 3,
          "time": 1,
          "food": 4,
          "method": 5
        },
        "earnings": 1.303735984273624,
        "bonus_extra": 0.0,
        "paid_total": 1.303735984273624,
        "pickup": "14th road (right)",
        "dropoff": "15th road (right)",
        "allowed_delivery_methods": [],
        "delivery_method": "leave_at_door"
      },
      {
        "id": 9,
        "duration_s": 241.21799999999712,
        "time_limit_s": null,
        "deadline_slack_s": null,
        "is_overdue": true,
        "pick_score": 3.814814814814815,
        "stars": {
          "overall": 3,
          "time": 1,
          "food": 4,
          "method": 5
        },
        "earnings": 0.6650028196065604,
        "bonus_extra": 0.0,
        "paid_total": 0.6650028196065604,
        "pickup": "14th road (right)",
        "dropoff": "15th road (left)",
        "allowed_delivery_methods": [],
        "delivery_method": "leave_at_door"
      }
    ],
    "open_order_details": [
      {
        "id": 8,
        "elapsed_s": 254.90400000000227,
        "time_limit_s": 116.53689381405397,
        "deadline_slack_s": -138.3671061859483,
        "is_overdue": true,
        "pick_score": 2.7777777777777777,
        "pickup": "14th road (right)",
        "dropoff": "9th road (right)",
        "earnings": 1.4226206557265353,
        "allowed_delivery_methods": []
      }
    ]
  },
  "activity": {
    "effective_time_ratio": 0.37605871429010723,
    "inactive_time_s_breakdown": {
      "wait": 2246.248526919034
    },
    "inactive_total_time_s": 2246.248526919034,
    "orders_per_hour": 4.999866670222145,
    "avg_order_time_s": 553.0601999999977,
    "mode_time_s": {
      "e-scooter": 2418.13799999999,
      "drag_scooter": 75.51900000000205,
      "walk": 1106.4389999999948
    },
    "mode_time_ratio": {
      "e-scooter": 0.6716870883443105,
      "drag_scooter": 0.02097694061491758,
      "walk": 0.3073359710407719
    }
  },
  "interruptions": {
    "scooter_depleted": 1,
    "hospital_rescue": 0,
    "rent_insufficient": 0,
    "charge_insufficient": 0,
    "total": 1
  },
  "prevention": {
    "total": 2,
    "by_kind": {
      "early_charge": 2
    },
    "prevention_rate": 0.6666666666666666
  },
  "social": {
    "help_posted": 0,
    "help_accepted": 0,
    "help_given": 0,
    "help_received": 0
  },
  "capability_buckets": {
    "high_level_planning": {
      "active_time_ratio": 0.7681186835017729,
      "orders_per_hour": 4.999866670222145,
      "avg_order_time_s": 553.0601999999977,
      "scooter_depleted_events": 1,
      "hospital_rescue_times": 0,
      "rent_insufficient_times": 0,
      "charge_insufficient_times": 0
    },
    "common_sense_reasoning": {
      "temp_ok_rate": 0.4,
      "odor_ok_rate": 1.0,
      "damage_ok_rate": 1.0,
      "method_success_rate": 1.0
    },
    "social_reasoning": {
      "help_posted": 0,
      "help_accepted": 0,
      "help_given": 0,
      "help_received": 0,
      "say": 0
    }
  },
  "actions": {
    "view_orders": {
      "attempts": 8,
      "successes": 8,
      "success_rate": 1.0
    },
    "accept_order": {
      "attempts": 6,
      "successes": 6,
      "success_rate": 1.0
    },
    "move_to": {
      "attempts": 18,
      "successes": 17,
      "success_rate": 0.9444444444444444
    },
    "wait": {
      "attempts": 8,
      "successes": 7,
      "success_rate": 0.875
    },
    "pickup": {
      "attempts": 5,
      "successes": 5,