{
  "meta": {
    "agent_id": "4",
    "model": "gpt-4o",
    "lifecycle_hours": 2.0,
    "started_sim_s": 57.23399999993853,
    "ended_sim_s": 12890.483999999939,
    "active_elapsed_s": 7202.376000000746,
    "active_hours": 2.0006600000002073,
    "wall_finished_ts": 1758473057.0880075
  },
  "money": {
    "totals": {
      "initial_earnings": 100.0,
      "current_balance": 146.19574589149138,
      "net_growth": 46.195745891491384,
      "orders_income": 70.50199589149145,
      "help_income": 0.0,
      "expense_total": 24.306250000000002,
      "base_wage": 55.50199589149145,
      "bonus": 15.0,
      "help_expense": 0.0,
      "expense_breakdown": {
        "purchases": 6.0,
        "charging": 8.306250000000002,
        "rental": 0.0,
        "hospital": 10.0,
        "help_expense": 0.0
      },
      "advances": {
        "out": 0.0,
        "returned": 0.0,
        "net": 0.0
      },
      "observed_agent_balance_end": 146.19574589149138
    },
    "per_hour": {
      "net_growth": 23.090253162199772,
      "orders_income": 35.23936895398725,
      "help_income": 0.0,
      "expense_total": 12.149115791787452,
      "base_wage": 27.74184313750747,
      "bonus": 7.497525816479785,
      "initial_earnings": 49.98350544319857,
      "current_balance": 73.07375860539834,
      "help_expense": 0.0,
      "observed_agent_balance_end": 73.07375860539834
    },
    "details": {
      "purchases": [
        {
          "ts_sim": 10421.483999999939,
          "items": "1 x energy_drink",
          "cost": 6.0
        }
      ],
      "charging": [
        {
          "ts_sim": 3699.5640000000712,
          "which": "own",
          "req_id": null,
          "delta_pct": 100.0,
          "cost": 5.000000000000002,
          "start_ts": 3098.3910000000615,
          "end_ts": 3699.5640000000712,
          "reason": "finished",
          "aggregated": true,
          "target_pct": 100.0
        },
        {
          "ts_sim": 12890.483999999939,
          "which": "own",
          "req_id": null,
          "delta_pct": 66.125,
          "cost": 3.3062500000000004,
          "start_ts": 9926.29800000001,
          "end_ts": 12890.483999999939,
          "reason": "lifecycle_end",
          "aggregated": true,
          "target_pct": null
        }
      ],
      "rental": [],
      "hospital": [
        {
          "ts_sim": 3278.25,
          "fee": 5.0
        },
        {
          "ts_sim": 8211.75,
          "fee": 5.0
        }
      ],
      "help_income": [],
      "help_expense": [],
      "advance_out": [],
      "advance_return": []
    }
  },
  "orders": {
    "completed_count": 10,
    "timeout_count": 6,
    "avg_stars": 4.0,
    "avg_food_stars": 4.0,
    "temp_ok_rate": 0.3,
    "odor_ok_rate": 0.9,
    "damage_ok_rate": 1.0,
    "method_success_rate": 1.0,
    "total_active_time_s": 11087.700000001292,
    "avg_time_per_order_s": 1108.7700000001291,
    "details": [
      {
        "id": 9,
        "duration_s": 474.0,
        "on_time": false,
        "temp_ok_all": false,
        "odor_ok_all": false,
        "damage_ok_all": true,
        "stars": {
          "overall": 3,
          "time": 2,
          "food": 3,
          "method": 5
        },
        "earnings": 2.5417772669279155,
        "bonus_extra": 0.0,
        "paid_total": 2.5417772669279155,
        "pickup": "24th road (right)",
        "dropoff": "8th road (right)",
        "allowed_delivery_methods": [],
        "delivery_method": "leave_at_door"
      },
      {
        "id": 3,
        "duration_s": 530.625,
        "on_time": true,
        "temp_ok_all": false,
        "odor_ok_all": true,
        "damage_ok_all": true,
        "stars": {
          "overall": 5,
          "time": 5,
          "food": 4,
          "method": 5
        },
        "earnings": 4.822273221404666,
        "bonus_extra": 3.0,
        "paid_total": 7.822273221404666,
        "pickup": "24th road (right)",
        "dropoff": "4th road (right)",
        "allowed_delivery_methods": [],
        "delivery_method": "leave_at_door"
      },
      {
        "id": 12,
        "duration_s": 1368.0930000000517,
        "on_time": false,
        "temp_ok_all": false,
        "odor_ok_all": true,
        "damage_ok_all": true,
        "stars": {
          "overall": 3,
          "time": 1,
          "food": 3,
          "method": 5
        },
        "earnings": 2.6750231152035013,
        "bonus_extra": 0.0,
        "paid_total": 2.6750231152035013,
        "pickup": "24th road (right)",
        "dropoff": "4th road (left)",
        "allowed_delivery_methods": [],
        "delivery_method": "leave_at_door"
      },
      {
        "id": 5,
        "duration_s": 2746.589999999909,
        "on_time": false,
        "temp_ok_all": true,
        "odor_ok_all": true,
        "damage_ok_all": true,
        "stars": {
          "overall": 4,
          "time": 1,
          "food": 5,
          "method": 5
        },
        "earnings": 5.670319412293497,
        "bonus_extra": 1.5,
        "paid_total": 7.170319412293497,
        "pickup": "24th road (right)",
        "dropoff": "21st road (left)",
        "allowed_delivery_methods": [],
        "delivery_method": "leave_at_door"
      },
      {
        "id": 38,
        "duration_s": 731.7630000000936,
        "on_time": true,
        "temp_ok_all": false,
        "odor_ok_all": true,
        "damage_ok_all": true,
        "stars": {
          "overall": 4,
          "time": 5,
          "food": 3,
          "method": 5
        },
        "earnings": 8.001886397942798,
        "bonus_extra": 1.5,
        "paid_total": 9.501886397942798,
        "pickup": "1st road (left)",
        "dropoff": "18th road (right)",
        "allowed_delivery_methods": [],
        "delivery_method": "leave_at_door"
      },
      {
        "id": 36,
        "duration_s": 959.6220000002068,
        "on_time": true,
        "temp_ok_all": false,
        "odor_ok_all": true,
        "damage_ok_all": true,
        "stars": {
          "overall": 5,
          "time": 5,
          "food": 4,
          "method": 5
        },
        "earnings": 13.540407864519006,
        "bonus_extra": 3.0,
        "paid_total": 16.540407864519004,
        "pickup": "28th road (right)",
        "dropoff": "23rd road (left)",
        "allowed_delivery_methods": [],
        "delivery_method": "leave_at_door"
      },
      {
        "id": 55,
        "duration_s": 484.6380000002682,
        "on_time": false,
        "temp_ok_all": true,
        "odor_ok_all": true,
        "damage_ok_all": true,
        "stars": {
          "overall": 4,
          "time": 3,
          "food": 4,
          "method": 5
        },
        "earnings": 3.8209549035353705,
        "bonus_extra": 1.5,
        "paid_total": 5.3209549035353705,
        "pickup": "14th road (right)",
        "dropoff": "5th road (left)",
        "allowed_delivery_methods": [
          "call"
        ],
        "delivery_method": "call"
      },
      {
        "id": 57,
        "duration_s": 2328.000000000524,
        "on_time": false,
        "temp_ok_all": true,
        "odor_ok_all": true,
        "damage_ok_all": true,
        "stars": {
          "overall": 4,
          "time": 1,
          "food": 5,
          "method": 5
        },
        "earnings": 3.5694989348042556,
        "bonus_extra": 1.5,
        "paid_total": 5.069498934804256,
        "pickup": "28th road (right)",
        "dropoff": "18th road (left)",
        "allowed_delivery_methods": [],
        "delivery_method": "leave_at_door"
      },
      {
        "id": 71,
        "duration_s": 623.0610000001034,
        "on_time": true,
        "temp_ok_all": false,
        "odor_ok_all": true,
        "damage_ok_all": true,
        "stars": {
          "overall": 4,
          "time": 4,
          "food": 4,
          "method": 5
        },
        "earnings": 5.182022934096284,
        "bonus_extra": 1.5,
        "paid_total": 6.682022934096284,