{
  "meta": {
    "agent_id": "1",
    "model": "openai/gpt-5",
    "lifecycle_hours": 2.0,
    "started_sim_s": 119.10900000000129,
    "ended_sim_s": 16633.641,
    "active_elapsed_s": 7200.981,
    "active_hours": 2.0002725,
    "wall_finished_ts": 1760044652.3269951
  },
  "money": {
    "totals": {
      "initial_earnings": 100.0,
      "current_balance": 104.36615037941111,
      "net_growth": 4.36615037941111,
      "orders_income": 38.15640037941111,
      "help_income": 0.0,
      "expense_total": 33.79025,
      "base_wage": 33.65640037941111,
      "bonus": 4.5,
      "help_expense": 0.0,
      "expense_breakdown": {
        "purchases": 12.0,
        "charging": 6.790249999999997,
        "rental": 0.0,
        "hospital": 15.0,
        "help_expense": 0.0
      },
      "advances": {
        "out": 0.0,
        "returned": 0.0,
        "net": 0.0
      },
      "observed_agent_balance_end": 104.36615037941111
    },
    "per_hour": {
      "net_growth": 2.182777786232181,
      "orders_income": 19.07560113905036,
      "help_income": 0.0,
      "expense_total": 16.89282335281818,
      "base_wage": 16.82590765978691,
      "bonus": 2.2496934792634504,
      "initial_earnings": 49.99318842807668,
      "current_balance": 52.17596621430886,
      "help_expense": 0.0,
      "observed_agent_balance_end": 52.17596621430886
    },
    "details": {
      "purchases": [
        {
          "ts_sim": 14135.201999999997,
          "items": "1 x energy_drink",
          "cost": 6.0
        },
        {
          "ts_sim": 15656.766,
          "items": "1 x energy_drink",
          "cost": 6.0
        }
      ],
      "charging": [
        {
          "ts_sim": 16633.641,
          "which": "own",
          "req_id": null,
          "delta_pct": 135.80499999999992,
          "cost": 6.790249999999997,
          "start_ts": 4719.936,
          "end_ts": 16633.641,
          "reason": "lifecycle_end",
          "aggregated": true,
          "target_pct": null
        }
      ],
      "rental": [],
      "hospital": [
        {
          "ts_sim": 9813.750000000004,
          "fee": 5.0
        },
        {
          "ts_sim": 11685.609,
          "fee": 5.0
        },
        {
          "ts_sim": 16203.561000000002,
          "fee": 5.0
        }
      ],
      "help_income": [],
      "help_expense": [],
      "advance_out": [],
      "advance_return": []
    }
  },
  "energy": {
    "personal_consumed_pct": 399.9999999999999,
    "scooter_batt_consumed_pct": 92.88557690856652,
    "personal_remaining_pct": 0.0,
    "scooter_remaining_pct": 0.0
  },
  "orders": {
    "completed_count": 8,
    "timeout_count": 9,
    "ontime_rate": 0.0,
    "avg_stars": 3.375,
    "avg_food_stars": 4.0,
    "temp_ok_rate": 0.125,
    "odor_ok_rate": 1.0,
    "damage_ok_rate": 1.0,
    "method_success_rate": 1.0,
    "total_active_time_s": 10564.026000000005,
    "avg_time_per_order_s": 1320.5032500000007,
    "open_count": 1,
    "open_overdue_count": 1,
    "open_not_due_count": 0,
    "completed_order_details": [
      {
        "id": 1,
        "duration_s": 392.0609999999997,
        "time_limit_s": 349.15320000983826,
        "deadline_slack_s": -42.907799990161436,
        "is_overdue": true,
        "temp_ok_all": true,
        "odor_ok_all": true,
        "damage_ok_all": true,
        "pick_score": 3.6666666666666665,
        "stars": {
          "overall": 4,
          "time": 3,
          "food": 5,
          "method": 5
        },
        "earnings": 5.142171706902844,
        "bonus_extra": 1.5,
        "paid_total": 6.642171706902844,
        "pickup": "7th road (left)",
        "dropoff": "26th road (left)",
        "allowed_delivery_methods": [],
        "delivery_method": "leave_at_door"
      },
      {
        "id": 0,
        "duration_s": 656.204999999999,
        "time_limit_s": 460.1419285996218,
        "deadline_slack_s": -196.06307140037723,
        "is_overdue": true,
        "temp_ok_all": false,
        "odor_ok_all": true,
        "damage_ok_all": true,
        "pick_score": 2.333333333333333,
        "stars": {
          "overall": 4,
          "time": 2,
          "food": 4,
          "method": 5
        },
        "earnings": 4.033599448835184,
        "bonus_extra": 1.5,
        "paid_total": 5.533599448835184,
        "pickup": "10th road (left)",
        "dropoff": "12th road (left)",
        "allowed_delivery_methods": [],
        "delivery_method": "leave_at_door"
      },
      {
        "id": 7,
        "duration_s": 1634.207999999995,
        "time_limit_s": 1052.9167054499626,
        "deadline_slack_s": -581.2912945500325,
        "is_overdue": true,
        "temp_ok_all": false,
        "odor_ok_all": true,
        "damage_ok_all": true,
        "pick_score": 3.5185185185185186,
        "stars": {
          "overall": 3,
          "time": 1,
          "food": 4,
          "method": 5
        },
        "earnings": 8.366878996372819,
        "bonus_extra": 0.0,
        "paid_total": 8.366878996372819,
        "pickup": "10th road (right)",
        "dropoff": "15th road (left)",
        "allowed_delivery_methods": [
          "leave_at_door",
          "knock"
        ],
        "delivery_method": "leave_at_door"
      },
      {
        "id": 4,
        "duration_s": 1673.114999999998,
        "time_limit_s": 1026.0690752167993,
        "deadline_slack_s": -647.0459247831986,
        "is_overdue": true,
        "temp_ok_all": false,
        "odor_ok_all": true,
        "damage_ok_all": true,
        "pick_score": 4.111111111111111,
        "stars": {
          "overall": 3,
          "time": 1,
          "food": 4,
          "method": 5
        },
        "earnings": 5.584694208968074,
        "bonus_extra": 0.0,
        "paid_total": 5.584694208968074,
        "pickup": "12th road (left)",
        "dropoff": "25th road (left)",
        "allowed_delivery_methods": [],
        "delivery_method": "leave_at_door"
      },
      {
        "id": 10,
        "duration_s": 1734.1800000000076,
        "time_limit_s": 254.2273987770496,
        "deadline_slack_s": -1479.952601222958,
        "is_overdue": true,
        "temp_ok_all": false,
        "odor_ok_all": true,
        "damage_ok_all": true,
        "pick_score": 2.6296296296296298,
        "stars": {
          "overall": 3,
          "time": 1,
          "food": 4,
          "method": 5
        },
        "earnings": 1.6133825855220159,
        "bonus_extra": 0.0,
        "paid_total": 1.6133825855220159,
        "pickup": "12th road (left)",
        "dropoff": "13th road (left)",
        "allowed_delivery_methods": [],
        "delivery_method": "leave_at_door"
      },
      {
        "id": 13,
        "duration_s": 3442.212000000003,
        "time_limit_s": 758.485097177335,
        "deadline_slack_s": -2683.7269028226683,
        "is_overdue": true,
        "temp_ok_all": false,
        "odor_ok_all": true,
        "damage_ok_all": true,
        "pick_score": 4.111111111111111,
        "stars": {
          "overall": 3,
          "time": 1,
          "food": 3,
          "method": 5
        },
        "earnings": 4.742710289210903,
        "bonus_extra": 0.0,
        "paid_total": 4.742710289210903,
        "pickup": "12th road (left)",
        "dropoff": "1st road (left)",
        "allowed_delivery_methods": [],
        "delivery_method": "leave_at_door"
      },
      {
        "id": 6,
        "duration_s": 310.637999999999,
        "time_limit_s": 219.1498159347385,
        "deadline_slack_s": -91.4881840652605,
        "is_overdue": true,
        "temp_ok_all": false,
        "odor_ok_all": true,
        "damage_ok_all": true,
        "pick_score": 4.4074074074074066,
        "stars": {
          "overall": 4,
          "time": 2,
          "food": 4,
          "method": 5
        },
        "earnings": 1.5785508568734163,
        "bonus_extra": 1.5,
        "paid_total": 3.0785508568734166,
        "pickup": "1st road (left)",