{
  "meta": {
    "agent_id": "8",
    "model": "meta-llama/llama-3.2-90b-vision-instruct",
    "lifecycle_hours": 0.5,
    "started_sim_s": 15.141000000061467,
    "ended_sim_s": 3074.3460000000196,
    "active_elapsed_s": 853.5389999994077,
    "active_hours": 0.23709416666650213,
    "wall_finished_ts": 1758065621.9066823
  },
  "money": {
    "totals": {
      "initial_earnings": 100.0,
      "current_balance": 121.710574845634,
      "net_growth": 21.710574845634,
      "orders_income": 22.654885636242113,
      "help_income": 0.0,
      "expense_total": 0.3232424999997601,
      "base_wage": 15.154885636242113,
      "bonus": 7.5,
      "help_expense": 0.0,
      "expense_breakdown": {
        "purchases": 0.0,
        "charging": 0.3232424999997601,
        "rental": 0.0,
        "hospital": 0.0,
        "help_expense": 0.0
      },
      "advances": {
        "out": 0.0,
        "returned": 0.0,
        "net": 0.0
      },
      "observed_agent_balance_end": 121.710574845634
    },
    "per_hour": {
      "net_growth": 91.56941796957918,
      "orders_income": 95.55226918808421,
      "help_income": 0.0,
      "expense_total": 1.3633507080519391,
      "base_wage": 63.91926823555745,
      "bonus": 31.63300095252676,
      "initial_earnings": 421.77334603369013,
      "current_balance": 513.3427640032693,
      "help_expense": 0.0,
      "observed_agent_balance_end": 513.3427640032693
    },
    "details": {
      "purchases": [],
      "charging": [
        {
          "ts_sim": 1444.079999999958,
          "which": "own",
          "req_id": null,
          "delta_pct": 6.464849999995202,
          "cost": 0.3232424999997601,
          "start_ts": 1056.1890000002459,
          "end_ts": 1444.079999999958,
          "reason": "moved",
          "aggregated": true,
          "target_pct": 100.0
        }
      ],
      "rental": [],
      "hospital": [],
      "help_income": [],
      "help_expense": [],
      "advance_out": [],
      "advance_return": []
    }
  },
  "orders": {
    "completed_count": 5,
    "timeout_count": 2,
    "avg_stars": 3.8,
    "avg_food_stars": 4.6,
    "temp_ok_rate": 0.6,
    "odor_ok_rate": 1.0,
    "damage_ok_rate": 1.0,
    "method_success_rate": 0.8,
    "total_active_time_s": 1800.1319999989355,
    "avg_time_per_order_s": 360.0263999997871,
    "details": [
      {
        "id": 8,
        "duration_s": 348.7049999999581,
        "on_time": true,
        "temp_ok_all": true,
        "odor_ok_all": true,
        "damage_ok_all": true,
        "stars": {
          "overall": 4,
          "time": 3,
          "food": 5,
          "method": 5
        },
        "earnings": 2.376352074797714,
        "bonus_extra": 1.5,
        "paid_total": 3.876352074797714,
        "pickup": "2nd road (left)",
        "dropoff": "1st road (left)",
        "allowed_delivery_methods": [],
        "delivery_method": "leave_at_door"
      },
      {
        "id": 0,
        "duration_s": 372.74999999965075,
        "on_time": false,
        "temp_ok_all": false,
        "odor_ok_all": true,
        "damage_ok_all": true,
        "stars": {
          "overall": 3,
          "time": 1,
          "food": 4,
          "method": 5
        },
        "earnings": 0.48867177565841957,
        "bonus_extra": 0.0,
        "paid_total": 0.24433588782920979,
        "pickup": "1st road (left)",
        "dropoff": "1st road (left)",
        "allowed_delivery_methods": [],
        "delivery_method": "leave_at_door"
      },
      {
        "id": 6,
        "duration_s": 416.1539999996312,
        "on_time": false,
        "temp_ok_all": false,
        "odor_ok_all": true,
        "damage_ok_all": true,
        "stars": {
          "overall": 2,
          "time": 1,
          "food": 4,
          "method": 1
        },
        "earnings": 0.7534648055582553,
        "bonus_extra": 0.0,
        "paid_total": 0.3767324027791277,
        "pickup": "2nd road (left)",
        "dropoff": "2nd road (left)",
        "allowed_delivery_methods": [
          "hand_to_customer"
        ],
        "delivery_method": "leave_at_door"
      },
      {
        "id": 29,
        "duration_s": 225.13799999991897,
        "on_time": true,
        "temp_ok_all": true,
        "odor_ok_all": true,
        "damage_ok_all": true,
        "stars": {
          "overall": 5,
          "time": 5,
          "food": 5,
          "method": 5
        },
        "earnings": 3.2945266707569405,
        "bonus_extra": 3.0,
        "paid_total": 6.294526670756941,
        "pickup": "2nd road (left)",
        "dropoff": "7th road (left)",
        "allowed_delivery_methods": [],
        "delivery_method": "leave_at_door"
      },
      {
        "id": 24,
        "duration_s": 437.3849999997765,
        "on_time": true,
        "temp_ok_all": true,
        "odor_ok_all": true,
        "damage_ok_all": true,
        "stars": {
          "overall": 5,
          "time": 5,
          "food": 5,
          "method": 5
        },
        "earnings": 8.241870309470784,
        "bonus_extra": 3.0,
        "paid_total": 11.241870309470784,
        "pickup": "15th road (right)",
        "dropoff": "2nd road (left)",
        "allowed_delivery_methods": [],
        "delivery_method": "leave_at_door"
      }
    ]
  },
  "activity": {
    "active_time_ratio": 2.1090213803940823,
    "orders_per_hour": 21.088667301684506,
    "avg_order_time_s": 360.0263999997871,
    "mode_time_s": {
      "e-scooter": 853.5389999994077
    },
    "mode_time_ratio": {
      "e-scooter": 1.0
    }
  },
  "interruptions": {
    "scooter_depleted": 0,
    "hospital_rescue": 0,
    "rent_insufficient": 0,
    "charge_insufficient": 0
  },
  "social": {
    "help_posted": 0,
    "help_accepted": 0,
    "help_given": 0,
    "help_received": 0
  },
  "capability_buckets": {
    "high_level_planning": {
      "active_time_ratio": 2.1090213803940823,
      "orders_per_hour": 21.088667301684506,
      "avg_order_time_s": 360.0263999997871,
      "scooter_depleted_events": 0,
      "hospital_rescue_times": 0,
      "rent_insufficient_times": 0,
      "charge_insufficient_times": 0
    },
    "common_sense_reasoning": {
      "temp_ok_rate": 0.6,
      "odor_ok_rate": 1.0,
      "damage_ok_rate": 1.0,
      "method_success_rate": 0.8
    },
    "social_reasoning": {
      "help_posted": 0,
      "help_accepted": 0,
      "help_given": 0,
      "help_received": 0,
      "say": 0
    }
  },
  "actions": {
    "view_orders": {
      "attempts": 3,
      "successes": 3,
      "success_rate": 1.0
    },
    "accept_order": {
      "attempts": 3,
      "successes": 3,
      "success_rate": 1.0
    },
    "move_to": {
      "attempts": 16,
      "successes": 16,
      "success_rate": 1.0
    },
    "charge_escooter": {
      "attempts": 9,
      "successes": 1,
      "success_rate": 0.1111111111111111
    },
    "switch_transport": {
      "attempts": 1,
      "successes": 1,
      "success_rate": 1.0
    },
    "pickup": {
      "attempts": 4,
      "successes": 4,
      "success_rate": 1.0
    },
    "place_food_in_bag": {
      "attempts": 4,
      "successes": 4,
      "success_rate": 1.0
    },
    "drop_off": {
      "attempts": 25,
      "successes": 5,
      "success_rate": 0.2
    },
    "step_forward": {
      "attempts": 4,
      "successes": 4,
      "success_rate": 1.0
    },
    "turn_around": {
      "attempts": 1,
      "successes": 1,
      "success_rate": 1.0
    }
  },
  "vlm": {
    "total_calls": 80,
    "successes": 70,
    "parse_failures": 10,
    "retries": 10,
    "success_rate": 0.875,
    "parse_success_rate": 0.875
  }
}