{
  "meta": {
    "agent_id": "8",
    "model": "google/gemini-2.5-flash",
    "lifecycle_hours": 2.0,
    "started_sim_s": 76.875,
    "ended_sim_s": 11652.75,
    "active_elapsed_s": 7215.242999999886,
    "active_hours": 2.004234166666635,
    "wall_finished_ts": 1758693031.7589695
  },
  "money": {
    "totals": {
      "initial_earnings": 100.0,
      "current_balance": 103.00147360179056,
      "net_growth": 3.0014736017905648,
      "orders_income": 18.001473601790558,
      "help_income": 0.0,
      "expense_total": 15.0,
      "base_wage": 15.001473601790556,
      "bonus": 3.0,
      "help_expense": 0.0,
      "expense_breakdown": {
        "purchases": 0.0,
        "charging": 0.0,
        "rental": 0.0,
        "hospital": 15.0,
        "help_expense": 0.0
      },
      "advances": {
        "out": 0.0,
        "returned": 0.0,
        "net": 0.0
      },
      "observed_agent_balance_end": 103.00147360179056
    },
    "per_hour": {
      "net_growth": 1.497566328181352,
      "orders_income": 8.981721747479195,
      "help_income": 0.0,
      "expense_total": 7.484155419297847,
      "base_wage": 7.484890663619625,
      "bonus": 1.4968310838595693,
      "initial_earnings": 49.89436946198565,
      "current_balance": 51.391935790167,
      "help_expense": 0.0,
      "observed_agent_balance_end": 51.391935790167
    },
    "details": {
      "purchases": [],
      "charging": [],
      "rental": [],
      "hospital": [
        {
          "ts_sim": 5059.685999999972,
          "fee": 5.0
        },
        {
          "ts_sim": 7635.140999999974,
          "fee": 5.0
        },
        {
          "ts_sim": 10259.483999999982,
          "fee": 5.0
        }
      ],
      "help_income": [],
      "help_expense": [],
      "advance_out": [],
      "advance_return": []
    }
  },
  "orders": {
    "completed_count": 9,
    "timeout_count": 9,
    "avg_stars": 3.2222222222222223,
    "avg_food_stars": 4.0,
    "temp_ok_rate": 0.1111111111111111,
    "odor_ok_rate": 0.7777777777777778,
    "damage_ok_rate": 1.0,
    "method_success_rate": 1.0,
    "total_active_time_s": 9345.002999999662,
    "avg_time_per_order_s": 1038.3336666666291,
    "details": [
      {
        "id": 9,
        "duration_s": 331.6829999999609,
        "on_time": false,
        "temp_ok_all": false,
        "odor_ok_all": true,
        "damage_ok_all": true,
        "stars": {
          "overall": 3,
          "time": 1,
          "food": 4,
          "method": 5
        },
        "earnings": 0.593070041105191,
        "bonus_extra": 0.0,
        "paid_total": 0.593070041105191,
        "pickup": "14th road (right)",
        "dropoff": "15th road (left)",
        "allowed_delivery_methods": [],
        "delivery_method": "leave_at_door"
      },
      {
        "id": 8,
        "duration_s": 359.1539999999368,
        "on_time": false,
        "temp_ok_all": false,
        "odor_ok_all": true,
        "damage_ok_all": true,
        "stars": {
          "overall": 3,
          "time": 1,
          "food": 4,
          "method": 5
        },
        "earnings": 0.7113103278632676,
        "bonus_extra": 0.0,
        "paid_total": 0.7113103278632676,
        "pickup": "14th road (right)",
        "dropoff": "9th road (right)",
        "allowed_delivery_methods": [],
        "delivery_method": "leave_at_door"
      },
      {
        "id": 5,
        "duration_s": 660.0899999999092,
        "on_time": false,
        "temp_ok_all": false,
        "odor_ok_all": true,
        "damage_ok_all": true,
        "stars": {
          "overall": 3,
          "time": 1,
          "food": 4,
          "method": 5
        },
        "earnings": 1.1692766140583166,
        "bonus_extra": 0.0,
        "paid_total": 1.1692766140583166,
        "pickup": "14th road (right)",
        "dropoff": "15th road (right)",
        "allowed_delivery_methods": [],
        "delivery_method": "leave_at_door"
      },
      {
        "id": 28,
        "duration_s": 963.8459999999759,
        "on_time": false,
        "temp_ok_all": false,
        "odor_ok_all": true,
        "damage_ok_all": true,
        "stars": {
          "overall": 4,
          "time": 1,
          "food": 5,
          "method": 5
        },
        "earnings": 3.7891587904829174,
        "bonus_extra": 1.5,
        "paid_total": 5.289158790482917,
        "pickup": "12th road (right)",
        "dropoff": "15th road (left)",
        "allowed_delivery_methods": [],
        "delivery_method": "leave_at_door"
      },
      {
        "id": 37,
        "duration_s": 1282.8779999999679,
        "on_time": false,
        "temp_ok_all": true,
        "odor_ok_all": true,
        "damage_ok_all": true,
        "stars": {
          "overall": 4,
          "time": 1,
          "food": 5,
          "method": 5
        },
        "earnings": 2.094394420434015,
        "bonus_extra": 1.5,
        "paid_total": 3.594394420434015,
        "pickup": "14th road (right)",
        "dropoff": "7th road (right)",
        "allowed_delivery_methods": [
          "call"
        ],
        "delivery_method": "call"
      },
      {
        "id": 39,
        "duration_s": 2798.396999999997,
        "on_time": false,
        "temp_ok_all": false,
        "odor_ok_all": false,
        "damage_ok_all": true,
        "stars": {
          "overall": 3,
          "time": 1,
          "food": 3,
          "method": 5
        },
        "earnings": 3.151740768861258,
        "bonus_extra": 0.0,
        "paid_total": 3.151740768861258,
        "pickup": "12th road (right)",
        "dropoff": "14th road (left)",
        "allowed_delivery_methods": [],
        "delivery_method": "leave_at_door"
      },
      {
        "id": 41,
        "duration_s": 579.1409999999742,
        "on_time": false,
        "temp_ok_all": false,
        "odor_ok_all": true,
        "damage_ok_all": true,
        "stars": {
          "overall": 3,
          "time": 1,
          "food": 4,
          "method": 5
        },
        "earnings": 1.4979490733225347,
        "bonus_extra": 0.0,
        "paid_total": 1.4979490733225347,
        "pickup": "5th road (left)",
        "dropoff": "4th road (left)",
        "allowed_delivery_methods": [],
        "delivery_method": "leave_at_door"
      },
      {
        "id": 50,
        "duration_s": 579.1409999999742,
        "on_time": false,
        "temp_ok_all": false,
        "odor_ok_all": true,
        "damage_ok_all": true,
        "stars": {
          "overall": 3,
          "time": 1,
          "food": 4,
          "method": 5
        },
        "earnings": 0.8717347032696202,
        "bonus_extra": 0.0,
        "paid_total": 0.8717347032696202,
        "pickup": "5th road (left)",
        "dropoff": "4th road (left)",
        "allowed_delivery_methods": [],
        "delivery_method": "leave_at_door"
      },
      {
        "id": 62,
        "duration_s": 1790.6729999999661,
        "on_time": false,
        "temp_ok_all": false,
        "odor_ok_all": false,
        "damage_ok_all": true,
        "stars": {
          "overall": 3,
          "time": 1,
          "food": 3,
          "method": 5
        },
        "earnings": 1.1228388623934367,
        "bonus_extra": 0.0,
        "paid_total": 1.1228388623934367,
        "pickup": "5th road (left)",
        "dropoff": "9th road (right)",
        "allowed_delivery_methods": [
          "leave_at_door"
        ],
        "delivery_method": "leave_at_door"
      }
    ]
  },
  "activity": {
    "active_time_ratio": 1.2951750897370762,
    "orders_per_hour": 4.490493251578708,
    "avg_order_time_s": 1038.3336666666291,
    "mode_time_s": {
      "e-scooter": 1366.592999999877,
      "drag_scooter": 76.73399999998219,
      "walk": 5771.9160000000265
    },
    "mode_time_ratio": {
      "e-scooter": 0.1894036001282145,
      "drag_scooter": 0.010634984850819772,
      "walk": 0.7999614150209657
    }
  },
  "interruptions": {
    "scooter_depleted": 1,
    "hospital_rescue": 3,