{
  "meta": {
    "agent_id": "4",
    "model": "google/gemini-2.5-flash",
    "lifecycle_hours": 2.0,
    "started_sim_s": 68.90699999999197,
    "ended_sim_s": 10308.044999999998,
    "active_elapsed_s": 7202.208000000144,
    "active_hours": 2.0006133333333733,
    "wall_finished_ts": 1758692583.4244957
  },
  "money": {
    "totals": {
      "initial_earnings": 100.0,
      "current_balance": 103.56614196761423,
      "net_growth": 3.5661419676142287,
      "orders_income": 18.566141967614236,
      "help_income": 0.0,
      "expense_total": 15.0,
      "base_wage": 14.066141967614236,
      "bonus": 4.5,
      "help_expense": 0.0,
      "expense_breakdown": {
        "purchases": 0.0,
        "charging": 0.0,
        "rental": 0.0,
        "hospital": 15.0,
        "help_expense": 0.0
      },
      "advances": {
        "out": 0.0,
        "returned": 0.0,
        "net": 0.0
      },
      "observed_agent_balance_end": 103.56614196761423
    },
    "per_hour": {
      "net_growth": 1.782524343008556,
      "orders_income": 9.280225048125507,
      "help_income": 0.0,
      "expense_total": 7.497700705116948,
      "base_wage": 7.030914836590423,
      "bonus": 2.2493102115350845,
      "initial_earnings": 49.98467136744632,
      "current_balance": 51.76719571045487,
      "help_expense": 0.0,
      "observed_agent_balance_end": 51.76719571045487
    },
    "details": {
      "purchases": [],
      "charging": [],
      "rental": [],
      "hospital": [
        {
          "ts_sim": 5252.060999999972,
          "fee": 5.0
        },
        {
          "ts_sim": 7077.468000000008,
          "fee": 5.0
        },
        {
          "ts_sim": 8728.781999999992,
          "fee": 5.0
        }
      ],
      "help_income": [],
      "help_expense": [],
      "advance_out": [],
      "advance_return": []
    }
  },
  "orders": {
    "completed_count": 5,
    "timeout_count": 4,
    "avg_stars": 3.4,
    "avg_food_stars": 4.0,
    "temp_ok_rate": 0.2,
    "odor_ok_rate": 0.8,
    "damage_ok_rate": 1.0,
    "method_success_rate": 0.8,
    "total_active_time_s": 3488.961000000112,
    "avg_time_per_order_s": 697.7922000000224,
    "details": [
      {
        "id": 6,
        "duration_s": 466.68899999998393,
        "on_time": false,
        "temp_ok_all": false,
        "odor_ok_all": false,
        "damage_ok_all": true,
        "stars": {
          "overall": 4,
          "time": 2,
          "food": 4,
          "method": 5
        },
        "earnings": 1.9269104408971378,
        "bonus_extra": 1.5,
        "paid_total": 3.426910440897138,
        "pickup": "8th road (right)",
        "dropoff": "4th road (right)",
        "allowed_delivery_methods": [],
        "delivery_method": "leave_at_door"
      },
      {
        "id": 22,
        "duration_s": 466.68899999998393,
        "on_time": false,
        "temp_ok_all": false,
        "odor_ok_all": true,
        "damage_ok_all": true,
        "stars": {
          "overall": 2,
          "time": 1,
          "food": 3,
          "method": 1
        },
        "earnings": 1.3149106865800153,
        "bonus_extra": 0.0,
        "paid_total": 1.3149106865800153,
        "pickup": "5th road (left)",
        "dropoff": "4th road (right)",
        "allowed_delivery_methods": [
          "knock",
          "hand_to_customer"
        ],
        "delivery_method": "leave_at_door"
      },
      {
        "id": 23,
        "duration_s": 672.5160000000178,
        "on_time": true,
        "temp_ok_all": true,
        "odor_ok_all": true,
        "damage_ok_all": true,
        "stars": {
          "overall": 5,
          "time": 4,
          "food": 5,
          "method": 5
        },
        "earnings": 7.834277747896982,
        "bonus_extra": 3.0,
        "paid_total": 10.834277747896982,
        "pickup": "14th road (right)",
        "dropoff": "4th road (right)",
        "allowed_delivery_methods": [],
        "delivery_method": "leave_at_door"
      },
      {
        "id": 19,
        "duration_s": 1238.019000000073,
        "on_time": false,
        "temp_ok_all": false,
        "odor_ok_all": true,
        "damage_ok_all": true,
        "stars": {
          "overall": 3,
          "time": 1,
          "food": 4,
          "method": 5
        },
        "earnings": 2.542412236742255,
        "bonus_extra": 0.0,
        "paid_total": 2.542412236742255,
        "pickup": "5th road (left)",
        "dropoff": "3rd road (left)",
        "allowed_delivery_methods": [
          "leave_at_door",
          "knock"
        ],
        "delivery_method": "leave_at_door"
      },
      {
        "id": 46,
        "duration_s": 645.0480000000534,
        "on_time": false,
        "temp_ok_all": false,
        "odor_ok_all": true,
        "damage_ok_all": true,
        "stars": {
          "overall": 3,
          "time": 1,
          "food": 4,
          "method": 5
        },
        "earnings": 0.4476308554978461,
        "bonus_extra": 0.0,
        "paid_total": 0.4476308554978461,
        "pickup": "14th road (right)",
        "dropoff": "14th road (right)",
        "allowed_delivery_methods": [],
        "delivery_method": "leave_at_door"
      }
    ]
  },
  "activity": {
    "active_time_ratio": 0.48442935833011797,
    "orders_per_hour": 2.4992335683723157,
    "avg_order_time_s": 697.7922000000224,
    "mode_time_s": {
      "e-scooter": 1448.6280000000115,
      "drag_scooter": 5753.580000000133
    },
    "mode_time_ratio": {
      "e-scooter": 0.20113665142689333,
      "drag_scooter": 0.7988633485731067
    }
  },
  "interruptions": {
    "scooter_depleted": 1,
    "hospital_rescue": 3,
    "rent_insufficient": 0,
    "charge_insufficient": 0
  },
  "social": {
    "help_posted": 0,
    "help_accepted": 0,
    "help_given": 0,
    "help_received": 0
  },
  "capability_buckets": {
    "high_level_planning": {
      "active_time_ratio": 0.48442935833011797,
      "orders_per_hour": 2.4992335683723157,
      "avg_order_time_s": 697.7922000000224,
      "scooter_depleted_events": 1,
      "hospital_rescue_times": 3,
      "rent_insufficient_times": 0,
      "charge_insufficient_times": 0
    },
    "common_sense_reasoning": {
      "temp_ok_rate": 0.2,
      "odor_ok_rate": 0.8,
      "damage_ok_rate": 1.0,
      "method_success_rate": 0.8
    },
    "social_reasoning": {
      "help_posted": 0,
      "help_accepted": 0,
      "help_given": 0,
      "help_received": 0,
      "say": 0
    }
  },
  "actions": {
    "view_orders": {
      "attempts": 4,
      "successes": 4,
      "success_rate": 1.0
    },
    "accept_order": {
      "attempts": 3,
      "successes": 3,
      "success_rate": 1.0
    },
    "move_to": {
      "attempts": 14,
      "successes": 9,
      "success_rate": 0.6428571428571429
    },
    "wait": {
      "attempts": 5,
      "successes": 5,
      "success_rate": 1.0
    },
    "pickup": {
      "attempts": 5,
      "successes": 5,
      "success_rate": 1.0
    },
    "place_food_in_bag": {
      "attempts": 5,
      "successes": 5,
      "success_rate": 1.0
    },
    "drop_off": {
      "attempts": 5,
      "successes": 5,
      "success_rate": 1.0
    },
    "switch_transport": {
      "attempts": 3,
      "successes": 3,
      "success_rate": 1.0
    }
  },
  "vlm": {
    "total_calls": 45,
    "successes": 44,
    "parse_failures": 1,
    "retries": 1,
    "success_rate": 0.9777777777777777,
    "parse_success_rate": 0.9777777777777777
  }
}