{
  "meta": {
    "agent_id": "7",
    "model": "gpt-4o",
    "lifecycle_hours": 0.5,
    "started_sim_s": 41.2949999999546,
    "ended_sim_s": 4350.0,
    "active_elapsed_s": 1806.6539999999804,
    "active_hours": 0.5018483333333279,
    "wall_finished_ts": 1758343177.201359
  },
  "money": {
    "totals": {
      "initial_earnings": 100.0,
      "current_balance": 111.16398676866206,
      "net_growth": 11.163986768662056,
      "orders_income": 13.523361768662147,
      "help_income": 0.0,
      "expense_total": 2.359375000000001,
      "base_wage": 9.023361768662147,
      "bonus": 4.5,
      "help_expense": 0.0,
      "expense_breakdown": {
        "purchases": 0.0,
        "charging": 2.359375000000001,
        "rental": 0.0,
        "hospital": 0.0,
        "help_expense": 0.0
      },
      "advances": {
        "out": 0.0,
        "returned": 0.0,
        "net": 0.0
      },
      "observed_agent_balance_end": 111.16398676866206
    },
    "per_hour": {
      "net_growth": 22.245738457493154,
      "orders_income": 26.947109057508662,
      "help_income": 0.0,
      "expense_total": 4.70137060001533,
      "base_wage": 17.980256522380092,
      "bonus": 8.966852535128572,
      "initial_earnings": 199.26338966952383,
      "current_balance": 221.509128127017,
      "help_expense": 0.0,
      "observed_agent_balance_end": 221.509128127017
    },
    "details": {
      "purchases": [],
      "charging": [
        {
          "ts_sim": 4350.0,
          "which": "own",
          "req_id": null,
          "delta_pct": 47.1875,
          "cost": 2.359375000000001,
          "start_ts": 4058.1539999999804,
          "end_ts": 4350.0,
          "reason": "lifecycle_end",
          "aggregated": true,
          "target_pct": null
        }
      ],
      "rental": [],
      "hospital": [],
      "help_income": [],
      "help_expense": [],
      "advance_out": [],
      "advance_return": []
    }
  },
  "orders": {
    "completed_count": 4,
    "timeout_count": 3,
    "avg_stars": 3.75,
    "avg_food_stars": 4.0,
    "temp_ok_rate": 0.25,
    "odor_ok_rate": 1.0,
    "damage_ok_rate": 1.0,
    "method_success_rate": 1.0,
    "total_active_time_s": 2204.2470000001194,
    "avg_time_per_order_s": 551.0617500000299,
    "details": [
      {
        "id": 1,
        "duration_s": 337.4069999999483,
        "on_time": true,
        "temp_ok_all": true,
        "odor_ok_all": true,
        "damage_ok_all": true,
        "stars": {
          "overall": 5,
          "time": 5,
          "food": 4,
          "method": 5
        },
        "earnings": 3.5625901760540257,
        "bonus_extra": 3.0,
        "paid_total": 6.562590176054026,
        "pickup": "5th road (right)",
        "dropoff": "9th road (left)",
        "allowed_delivery_methods": [],
        "delivery_method": "leave_at_door"
      },
      {
        "id": 9,
        "duration_s": 481.4549999998708,
        "on_time": false,
        "temp_ok_all": false,
        "odor_ok_all": true,
        "damage_ok_all": true,
        "stars": {
          "overall": 4,
          "time": 2,
          "food": 4,
          "method": 5
        },
        "earnings": 1.8151730950913973,
        "bonus_extra": 1.5,
        "paid_total": 3.3151730950913976,
        "pickup": "5th road (right)",
        "dropoff": "1st road (left)",
        "allowed_delivery_methods": [],
        "delivery_method": "leave_at_door"
      },
      {
        "id": 21,
        "duration_s": 340.45200000016484,
        "on_time": false,
        "temp_ok_all": false,
        "odor_ok_all": true,
        "damage_ok_all": true,
        "stars": {
          "overall": 3,
          "time": 1,
          "food": 4,
          "method": 5
        },
        "earnings": 1.3070040246199135,
        "bonus_extra": 0.0,
        "paid_total": 1.3070040246199135,
        "pickup": "1st road (left)",
        "dropoff": "2nd road (left)",
        "allowed_delivery_methods": [
          "leave_at_door",
          "knock"
        ],
        "delivery_method": "leave_at_door"
      },
      {
        "id": 22,
        "duration_s": 1044.9330000001355,
        "on_time": false,
        "temp_ok_all": false,
        "odor_ok_all": true,
        "damage_ok_all": true,
        "stars": {
          "overall": 3,
          "time": 1,
          "food": 4,
          "method": 5
        },
        "earnings": 2.3385944728968098,
        "bonus_extra": 0.0,
        "paid_total": 2.3385944728968098,
        "pickup": "5th road (right)",
        "dropoff": "11th road (right)",
        "allowed_delivery_methods": [],
        "delivery_method": "leave_at_door"
      }
    ]
  },
  "activity": {
    "active_time_ratio": 1.2200714691358407,
    "orders_per_hour": 7.970535586780953,
    "avg_order_time_s": 551.0617500000299,
    "mode_time_s": {
      "e-scooter": 1084.3589999999385,
      "drag_scooter": 472.31100000001607,
      "walk": 249.98400000002584
    },
    "mode_time_ratio": {
      "e-scooter": 0.6002029165517859,
      "drag_scooter": 0.2614285856616824,
      "walk": 0.13836849778653165
    }
  },
  "interruptions": {
    "scooter_depleted": 1,
    "hospital_rescue": 0,
    "rent_insufficient": 0,
    "charge_insufficient": 0
  },
  "social": {
    "help_posted": 0,
    "help_accepted": 0,
    "help_given": 0,
    "help_received": 0
  },
  "capability_buckets": {
    "high_level_planning": {
      "active_time_ratio": 1.2200714691358407,
      "orders_per_hour": 7.970535586780953,
      "avg_order_time_s": 551.0617500000299,
      "scooter_depleted_events": 1,
      "hospital_rescue_times": 0,
      "rent_insufficient_times": 0,
      "charge_insufficient_times": 0
    },
    "common_sense_reasoning": {
      "temp_ok_rate": 0.25,
      "odor_ok_rate": 1.0,
      "damage_ok_rate": 1.0,
      "method_success_rate": 1.0
    },
    "social_reasoning": {
      "help_posted": 0,
      "help_accepted": 0,
      "help_given": 0,
      "help_received": 0,
      "say": 0
    }
  },
  "actions": {
    "view_orders": {
      "attempts": 8,
      "successes": 8,
      "success_rate": 1.0
    },
    "accept_order": {
      "attempts": 3,
      "successes": 3,
      "success_rate": 1.0
    },
    "move_to": {
      "attempts": 15,
      "successes": 13,
      "success_rate": 0.8666666666666667
    },
    "wait": {
      "attempts": 6,
      "successes": 5,
      "success_rate": 0.8333333333333334
    },
    "pickup": {
      "attempts": 4,
      "successes": 4,
      "success_rate": 1.0
    },
    "place_food_in_bag": {
      "attempts": 4,
      "successes": 4,
      "success_rate": 1.0
    },
    "drop_off": {
      "attempts": 4,
      "successes": 4,
      "success_rate": 1.0
    },
    "charge_escooter": {
      "attempts": 2,
      "successes": 2,
      "success_rate": 1.0
    },
    "rest": {
      "attempts": 7,
      "successes": 0,
      "success_rate": 0.0
    },
    "switch_transport": {
      "attempts": 1,
      "successes": 1,
      "success_rate": 1.0
    }
  },
  "vlm": {
    "total_calls": 54,
    "successes": 54,
    "parse_failures": 0,
    "retries": 0,
    "success_rate": 1.0,
    "parse_success_rate": 1.0
  }
}