{
  "meta": {
    "agent_id": "1",
    "model": "openai/gpt-5",
    "lifecycle_hours": 2.0,
    "started_sim_s": 110.10900000000402,
    "ended_sim_s": 18741.468,
    "active_elapsed_s": 7201.760999999995,
    "active_hours": 2.0004891666666653,
    "wall_finished_ts": 1760070497.4433348
  },
  "money": {
    "totals": {
      "initial_earnings": 100.0,
      "current_balance": 140.94525478794307,
      "net_growth": 40.94525478794307,
      "orders_income": 71.06309649927914,
      "help_income": 0.0,
      "expense_total": 30.117841711335984,
      "base_wage": 60.56309649927913,
      "bonus": 10.5,
      "help_expense": 0.0,
      "expense_breakdown": {
        "purchases": 12.0,
        "charging": 13.117841711335984,
        "rental": 0.0,
        "hospital": 5.0,
        "help_expense": 0.0
      },
      "advances": {
        "out": 0.0,
        "returned": 0.0,
        "net": 0.0
      },
      "observed_agent_balance_end": 140.94525478794307
    },
    "per_hour": {
      "net_growth": 20.46762135491516,
      "orders_income": 35.522859950143456,
      "help_income": 0.0,
      "expense_total": 15.055238595228253,
      "base_wage": 30.274143698659955,
      "bonus": 5.248716251483495,
      "initial_earnings": 49.98777382365233,
      "current_balance": 70.45539517856749,
      "help_expense": 0.0,
      "observed_agent_balance_end": 70.45539517856749
    },
    "details": {
      "purchases": [
        {
          "ts_sim": 7964.625,
          "items": "1 x energy_drink",
          "cost": 6.0
        },
        {
          "ts_sim": 14505.468000000003,
          "items": "1 x energy_drink",
          "cost": 6.0
        }
      ],
      "charging": [
        {
          "ts_sim": 9174.423000000004,
          "which": "own",
          "req_id": null,
          "delta_pct": 113.95883422671939,
          "cost": 5.69794171133597,
          "start_ts": 4613.205000000002,
          "end_ts": 9174.423000000004,
          "reason": "finished",
          "aggregated": true,
          "target_pct": 30.0
        },
        {
          "ts_sim": 18741.468,
          "which": "own",
          "req_id": null,
          "delta_pct": 148.39800000000022,
          "cost": 7.4199000000000135,
          "start_ts": 12567.423000000004,
          "end_ts": 18741.468,
          "reason": "lifecycle_end",
          "aggregated": true,
          "target_pct": null
        }
      ],
      "rental": [],
      "hospital": [
        {
          "ts_sim": 18517.641000000003,
          "fee": 5.0
        }
      ],
      "help_income": [],
      "help_expense": [],
      "advance_out": [],
      "advance_return": []
    }
  },
  "energy": {
    "personal_consumed_pct": 200.00000000000014,
    "scooter_batt_consumed_pct": 155.65250173229737,
    "personal_remaining_pct": 0.0,
    "scooter_remaining_pct": 0.0
  },
  "orders": {
    "completed_count": 8,
    "timeout_count": 5,
    "ontime_rate": 0.4444444444444444,
    "avg_stars": 3.875,
    "avg_food_stars": 3.25,
    "temp_ok_rate": 0.125,
    "odor_ok_rate": 0.125,
    "damage_ok_rate": 1.0,
    "method_success_rate": 0.875,
    "total_active_time_s": 9394.620000000004,
    "avg_time_per_order_s": 1174.3275000000006,
    "open_count": 2,
    "open_overdue_count": 1,
    "open_not_due_count": 1,
    "completed_order_details": [
      {
        "id": 1,
        "duration_s": 1307.9520000000011,
        "time_limit_s": 933.000753681106,
        "deadline_slack_s": -374.9512463188952,
        "is_overdue": true,
        "temp_ok_all": true,
        "odor_ok_all": true,
        "damage_ok_all": true,
        "pick_score": 2.9259259259259265,
        "stars": {
          "overall": 4,
          "time": 2,
          "food": 5,
          "method": 5
        },
        "earnings": 9.801729896183213,
        "bonus_extra": 1.5,
        "paid_total": 11.301729896183213,
        "pickup": "20th road (right)",
        "dropoff": "25th road (left)",
        "allowed_delivery_methods": [],
        "delivery_method": "leave_at_door"
      },
      {
        "id": 3,
        "duration_s": 893.109000000004,
        "time_limit_s": 790.8761143372069,
        "deadline_slack_s": -102.23288566279712,
        "is_overdue": true,
        "temp_ok_all": false,
        "odor_ok_all": false,
        "damage_ok_all": true,
        "pick_score": 3.3703703703703702,
        "stars": {
          "overall": 4,
          "time": 3,
          "food": 3,
          "method": 5
        },
        "earnings": 9.901470175662396,
        "bonus_extra": 1.5,
        "paid_total": 11.401470175662396,
        "pickup": "24th road (right)",
        "dropoff": "3rd road (right)",
        "allowed_delivery_methods": [],
        "delivery_method": "leave_at_door"
      },
      {
        "id": 2,
        "duration_s": 948.3270000000066,
        "time_limit_s": 1041.9130733646828,
        "deadline_slack_s": 93.58607336467617,
        "is_overdue": false,
        "temp_ok_all": false,
        "odor_ok_all": false,
        "damage_ok_all": true,
        "pick_score": 2.7777777777777777,
        "stars": {
          "overall": 3,
          "time": 5,
          "food": 3,
          "method": 1
        },
        "earnings": 9.136430128198446,
        "bonus_extra": 0.0,
        "paid_total": 9.136430128198446,
        "pickup": "24th road (right)",
        "dropoff": "11th road (left)",
        "allowed_delivery_methods": [
          "knock",
          "hand_to_customer"
        ],
        "delivery_method": "call"
      },
      {
        "id": 6,
        "duration_s": 324.23099999999795,
        "time_limit_s": 475.02074302333614,
        "deadline_slack_s": 150.7897430233382,
        "is_overdue": false,
        "temp_ok_all": false,
        "odor_ok_all": false,
        "damage_ok_all": true,
        "pick_score": 3.9629629629629632,
        "stars": {
          "overall": 4,
          "time": 5,
          "food": 2,
          "method": 5
        },
        "earnings": 4.850019825855086,
        "bonus_extra": 1.5,
        "paid_total": 6.350019825855086,
        "pickup": "1st road (left)",
        "dropoff": "5th road (right)",
        "allowed_delivery_methods": [
          "leave_at_door"
        ],
        "delivery_method": "leave_at_door"
      },
      {
        "id": 5,
        "duration_s": 2270.900999999996,
        "time_limit_s": 571.4280788207074,
        "deadline_slack_s": -1699.4729211792887,
        "is_overdue": true,
        "temp_ok_all": false,
        "odor_ok_all": false,
        "damage_ok_all": true,
        "pick_score": 3.074074074074074,
        "stars": {
          "overall": 3,
          "time": 1,
          "food": 2,
          "method": 5
        },
        "earnings": 2.1384034390786173,
        "bonus_extra": 0.0,
        "paid_total": 2.1384034390786173,
        "pickup": "14th road (right)",
        "dropoff": "10th road (right)",
        "allowed_delivery_methods": [],
        "delivery_method": "leave_at_door"
      },
      {
        "id": 11,
        "duration_s": 2489.150999999996,
        "time_limit_s": 692.7703671519438,
        "deadline_slack_s": -1796.3806328480523,
        "is_overdue": true,
        "temp_ok_all": false,
        "odor_ok_all": false,
        "damage_ok_all": true,
        "pick_score": 2.333333333333333,
        "stars": {
          "overall": 3,
          "time": 1,
          "food": 3,
          "method": 5
        },
        "earnings": 4.7118110068649335,
        "bonus_extra": 0.0,
        "paid_total": 4.7118110068649335,
        "pickup": "14th road (right)",
        "dropoff": "21st road (right)",
        "allowed_delivery_methods": [],
        "delivery_method": "leave_at_door"
      },
      {
        "id": 13,
        "duration_s": 484.9200000000037,
        "time_limit_s": 758.0850582731766,
        "deadline_slack_s": 273.1650582731729,
        "is_overdue": false,
        "temp_ok_all": false,
        "odor_ok_all": false,
        "damage_ok_all": true,