{
  "meta": {
    "agent_id": "2",
    "model": "openai/gpt-4o",
    "lifecycle_hours": 2.0,
    "started_sim_s": 56.10900000000001,
    "ended_sim_s": 13492.032,
    "active_elapsed_s": 7200.602999999994,
    "active_hours": 2.000167499999998,
    "wall_finished_ts": 1760037530.6368828
  },
  "money": {
    "totals": {
      "initial_earnings": 100.0,
      "current_balance": 122.7235078039677,
      "net_growth": 22.723507803967706,
      "orders_income": 67.1207828039673,
      "help_income": 0.0,
      "expense_total": 44.39727499999995,
      "base_wage": 52.1207828039673,
      "bonus": 15.0,
      "help_expense": 0.0,
      "expense_breakdown": {
        "purchases": 18.0,
        "charging": 21.39727499999995,
        "rental": 0.0,
        "hospital": 5.0,
        "help_expense": 0.0
      },
      "advances": {
        "out": 0.0,
        "returned": 0.0,
        "net": 0.0
      },
      "observed_agent_balance_end": 122.7235078039677
    },
    "per_hour": {
      "net_growth": 11.36080243477995,
      "orders_income": 33.55758095457874,
      "help_income": 0.0,
      "expense_total": 22.196778519798965,
      "base_wage": 26.058209026977668,
      "bonus": 7.499371927601071,
      "initial_earnings": 49.9958128506738,
      "current_balance": 61.356615285453756,
      "help_expense": 0.0,
      "observed_agent_balance_end": 61.356615285453756
    },
    "details": {
      "purchases": [
        {
          "ts_sim": 809.9069999999999,
          "items": "1 x ice_pack, 1 x heat_pack",
          "cost": 6.0
        },
        {
          "ts_sim": 3746.109,
          "items": "1 x energy_drink",
          "cost": 6.0
        },
        {
          "ts_sim": 6242.016,
          "items": "1 x energy_drink",
          "cost": 6.0
        }
      ],
      "charging": [
        {
          "ts_sim": 4146.141,
          "which": "own",
          "req_id": null,
          "delta_pct": 155.87499999999994,
          "cost": 7.793750000000005,
          "start_ts": 1084.407,
          "end_ts": 4146.141,
          "reason": "finished",
          "aggregated": true,
          "target_pct": 100.0
        },
        {
          "ts_sim": 13492.032,
          "which": "own",
          "req_id": null,
          "delta_pct": 272.0704999999999,
          "cost": 13.603524999999948,
          "start_ts": 8201.625,
          "end_ts": 13492.032,
          "reason": "lifecycle_end",
          "aggregated": true,
          "target_pct": null
        }
      ],
      "rental": [],
      "hospital": [
        {
          "ts_sim": 5065.032,
          "fee": 5.0
        }
      ],
      "help_income": [],
      "help_expense": [],
      "advance_out": [],
      "advance_return": []
    }
  },
  "energy": {
    "personal_consumed_pct": 260.97638271605945,
    "scooter_batt_consumed_pct": 211.95517518869696,
    "personal_remaining_pct": 39.023617283941014,
    "scooter_remaining_pct": 53.94885898217689
  },
  "orders": {
    "completed_count": 9,
    "timeout_count": 7,
    "ontime_rate": 0.3,
    "avg_stars": 4.111111111111111,
    "avg_food_stars": 4.111111111111111,
    "temp_ok_rate": 0.2222222222222222,
    "odor_ok_rate": 0.8888888888888888,
    "damage_ok_rate": 1.0,
    "method_success_rate": 1.0,
    "total_active_time_s": 5385.131999999996,
    "avg_time_per_order_s": 598.3479999999995,
    "open_count": 1,
    "open_overdue_count": 1,
    "open_not_due_count": 0,
    "completed_order_details": [
      {
        "id": 2,
        "duration_s": 708.6539999999998,
        "time_limit_s": 618.778112527442,
        "deadline_slack_s": -89.87588747255779,
        "is_overdue": true,
        "temp_ok_all": false,
        "odor_ok_all": true,
        "damage_ok_all": true,
        "pick_score": 4.703703703703704,
        "stars": {
          "overall": 4,
          "time": 3,
          "food": 4,
          "method": 5
        },
        "earnings": 6.333427096611091,
        "bonus_extra": 1.5,
        "paid_total": 7.833427096611091,
        "pickup": "12th road (right)",
        "dropoff": "14th road (right)",
        "allowed_delivery_methods": [
          "leave_at_door",
          "knock"
        ],
        "delivery_method": "leave_at_door"
      },
      {
        "id": 0,
        "duration_s": 628.683,
        "time_limit_s": 429.29023502586875,
        "deadline_slack_s": -199.39276497413124,
        "is_overdue": true,
        "temp_ok_all": false,
        "odor_ok_all": false,
        "damage_ok_all": true,
        "pick_score": 3.0740740740740744,
        "stars": {
          "overall": 4,
          "time": 2,
          "food": 4,
          "method": 5
        },
        "earnings": 3.664535978955089,
        "bonus_extra": 1.5,
        "paid_total": 5.164535978955088,
        "pickup": "12th road (right)",
        "dropoff": "14th road (left)",
        "allowed_delivery_methods": [],
        "delivery_method": "leave_at_door"
      },
      {
        "id": 4,
        "duration_s": 850.4550000000004,
        "time_limit_s": 395.204465185631,
        "deadline_slack_s": -455.25053481436936,
        "is_overdue": true,
        "temp_ok_all": false,
        "odor_ok_all": true,
        "damage_ok_all": true,
        "pick_score": 1.2962962962962963,
        "stars": {
          "overall": 3,
          "time": 1,
          "food": 4,
          "method": 5
        },
        "earnings": 2.1512601858710534,
        "bonus_extra": 0.0,
        "paid_total": 2.1512601858710534,
        "pickup": "7th road (right)",
        "dropoff": "15th road (right)",
        "allowed_delivery_methods": [],
        "delivery_method": "leave_at_door"
      },
      {
        "id": 3,
        "duration_s": 595.7310000000007,
        "time_limit_s": 646.4368244203409,
        "deadline_slack_s": 50.705824420340264,
        "is_overdue": false,
        "temp_ok_all": true,
        "odor_ok_all": true,
        "damage_ok_all": true,
        "pick_score": 3.2222222222222223,
        "stars": {
          "overall": 5,
          "time": 5,
          "food": 4,
          "method": 5
        },
        "earnings": 9.13930811244807,
        "bonus_extra": 3.0,
        "paid_total": 12.13930811244807,
        "pickup": "12th road (right)",
        "dropoff": "1st road (left)",
        "allowed_delivery_methods": [],
        "delivery_method": "leave_at_door"
      },
      {
        "id": 6,
        "duration_s": 351.8909999999996,
        "time_limit_s": 344.93903875841323,
        "deadline_slack_s": -6.951961241586389,
        "is_overdue": true,
        "temp_ok_all": false,
        "odor_ok_all": true,
        "damage_ok_all": true,
        "pick_score": 4.111111111111111,
        "stars": {
          "overall": 4,
          "time": 4,
          "food": 4,
          "method": 5
        },
        "earnings": 3.52186973150247,
        "bonus_extra": 1.5,
        "paid_total": 5.02186973150247,
        "pickup": "4th road (left)",
        "dropoff": "2nd road (right)",
        "allowed_delivery_methods": [
          "leave_at_door"
        ],
        "delivery_method": "leave_at_door"
      },
      {
        "id": 11,
        "duration_s": 657.3239999999987,
        "time_limit_s": 538.2159069396197,
        "deadline_slack_s": -119.10809306037902,
        "is_overdue": true,
        "temp_ok_all": false,
        "odor_ok_all": true,
        "damage_ok_all": true,
        "pick_score": 2.333333333333333,
        "stars": {
          "overall": 4,
          "time": 3,
          "food": 4,
          "method": 5
        },
        "earnings": 5.9946264314778865,
        "bonus_extra": 1.5,
        "paid_total": 7.4946264314778865,
        "pickup": "4th road (left)",
        "dropoff": "15th road (right)",
        "allowed_delivery_methods": [],
        "delivery_method": "leave_at_door"
      },
      {
        "id": 12,
        "duration_s": 634.7789999999986,
        "time_limit_s": 355.17621653286363,
        "deadline_slack_s": -279.602783467135,
        "is_overdue": true,