{
  "meta": {
    "agent_id": "1",
    "model": "openai/gpt-5",
    "lifecycle_hours": 2.0,
    "started_sim_s": 51.84300000000002,
    "ended_sim_s": 12071.391000000001,
    "active_elapsed_s": 7200.0509999999995,
    "active_hours": 2.0000141666666664,
    "wall_finished_ts": 1760037057.095282
  },
  "money": {
    "totals": {
      "initial_earnings": 100.0,
      "current_balance": 138.09400222959115,
      "net_growth": 38.094002229591155,
      "orders_income": 71.63230222959103,
      "help_income": 0.0,
      "expense_total": 33.5383,
      "base_wage": 55.132302229591026,
      "bonus": 16.5,
      "help_expense": 0.0,
      "expense_breakdown": {
        "purchases": 12.0,
        "charging": 6.538300000000001,
        "rental": 0.0,
        "hospital": 15.0,
        "help_expense": 0.0
      },
      "advances": {
        "out": 0.0,
        "returned": 0.0,
        "net": 0.0
      },
      "observed_agent_balance_end": 138.09400222959115
    },
    "per_hour": {
      "net_growth": 19.046866199493333,
      "orders_income": 35.81589741885547,
      "help_income": 0.0,
      "expense_total": 16.769031219362198,
      "base_wage": 27.565955855941535,
      "bonus": 8.24994156291393,
      "initial_earnings": 49.999645835842,
      "current_balance": 69.04651203533534,
      "help_expense": 0.0,
      "observed_agent_balance_end": 69.04651203533534
    },
    "details": {
      "purchases": [
        {
          "ts_sim": 5539.92,
          "items": "2 x energy_drink",
          "cost": 12.0
        }
      ],
      "charging": [
        {
          "ts_sim": 12071.391000000001,
          "which": "own",
          "req_id": null,
          "delta_pct": 130.76599999999985,
          "cost": 6.538300000000001,
          "start_ts": 1052.6249999999998,
          "end_ts": 12071.391000000001,
          "reason": "lifecycle_end",
          "aggregated": true,
          "target_pct": null
        }
      ],
      "rental": [],
      "hospital": [
        {
          "ts_sim": 6506.766,
          "fee": 5.0
        },
        {
          "ts_sim": 8562.093,
          "fee": 5.0
        },
        {
          "ts_sim": 10544.532,
          "fee": 5.0
        }
      ],
      "help_income": [],
      "help_expense": [],
      "advance_out": [],
      "advance_return": []
    }
  },
  "energy": {
    "personal_consumed_pct": 428.8633022954272,
    "scooter_batt_consumed_pct": 90.18682454273551,
    "personal_remaining_pct": 21.136697704572292,
    "scooter_remaining_pct": 0.0
  },
  "orders": {
    "completed_count": 10,
    "timeout_count": 7,
    "ontime_rate": 0.36363636363636365,
    "avg_stars": 4.1,
    "avg_food_stars": 4.0,
    "temp_ok_rate": 0.3,
    "odor_ok_rate": 0.7,
    "damage_ok_rate": 1.0,
    "method_success_rate": 1.0,
    "total_active_time_s": 9254.198999999999,
    "avg_time_per_order_s": 925.4198999999999,
    "open_count": 1,
    "open_overdue_count": 1,
    "open_not_due_count": 0,
    "completed_order_details": [
      {
        "id": 0,
        "duration_s": 553.6890000000001,
        "time_limit_s": 429.29023502586875,
        "deadline_slack_s": -124.39876497413132,
        "is_overdue": true,
        "temp_ok_all": false,
        "odor_ok_all": true,
        "damage_ok_all": true,
        "pick_score": 2.9259259259259265,
        "stars": {
          "overall": 4,
          "time": 2,
          "food": 4,
          "method": 5
        },
        "earnings": 4.1608763635496135,
        "bonus_extra": 1.5,
        "paid_total": 5.6608763635496135,
        "pickup": "12th road (right)",
        "dropoff": "14th road (left)",
        "allowed_delivery_methods": [],
        "delivery_method": "knock"
      },
      {
        "id": 2,
        "duration_s": 590.8619999999996,
        "time_limit_s": 618.778112527442,
        "deadline_slack_s": 27.91611252744235,
        "is_overdue": false,
        "temp_ok_all": true,
        "odor_ok_all": true,
        "damage_ok_all": true,
        "pick_score": 4.703703703703704,
        "stars": {
          "overall": 5,
          "time": 5,
          "food": 4,
          "method": 5
        },
        "earnings": 7.253340664215542,
        "bonus_extra": 3.0,
        "paid_total": 10.253340664215543,
        "pickup": "12th road (right)",
        "dropoff": "14th road (right)",
        "allowed_delivery_methods": [
          "leave_at_door",
          "knock"
        ],
        "delivery_method": "leave_at_door"
      },
      {
        "id": 9,
        "duration_s": 314.48099999999977,
        "time_limit_s": 371.3990276906414,
        "deadline_slack_s": 56.91802769064162,
        "is_overdue": false,
        "temp_ok_all": false,
        "odor_ok_all": true,
        "damage_ok_all": true,
        "pick_score": 4.851851851851851,
        "stars": {
          "overall": 5,
          "time": 5,
          "food": 4,
          "method": 5
        },
        "earnings": 4.185709212695973,
        "bonus_extra": 3.0,
        "paid_total": 7.185709212695973,
        "pickup": "14th road (right)",
        "dropoff": "5th road (right)",
        "allowed_delivery_methods": [],
        "delivery_method": "leave_at_door"
      },
      {
        "id": 8,
        "duration_s": 519.2309999999989,
        "time_limit_s": 510.47450167263105,
        "deadline_slack_s": -8.756498327367808,
        "is_overdue": true,
        "temp_ok_all": true,
        "odor_ok_all": true,
        "damage_ok_all": true,
        "pick_score": 3.6666666666666665,
        "stars": {
          "overall": 5,
          "time": 4,
          "food": 5,
          "method": 5
        },
        "earnings": 3.628745183781066,
        "bonus_extra": 3.0,
        "paid_total": 6.628745183781065,
        "pickup": "14th road (right)",
        "dropoff": "2nd road (right)",
        "allowed_delivery_methods": [
          "knock"
        ],
        "delivery_method": "knock"
      },
      {
        "id": 7,
        "duration_s": 1044.2789999999986,
        "time_limit_s": 625.017353687733,
        "deadline_slack_s": -419.2616463122656,
        "is_overdue": true,
        "temp_ok_all": false,
        "odor_ok_all": true,
        "damage_ok_all": true,
        "pick_score": 3.2222222222222223,
        "stars": {
          "overall": 3,
          "time": 1,
          "food": 4,
          "method": 5
        },
        "earnings": 3.944348373218886,
        "bonus_extra": 0.0,
        "paid_total": 3.944348373218886,
        "pickup": "14th road (right)",
        "dropoff": "12th road (left)",
        "allowed_delivery_methods": [],
        "delivery_method": "leave_at_door"
      },
      {
        "id": 10,
        "duration_s": 442.6859999999997,
        "time_limit_s": 782.1871109185827,
        "deadline_slack_s": 339.501110918583,
        "is_overdue": false,
        "temp_ok_all": false,
        "odor_ok_all": true,
        "damage_ok_all": true,
        "pick_score": 2.7777777777777777,
        "stars": {
          "overall": 5,
          "time": 5,
          "food": 4,
          "method": 5
        },
        "earnings": 9.927860407229584,
        "bonus_extra": 3.0,
        "paid_total": 12.927860407229584,
        "pickup": "12th road (right)",
        "dropoff": "11th road (left)",
        "allowed_delivery_methods": [],
        "delivery_method": "leave_at_door"
      },
      {
        "id": 1,
        "duration_s": 464.8590000000004,
        "time_limit_s": 805.642742811019,
        "deadline_slack_s": 340.78374281101867,
        "is_overdue": false,
        "temp_ok_all": false,
        "odor_ok_all": false,
        "damage_ok_all": true,
        "pick_score": 3.6666666666666665,
        "stars": {
          "overall": 4,
          "time": 5,
          "food": 3,
          "method": 5
        },
        "earnings": 11.865144921592282,
        "bonus_extra": 1.5,
        "paid_total": 13.365144921592282,
        "pickup": "12th road (right)",
        "dropoff": "11th road (right)",