{
  "meta": {
    "agent_id": "4",
    "model": "google/gemini-2.5-flash",
    "lifecycle_hours": 2.0,
    "started_sim_s": 60.60900000000001,
    "ended_sim_s": 11382.984,
    "active_elapsed_s": 7201.92,
    "active_hours": 2.0005333333333333,
    "wall_finished_ts": 1760036827.6348639
  },
  "money": {
    "totals": {
      "initial_earnings": 100.0,
      "current_balance": 123.08491178455192,
      "net_growth": 23.08491178455192,
      "orders_income": 46.945612553201336,
      "help_income": 0.0,
      "expense_total": 23.860700768649274,
      "base_wage": 34.945612553201336,
      "bonus": 12.0,
      "help_expense": 0.0,
      "expense_breakdown": {
        "purchases": 0.0,
        "charging": 13.860700768649272,
        "rental": 0.0,
        "hospital": 10.0,
        "help_expense": 0.0
      },
      "advances": {
        "out": 0.0,
        "returned": 0.0,
        "net": 0.0
      },
      "observed_agent_balance_end": 123.08491178455192
    },
    "per_hour": {
      "net_growth": 11.539378724616062,
      "orders_income": 23.466548530325916,
      "help_income": 0.0,
      "expense_total": 11.92716980570978,
      "base_wage": 17.468148103772997,
      "bonus": 5.998400426552919,
      "initial_earnings": 49.98667022127433,
      "current_balance": 61.52604894589039,
      "help_expense": 0.0,
      "observed_agent_balance_end": 61.52604894589039
    },
    "details": {
      "purchases": [],
      "charging": [
        {
          "ts_sim": 2824.266,
          "which": "own",
          "req_id": null,
          "delta_pct": 100.0,
          "cost": 5.000000000000012,
          "start_ts": 1973.484,
          "end_ts": 2824.266,
          "reason": "finished",
          "aggregated": true,
          "target_pct": 100.0
        },
        {
          "ts_sim": 9078.141,
          "which": "own",
          "req_id": null,
          "delta_pct": 177.21401537298516,
          "cost": 8.86070076864926,
          "start_ts": 5902.407,
          "end_ts": 9078.141,
          "reason": "finished",
          "aggregated": true,
          "target_pct": 100.0
        }
      ],
      "rental": [],
      "hospital": [
        {
          "ts_sim": 2940.093,
          "fee": 5.0
        },
        {
          "ts_sim": 8741.202,
          "fee": 5.0
        }
      ],
      "help_income": [],
      "help_expense": [],
      "advance_out": [],
      "advance_return": []
    }
  },
  "energy": {
    "personal_consumed_pct": 242.00721038831406,
    "scooter_batt_consumed_pct": 142.81016319638263,
    "personal_remaining_pct": 57.992789611686085,
    "scooter_remaining_pct": 41.50762293964587
  },
  "orders": {
    "completed_count": 10,
    "timeout_count": 11,
    "ontime_rate": 0.08333333333333333,
    "avg_stars": 3.8,
    "avg_food_stars": 3.9,
    "temp_ok_rate": 0.2,
    "odor_ok_rate": 0.9,
    "damage_ok_rate": 1.0,
    "method_success_rate": 1.0,
    "total_active_time_s": 7145.7149999999965,
    "avg_time_per_order_s": 714.5714999999997,
    "open_count": 3,
    "open_overdue_count": 2,
    "open_not_due_count": 1,
    "completed_order_details": [
      {
        "id": 0,
        "duration_s": 565.968,
        "time_limit_s": 429.29023502586875,
        "deadline_slack_s": -136.6777649741312,
        "is_overdue": true,
        "temp_ok_all": false,
        "odor_ok_all": true,
        "damage_ok_all": true,
        "pick_score": 2.9259259259259265,
        "stars": {
          "overall": 4,
          "time": 2,
          "food": 4,
          "method": 5
        },
        "earnings": 4.070603767098886,
        "bonus_extra": 1.5,
        "paid_total": 5.570603767098886,
        "pickup": "12th road (right)",
        "dropoff": "14th road (left)",
        "allowed_delivery_methods": [],
        "delivery_method": "leave_at_door"
      },
      {
        "id": 2,
        "duration_s": 1457.0640000000003,
        "time_limit_s": 618.778112527442,
        "deadline_slack_s": -838.2858874725583,
        "is_overdue": true,
        "temp_ok_all": false,
        "odor_ok_all": true,
        "damage_ok_all": true,
        "pick_score": 4.703703703703704,
        "stars": {
          "overall": 3,
          "time": 1,
          "food": 3,
          "method": 5
        },
        "earnings": 3.626670332107771,
        "bonus_extra": 0.0,
        "paid_total": 3.626670332107771,
        "pickup": "12th road (right)",
        "dropoff": "14th road (right)",
        "allowed_delivery_methods": [
          "leave_at_door",
          "knock"
        ],
        "delivery_method": "leave_at_door"
      },
      {
        "id": 9,
        "duration_s": 499.35899999999856,
        "time_limit_s": 371.3990276906414,
        "deadline_slack_s": -127.95997230935717,
        "is_overdue": true,
        "temp_ok_all": false,
        "odor_ok_all": true,
        "damage_ok_all": true,
        "pick_score": 4.851851851851851,
        "stars": {
          "overall": 4,
          "time": 2,
          "food": 4,
          "method": 5
        },
        "earnings": 3.113127693284889,
        "bonus_extra": 1.5,
        "paid_total": 4.6131276932848895,
        "pickup": "14th road (right)",
        "dropoff": "5th road (right)",
        "allowed_delivery_methods": [],
        "delivery_method": "leave_at_door"
      },
      {
        "id": 8,
        "duration_s": 534.0449999999983,
        "time_limit_s": 510.47450167263105,
        "deadline_slack_s": -23.570498327367204,
        "is_overdue": true,
        "temp_ok_all": false,
        "odor_ok_all": true,
        "damage_ok_all": true,
        "pick_score": 3.6666666666666665,
        "stars": {
          "overall": 4,
          "time": 4,
          "food": 4,
          "method": 5
        },
        "earnings": 3.628745183781066,
        "bonus_extra": 1.5,
        "paid_total": 5.128745183781065,
        "pickup": "14th road (right)",
        "dropoff": "2nd road (right)",
        "allowed_delivery_methods": [
          "knock"
        ],
        "delivery_method": "knock"
      },
      {
        "id": 7,
        "duration_s": 650.9039999999986,
        "time_limit_s": 625.017353687733,
        "deadline_slack_s": -25.88664631226561,
        "is_overdue": true,
        "temp_ok_all": false,
        "odor_ok_all": false,
        "damage_ok_all": true,
        "pick_score": 3.2222222222222223,
        "stars": {
          "overall": 4,
          "time": 4,
          "food": 4,
          "method": 5
        },
        "earnings": 6.590217296421737,
        "bonus_extra": 1.5,
        "paid_total": 8.090217296421738,
        "pickup": "14th road (right)",
        "dropoff": "12th road (left)",
        "allowed_delivery_methods": [],
        "delivery_method": "leave_at_door"
      },
      {
        "id": 12,
        "duration_s": 503.95500000000084,
        "time_limit_s": 355.17621653286363,
        "deadline_slack_s": -148.7787834671372,
        "is_overdue": true,
        "temp_ok_all": false,
        "odor_ok_all": true,
        "damage_ok_all": true,
        "pick_score": 3.2222222222222223,
        "stars": {
          "overall": 4,
          "time": 2,
          "food": 4,
          "method": 5
        },
        "earnings": 3.602935657562256,
        "bonus_extra": 1.5,
        "paid_total": 5.102935657562256,
        "pickup": "7th road (right)",
        "dropoff": "14th road (right)",
        "allowed_delivery_methods": [],
        "delivery_method": "leave_at_door"
      },
      {
        "id": 14,
        "duration_s": 304.8750000000009,
        "time_limit_s": 630.2460323521716,
        "deadline_slack_s": 325.3710323521707,
        "is_overdue": false,
        "temp_ok_all": false,
        "odor_ok_all": true,
        "damage_ok_all": true,
        "pick_score": 2.9259259259259256,
        "stars": {
          "overall": 5,
          "time": 5,
          "food": 4,
          "method": 5
        },
        "earnings": 5.051800891489616,
        "bonus_extra": 3.0,