{
  "meta": {
    "agent_id": "6",
    "model": "qwen/qwen2.5-vl-32b-instruct",
    "lifecycle_hours": 2.0,
    "started_sim_s": 36.702000000001135,
    "ended_sim_s": 15953.439,
    "active_elapsed_s": 7200.090000000013,
    "active_hours": 2.0000250000000035,
    "wall_finished_ts": 1760006962.7285993
  },
  "money": {
    "totals": {
      "initial_earnings": 100.0,
      "current_balance": 123.59565633386086,
      "net_growth": 23.59565633386086,
      "orders_income": 43.4303667065831,
      "help_income": 0.0,
      "expense_total": 19.834710372722682,
      "base_wage": 31.430366706583097,
      "bonus": 12.0,
      "help_expense": 0.0,
      "expense_breakdown": {
        "purchases": 3.0,
        "charging": 16.834710372722682,
        "rental": 0.0,
        "hospital": 0.0,
        "help_expense": 0.0
      },
      "advances": {
        "out": 0.0,
        "returned": 0.0,
        "net": 0.0
      },
      "observed_agent_balance_end": 123.59565633386086
    },
    "per_hour": {
      "net_growth": 11.79768069592171,
      "orders_income": 21.71491191689255,
      "help_income": 0.0,
      "expense_total": 9.917231220971061,
      "base_wage": 15.714986915955071,
      "bonus": 5.999925000937478,
      "initial_earnings": 49.99937500781232,
      "current_balance": 61.797055703734024,
      "help_expense": 0.0,
      "observed_agent_balance_end": 61.797055703734024
    },
    "details": {
      "purchases": [
        {
          "ts_sim": 13922.672999999999,
          "items": "1 x ice_pack",
          "cost": 3.0
        }
      ],
      "charging": [
        {
          "ts_sim": 11991.797999999999,
          "which": "own",
          "req_id": null,
          "delta_pct": 265.86570745445323,
          "cost": 13.293285372722668,
          "start_ts": 1763.2979999999989,
          "end_ts": 11991.797999999999,
          "reason": "finished",
          "aggregated": true,
          "target_pct": 100.0
        },
        {
          "ts_sim": 15953.439,
          "which": "own",
          "req_id": null,
          "delta_pct": 70.82850000000053,
          "cost": 3.541425000000016,
          "start_ts": 15087.983999999999,
          "end_ts": 15953.439,
          "reason": "lifecycle_end",
          "aggregated": true,
          "target_pct": null
        }
      ],
      "rental": [],
      "hospital": [],
      "help_income": [],
      "help_expense": [],
      "advance_out": [],
      "advance_return": []
    }
  },
  "energy": {
    "personal_consumed_pct": 101.23955726732605,
    "scooter_batt_consumed_pct": 157.89892562541613,
    "personal_remaining_pct": 58.8783817977358,
    "scooter_remaining_pct": 70.82850000000053
  },
  "orders": {
    "completed_count": 10,
    "timeout_count": 9,
    "ontime_rate": 0.18181818181818182,
    "avg_stars": 3.8,
    "avg_food_stars": 4.4,
    "temp_ok_rate": 0.5,
    "odor_ok_rate": 0.9,
    "damage_ok_rate": 1.0,
    "method_success_rate": 1.0,
    "total_active_time_s": 5648.6670000000195,
    "avg_time_per_order_s": 564.866700000002,
    "open_count": 1,
    "open_overdue_count": 1,
    "open_not_due_count": 0,
    "completed_order_details": [
      {
        "id": 2,
        "duration_s": 735.7949999999983,
        "time_limit_s": 309.1754579008624,
        "deadline_slack_s": -426.61954209913586,
        "is_overdue": true,
        "temp_ok_all": true,
        "odor_ok_all": true,
        "damage_ok_all": true,
        "pick_score": 3.5185185185185186,
        "stars": {
          "overall": 3,
          "time": 1,
          "food": 4,
          "method": 5
        },
        "earnings": 1.3555641255862658,
        "bonus_extra": 0.0,
        "paid_total": 1.3555641255862658,
        "pickup": "9th road (right)",
        "dropoff": "5th road (left)",
        "allowed_delivery_methods": [
          "knock",
          "hand_to_customer"
        ],
        "delivery_method": "knock"
      },
      {
        "id": 3,
        "duration_s": 588.7020000000011,
        "time_limit_s": 265.3517510726579,
        "deadline_slack_s": -323.3502489273432,
        "is_overdue": true,
        "temp_ok_all": false,
        "odor_ok_all": false,
        "damage_ok_all": true,
        "pick_score": 2.7777777777777777,
        "stars": {
          "overall": 3,
          "time": 1,
          "food": 4,
          "method": 5
        },
        "earnings": 1.8757683037358337,
        "bonus_extra": 0.0,
        "paid_total": 1.8757683037358337,
        "pickup": "9th road (right)",
        "dropoff": "2nd road (right)",
        "allowed_delivery_methods": [],
        "delivery_method": "leave_at_door"
      },
      {
        "id": 4,
        "duration_s": 495.8430000000026,
        "time_limit_s": 277.4833242810807,
        "deadline_slack_s": -218.3596757189219,
        "is_overdue": true,
        "temp_ok_all": false,
        "odor_ok_all": true,
        "damage_ok_all": true,
        "pick_score": 1.8888888888888888,
        "stars": {
          "overall": 3,
          "time": 1,
          "food": 4,
          "method": 5
        },
        "earnings": 1.6905603679399308,
        "bonus_extra": 0.0,
        "paid_total": 1.6905603679399308,
        "pickup": "7th road (right)",
        "dropoff": "3rd road (left)",
        "allowed_delivery_methods": [],
        "delivery_method": "leave_at_door"
      },
      {
        "id": 5,
        "duration_s": 831.6540000000077,
        "time_limit_s": 269.3966858717852,
        "deadline_slack_s": -562.2573141282226,
        "is_overdue": true,
        "temp_ok_all": true,
        "odor_ok_all": true,
        "damage_ok_all": true,
        "pick_score": 2.9259259259259256,
        "stars": {
          "overall": 4,
          "time": 1,
          "food": 5,
          "method": 5
        },
        "earnings": 1.0081387682829621,
        "bonus_extra": 1.5,
        "paid_total": 2.5081387682829623,
        "pickup": "3rd road (left)",
        "dropoff": "5th road (right)",
        "allowed_delivery_methods": [],
        "delivery_method": "leave_at_door"
      },
      {
        "id": 13,
        "duration_s": 436.3109999999997,
        "time_limit_s": 252.5739079695749,
        "deadline_slack_s": -183.7370920304248,
        "is_overdue": true,
        "temp_ok_all": false,
        "odor_ok_all": true,
        "damage_ok_all": true,
        "pick_score": 3.6666666666666665,
        "stars": {
          "overall": 3,
          "time": 1,
          "food": 4,
          "method": 5
        },
        "earnings": 1.6887375336693664,
        "bonus_extra": 0.0,
        "paid_total": 1.6887375336693664,
        "pickup": "3rd road (left)",
        "dropoff": "6th road (left)",
        "allowed_delivery_methods": [
          "leave_at_door"
        ],
        "delivery_method": "leave_at_door"
      },
      {
        "id": 12,
        "duration_s": 581.7660000000069,
        "time_limit_s": 228.92743468086042,
        "deadline_slack_s": -352.8385653191465,
        "is_overdue": true,
        "temp_ok_all": false,
        "odor_ok_all": true,
        "damage_ok_all": true,
        "pick_score": 2.333333333333333,
        "stars": {
          "overall": 3,
          "time": 1,
          "food": 4,
          "method": 5
        },
        "earnings": 1.6475111311833337,
        "bonus_extra": 0.0,
        "paid_total": 1.6475111311833337,
        "pickup": "7th road (right)",
        "dropoff": "11th road (right)",
        "allowed_delivery_methods": [],
        "delivery_method": "leave_at_door"
      },
      {
        "id": 15,
        "duration_s": 529.0800000000017,
        "time_limit_s": 202.1562327329486,
        "deadline_slack_s": -326.9237672670531,
        "is_overdue": true,
        "temp_ok_all": true,
        "odor_ok_all": true,
        "damage_ok_all": true,
        "pick_score": 3.222222222222222,
        "stars": {
          "overall": 4,
          "time": 1,
          "food": 5,
          "method": 5
        },
        "earnings": 0.8976507705881519,