{
  "meta": {
    "agent_id": "7",
    "model": "meta-llama/llama-3.2-90b-vision-instruct",
    "lifecycle_hours": 2.0,
    "started_sim_s": 38.718000000002576,
    "ended_sim_s": 13557.564,
    "active_elapsed_s": 770.0160000000124,
    "active_hours": 0.21389333333333677,
    "wall_finished_ts": 1760006164.1277583
  },
  "money": {
    "totals": {
      "initial_earnings": 100.0,
      "current_balance": 103.9666916873126,
      "net_growth": 3.966691687312604,
      "orders_income": 3.9666916873125997,
      "help_income": 0.0,
      "expense_total": 0.0,
      "base_wage": 2.4666916873125997,
      "bonus": 1.5,
      "help_expense": 0.0,
      "expense_breakdown": {
        "purchases": 0.0,
        "charging": 0.0,
        "rental": 0.0,
        "hospital": 0.0,
        "help_expense": 0.0
      },
      "advances": {
        "out": 0.0,
        "returned": 0.0,
        "net": 0.0
      },
      "observed_agent_balance_end": 103.9666916873126
    },
    "per_hour": {
      "net_growth": 18.54518617057976,
      "orders_income": 18.54518617057974,
      "help_income": 0.0,
      "expense_total": 0.0,
      "base_wage": 11.532344878970328,
      "bonus": 7.012841291609412,
      "initial_earnings": 467.5227527739608,
      "current_balance": 486.0679389445406,
      "help_expense": 0.0,
      "observed_agent_balance_end": 486.0679389445406
    },
    "details": {
      "purchases": [],
      "charging": [],
      "rental": [],
      "hospital": [],
      "help_income": [],
      "help_expense": [],
      "advance_out": [],
      "advance_return": []
    }
  },
  "energy": {
    "personal_consumed_pct": 8.531925278230304,
    "scooter_batt_consumed_pct": 17.063850556460444,
    "personal_remaining_pct": 91.4680747217697,
    "scooter_remaining_pct": 15.87229888707911
  },
  "orders": {
    "completed_count": 2,
    "timeout_count": 2,
    "ontime_rate": 0.0,
    "avg_stars": 3.0,
    "avg_food_stars": 5.0,
    "temp_ok_rate": 1.0,
    "odor_ok_rate": 1.0,
    "damage_ok_rate": 1.0,
    "method_success_rate": 0.5,
    "total_active_time_s": 1189.4070000000138,
    "avg_time_per_order_s": 594.7035000000069,
    "open_count": 0,
    "open_overdue_count": 0,
    "open_not_due_count": 0,
    "completed_order_details": [
      {
        "id": 2,
        "duration_s": 574.6890000000058,
        "time_limit_s": 309.1754579008624,
        "deadline_slack_s": -265.51354209914336,
        "is_overdue": true,
        "temp_ok_all": true,
        "odor_ok_all": true,
        "damage_ok_all": true,
        "pick_score": 3.5185185185185186,
        "stars": {
          "overall": 2,
          "time": 1,
          "food": 5,
          "method": 1
        },
        "earnings": 1.4585529190296374,
        "bonus_extra": 0.0,
        "paid_total": 1.4585529190296374,
        "pickup": "9th road (right)",
        "dropoff": "5th road (left)",
        "allowed_delivery_methods": [
          "knock",
          "hand_to_customer"
        ],
        "delivery_method": "leave_at_door"
      },
      {
        "id": 5,
        "duration_s": 614.718000000008,
        "time_limit_s": 269.3966858717852,
        "deadline_slack_s": -345.3213141282228,
        "is_overdue": true,
        "temp_ok_all": true,
        "odor_ok_all": true,
        "damage_ok_all": true,
        "pick_score": 2.7777777777777777,
        "stars": {
          "overall": 4,
          "time": 1,
          "food": 5,
          "method": 5
        },
        "earnings": 1.0081387682829621,
        "bonus_extra": 1.5,
        "paid_total": 2.5081387682829623,
        "pickup": "3rd road (left)",
        "dropoff": "5th road (right)",
        "allowed_delivery_methods": [],
        "delivery_method": "leave_at_door"
      }
    ],
    "open_order_details": []
  },
  "activity": {
    "effective_time_ratio": 0.6103977060216993,
    "inactive_time_s_breakdown": {
      "wait": 300.0
    },
    "inactive_total_time_s": 300.0,
    "orders_per_hour": 9.350455055479216,
    "avg_order_time_s": 594.7035000000069,
    "mode_time_s": {
      "e-scooter": 770.0160000000124
    },
    "mode_time_ratio": {
      "e-scooter": 1.0
    }
  },
  "interruptions": {
    "scooter_depleted": 0,
    "hospital_rescue": 0,
    "rent_insufficient": 0,
    "charge_insufficient": 0,
    "total": 0
  },
  "prevention": {
    "total": 1,
    "by_kind": {
      "early_charge": 1
    },
    "prevention_rate": 1.0
  },
  "social": {
    "help_posted": 0,
    "help_accepted": 0,
    "help_given": 0,
    "help_received": 0
  },
  "capability_buckets": {
    "high_level_planning": {
      "active_time_ratio": 1.544652318912847,
      "orders_per_hour": 9.350455055479216,
      "avg_order_time_s": 594.7035000000069,
      "scooter_depleted_events": 0,
      "hospital_rescue_times": 0,
      "rent_insufficient_times": 0,
      "charge_insufficient_times": 0
    },
    "common_sense_reasoning": {
      "temp_ok_rate": 1.0,
      "odor_ok_rate": 1.0,
      "damage_ok_rate": 1.0,
      "method_success_rate": 0.5
    },
    "social_reasoning": {
      "help_posted": 0,
      "help_accepted": 0,
      "help_given": 0,
      "help_received": 0,
      "say": 0
    }
  },
  "actions": {
    "view_orders": {
      "attempts": 194,
      "successes": 194,
      "success_rate": 1.0
    },
    "accept_order": {
      "attempts": 1,
      "successes": 1,
      "success_rate": 1.0
    },
    "move_to": {
      "attempts": 5,
      "successes": 5,
      "success_rate": 1.0
    },
    "wait": {
      "attempts": 1,
      "successes": 1,
      "success_rate": 1.0
    },
    "pickup": {
      "attempts": 2,
      "successes": 2,
      "success_rate": 1.0
    },
    "place_food_in_bag": {
      "attempts": 2,
      "successes": 2,
      "success_rate": 1.0
    },
    "drop_off": {
      "attempts": 3,
      "successes": 2,
      "success_rate": 0.6666666666666666
    },
    "turn_around": {
      "attempts": 1,
      "successes": 1,
      "success_rate": 1.0
    },
    "step_forward": {
      "attempts": 5,
      "successes": 5,
      "success_rate": 1.0
    },
    "charge_escooter": {
      "attempts": 1,
      "successes": 1,
      "success_rate": 1.0
    }
  },
  "vlm": {
    "total_calls": 204,
    "successes": 204,
    "parse_failures": 0,
    "retries": 74,
    "success_rate": 1.0,
    "parse_success_rate": 1.0
  }
}