{
  "meta": {
    "agent_id": "4",
    "model": "anthropic/claude-3.7-sonnet",
    "lifecycle_hours": 2.0,
    "started_sim_s": 25.5,
    "ended_sim_s": 14694.045000000002,
    "active_elapsed_s": 7202.816999999994,
    "active_hours": 2.0007824999999984,
    "wall_finished_ts": 1758694690.443252
  },
  "money": {
    "totals": {
      "initial_earnings": 100.0,
      "current_balance": 129.99804064259686,
      "net_growth": 29.998040642596862,
      "orders_income": 34.090615642596816,
      "help_income": 0.0,
      "expense_total": 4.0925749999999965,
      "base_wage": 26.590615642596813,
      "bonus": 7.5,
      "help_expense": 0.0,
      "expense_breakdown": {
        "purchases": 0.0,
        "charging": 4.0925749999999965,
        "rental": 0.0,
        "hospital": 0.0,
        "help_expense": 0.0
      },
      "advances": {
        "out": 0.0,
        "returned": 0.0,
        "net": 0.0
      },
      "observed_agent_balance_end": 129.99804064259686
    },
    "per_hour": {
      "net_growth": 14.999020321298431,
      "orders_income": 17.045307821298408,
      "help_income": 0.0,
      "expense_total": 2.0462874999999983,
      "base_wage": 13.295307821298406,
      "bonus": 3.75,
      "initial_earnings": 50.0,
      "current_balance": 64.99902032129843,
      "help_expense": 0.0,
      "observed_agent_balance_end": 64.99902032129843
    },
    "details": {
      "purchases": [],
      "charging": [
        {
          "ts_sim": 14694.045000000002,
          "which": "own",
          "req_id": null,
          "delta_pct": 81.85149999999993,
          "cost": 4.0925749999999965,
          "start_ts": 4505.532,
          "end_ts": 14694.045000000002,
          "reason": "lifecycle_end",
          "aggregated": true,
          "target_pct": null
        }
      ],
      "rental": [],
      "hospital": [],
      "help_income": [],
      "help_expense": [],
      "advance_out": [],
      "advance_return": []
    }
  },
  "orders": {
    "completed_count": 12,
    "timeout_count": 11,
    "avg_stars": 3.4166666666666665,
    "avg_food_stars": 4.083333333333333,
    "temp_ok_rate": 0.5,
    "odor_ok_rate": 0.75,
    "damage_ok_rate": 1.0,
    "method_success_rate": 1.0,
    "total_active_time_s": 7859.211000000008,
    "avg_time_per_order_s": 654.9342500000007,
    "details": [
      {
        "id": 3,
        "duration_s": 486.7949999999997,
        "on_time": false,
        "temp_ok_all": false,
        "odor_ok_all": true,
        "damage_ok_all": true,
        "stars": {
          "overall": 3,
          "time": 1,
          "food": 4,
          "method": 5
        },
        "earnings": 0.8534227762104467,
        "bonus_extra": 0.0,
        "paid_total": 0.8534227762104467,
        "pickup": "9th road (right)",
        "dropoff": "2nd road (left)",
        "allowed_delivery_methods": [],
        "delivery_method": "leave_at_door"
      },
      {
        "id": 19,
        "duration_s": 580.2690000000002,
        "on_time": false,
        "temp_ok_all": true,
        "odor_ok_all": true,
        "damage_ok_all": true,
        "stars": {
          "overall": 4,
          "time": 1,
          "food": 5,
          "method": 5
        },
        "earnings": 0.9048098598746603,
        "bonus_extra": 1.5,
        "paid_total": 2.4048098598746606,
        "pickup": "3rd road (left)",
        "dropoff": "4th road (left)",
        "allowed_delivery_methods": [
          "hand_to_customer"
        ],
        "delivery_method": "hand_to_customer"
      },
      {
        "id": 34,
        "duration_s": 734.4389999999989,
        "on_time": false,
        "temp_ok_all": false,
        "odor_ok_all": true,
        "damage_ok_all": true,
        "stars": {
          "overall": 3,
          "time": 1,
          "food": 4,
          "method": 5
        },
        "earnings": 1.8421153006554158,
        "bonus_extra": 0.0,
        "paid_total": 1.8421153006554158,
        "pickup": "3rd road (left)",
        "dropoff": "2nd road (left)",
        "allowed_delivery_methods": [],
        "delivery_method": "leave_at_door"
      },
      {
        "id": 33,
        "duration_s": 772.9229999999993,
        "on_time": false,
        "temp_ok_all": false,
        "odor_ok_all": true,
        "damage_ok_all": true,
        "stars": {
          "overall": 3,
          "time": 1,
          "food": 4,
          "method": 5
        },
        "earnings": 3.01267437044777,
        "bonus_extra": 0.0,
        "paid_total": 3.01267437044777,
        "pickup": "3rd road (left)",
        "dropoff": "2nd road (right)",
        "allowed_delivery_methods": [
          "hand_to_customer"
        ],
        "delivery_method": "hand_to_customer"
      },
      {
        "id": 38,
        "duration_s": 594.1380000000008,
        "on_time": false,
        "temp_ok_all": true,
        "odor_ok_all": true,
        "damage_ok_all": true,
        "stars": {
          "overall": 4,
          "time": 1,
          "food": 5,
          "method": 5
        },
        "earnings": 0.8358140519630212,
        "bonus_extra": 1.5,
        "paid_total": 2.335814051963021,
        "pickup": "3rd road (left)",
        "dropoff": "3rd road (right)",
        "allowed_delivery_methods": [
          "leave_at_door"
        ],
        "delivery_method": "leave_at_door"
      },
      {
        "id": 39,
        "duration_s": 766.0770000000011,
        "on_time": false,
        "temp_ok_all": false,
        "odor_ok_all": true,
        "damage_ok_all": true,
        "stars": {
          "overall": 3,
          "time": 2,
          "food": 3,
          "method": 5
        },
        "earnings": 3.7911726027320993,
        "bonus_extra": 0.0,
        "paid_total": 3.7911726027320993,
        "pickup": "3rd road (left)",
        "dropoff": "7th road (left)",
        "allowed_delivery_methods": [],
        "delivery_method": "leave_at_door"
      },
      {
        "id": 24,
        "duration_s": 504.98399999999947,
        "on_time": false,
        "temp_ok_all": true,
        "odor_ok_all": true,
        "damage_ok_all": true,
        "stars": {
          "overall": 4,
          "time": 1,
          "food": 5,
          "method": 5
        },
        "earnings": 1.5930385617878051,
        "bonus_extra": 1.5,
        "paid_total": 3.093038561787805,
        "pickup": "7th road (right)",
        "dropoff": "3rd road (right)",
        "allowed_delivery_methods": [
          "leave_at_door"
        ],
        "delivery_method": "leave_at_door"
      },
      {
        "id": 42,
        "duration_s": 1467.6510000000017,
        "on_time": false,
        "temp_ok_all": false,
        "odor_ok_all": false,
        "damage_ok_all": true,
        "stars": {
          "overall": 3,
          "time": 1,
          "food": 4,
          "method": 5
        },
        "earnings": 2.1719722249922033,
        "bonus_extra": 0.0,
        "paid_total": 2.1719722249922033,
        "pickup": "3rd road (left)",
        "dropoff": "2nd road (left)",
        "allowed_delivery_methods": [],
        "delivery_method": "leave_at_door"
      },
      {
        "id": 28,
        "duration_s": 538.0770000000048,
        "on_time": false,
        "temp_ok_all": true,
        "odor_ok_all": false,
        "damage_ok_all": true,
        "stars": {
          "overall": 3,
          "time": 1,
          "food": 4,
          "method": 5
        },
        "earnings": 2.0048290926392123,
        "bonus_extra": 0.0,
        "paid_total": 2.0048290926392123,
        "pickup": "9th road (right)",
        "dropoff": "5th road (right)",
        "allowed_delivery_methods": [],
        "delivery_method": "leave_at_door"
      },
      {
        "id": 29,
        "duration_s": 599.2500000000055,
        "on_time": true,
        "temp_ok_all": false,
        "odor_ok_all": false,
        "damage_ok_all": true,
        "stars": {
          "overall": 4,
          "time": 4,
          "food": 2,
          "method": 5
        },