{
  "meta": {
    "agent_id": "3",
    "model": "anthropic/claude-3.7-sonnet",
    "lifecycle_hours": 2.0,
    "started_sim_s": 25.125,
    "ended_sim_s": 13032.468,
    "active_elapsed_s": 7201.590000000004,
    "active_hours": 2.0004416666666676,
    "wall_finished_ts": 1758694136.569252
  },
  "money": {
    "totals": {
      "initial_earnings": 100.0,
      "current_balance": 113.77950156444166,
      "net_growth": 13.77950156444166,
      "orders_income": 18.24005156444163,
      "help_income": 0.0,
      "expense_total": 4.460549999999994,
      "base_wage": 12.240051564441629,
      "bonus": 6.0,
      "help_expense": 0.0,
      "expense_breakdown": {
        "purchases": 0.0,
        "charging": 4.460549999999994,
        "rental": 0.0,
        "hospital": 0.0,
        "help_expense": 0.0
      },
      "advances": {
        "out": 0.0,
        "returned": 0.0,
        "net": 0.0
      },
      "observed_agent_balance_end": 113.77950156444166
    },
    "per_hour": {
      "net_growth": 6.88975078222083,
      "orders_income": 9.120025782220814,
      "help_income": 0.0,
      "expense_total": 2.230274999999997,
      "base_wage": 6.120025782220814,
      "bonus": 3.0,
      "initial_earnings": 50.0,
      "current_balance": 56.88975078222083,
      "help_expense": 0.0,
      "observed_agent_balance_end": 56.88975078222083
    },
    "details": {
      "purchases": [],
      "charging": [
        {
          "ts_sim": 13032.468,
          "which": "own",
          "req_id": null,
          "delta_pct": 89.2109999999999,
          "cost": 4.460549999999994,
          "start_ts": 3891.702,
          "end_ts": 13032.468,
          "reason": "lifecycle_end",
          "aggregated": true,
          "target_pct": null
        }
      ],
      "rental": [],
      "hospital": [],
      "help_income": [],
      "help_expense": [],
      "advance_out": [],
      "advance_return": []
    }
  },
  "orders": {
    "completed_count": 7,
    "timeout_count": 6,
    "avg_stars": 3.4285714285714284,
    "avg_food_stars": 4.142857142857143,
    "temp_ok_rate": 0.14285714285714285,
    "odor_ok_rate": 1.0,
    "damage_ok_rate": 1.0,
    "method_success_rate": 0.8571428571428571,
    "total_active_time_s": 3511.716000000002,
    "avg_time_per_order_s": 501.6737142857146,
    "details": [
      {
        "id": 15,
        "duration_s": 251.85899999999998,
        "on_time": false,
        "temp_ok_all": false,
        "odor_ok_all": true,
        "damage_ok_all": true,
        "stars": {
          "overall": 4,
          "time": 2,
          "food": 4,
          "method": 5
        },
        "earnings": 2.077590997674591,
        "bonus_extra": 1.5,
        "paid_total": 3.577590997674591,
        "pickup": "3rd road (left)",
        "dropoff": "6th road (right)",
        "allowed_delivery_methods": [],
        "delivery_method": "leave_at_door"
      },
      {
        "id": 14,
        "duration_s": 523.2600000000002,
        "on_time": false,
        "temp_ok_all": true,
        "odor_ok_all": true,
        "damage_ok_all": true,
        "stars": {
          "overall": 4,
          "time": 2,
          "food": 5,
          "method": 5
        },
        "earnings": 3.7351256039426666,
        "bonus_extra": 1.5,
        "paid_total": 5.235125603942667,
        "pickup": "7th road (right)",
        "dropoff": "6th road (right)",
        "allowed_delivery_methods": [],
        "delivery_method": "leave_at_door"
      },
      {
        "id": 22,
        "duration_s": 616.3110000000001,
        "on_time": false,
        "temp_ok_all": false,
        "odor_ok_all": true,
        "damage_ok_all": true,
        "stars": {
          "overall": 3,
          "time": 1,
          "food": 4,
          "method": 5
        },
        "earnings": 1.4616968569571096,
        "bonus_extra": 0.0,
        "paid_total": 1.4616968569571096,
        "pickup": "7th road (right)",
        "dropoff": "3rd road (left)",
        "allowed_delivery_methods": [],
        "delivery_method": "leave_at_door"
      },
      {
        "id": 36,
        "duration_s": 211.6830000000009,
        "on_time": true,
        "temp_ok_all": false,
        "odor_ok_all": true,
        "damage_ok_all": true,
        "stars": {
          "overall": 4,
          "time": 3,
          "food": 4,
          "method": 5
        },
        "earnings": 2.2676528905757154,
        "bonus_extra": 1.5,
        "paid_total": 3.7676528905757154,
        "pickup": "3rd road (left)",
        "dropoff": "6th road (right)",
        "allowed_delivery_methods": [],
        "delivery_method": "leave_at_door"
      },
      {
        "id": 32,
        "duration_s": 474.4200000000001,
        "on_time": false,
        "temp_ok_all": false,
        "odor_ok_all": true,
        "damage_ok_all": true,
        "stars": {
          "overall": 2,
          "time": 1,
          "food": 3,
          "method": 1
        },
        "earnings": 0.8583927245510323,
        "bonus_extra": 0.0,
        "paid_total": 0.8583927245510323,
        "pickup": "7th road (right)",
        "dropoff": "5th road (right)",
        "allowed_delivery_methods": [
          "knock",
          "hand_to_customer"
        ],
        "delivery_method": "call"
      },
      {
        "id": 35,
        "duration_s": 536.2950000000001,
        "on_time": false,
        "temp_ok_all": false,
        "odor_ok_all": true,
        "damage_ok_all": true,
        "stars": {
          "overall": 3,
          "time": 1,
          "food": 4,
          "method": 5
        },
        "earnings": 0.5857229524234782,
        "bonus_extra": 0.0,
        "paid_total": 0.5857229524234782,
        "pickup": "7th road (right)",
        "dropoff": "7th road (right)",
        "allowed_delivery_methods": [],
        "delivery_method": "leave_at_door"
      },
      {
        "id": 30,
        "duration_s": 897.8880000000008,
        "on_time": false,
        "temp_ok_all": false,
        "odor_ok_all": true,
        "damage_ok_all": true,
        "stars": {
          "overall": 4,
          "time": 1,
          "food": 5,
          "method": 5
        },
        "earnings": 1.2538695383170357,
        "bonus_extra": 1.5,
        "paid_total": 2.7538695383170357,
        "pickup": "7th road (right)",
        "dropoff": "8th road (right)",
        "allowed_delivery_methods": [
          "leave_at_door"
        ],
        "delivery_method": "leave_at_door"
      }
    ]
  },
  "activity": {
    "active_time_ratio": 0.4876306482318488,
    "orders_per_hour": 3.5,
    "avg_order_time_s": 501.6737142857146,
    "mode_time_s": {
      "e-scooter": 6651.372000000004,
      "walk": 550.2180000000003
    },
    "mode_time_ratio": {
      "e-scooter": 0.9235977055067006,
      "walk": 0.0764022944932994
    }
  },
  "interruptions": {
    "scooter_depleted": 0,
    "hospital_rescue": 0,
    "rent_insufficient": 0,
    "charge_insufficient": 0
  },
  "social": {
    "help_posted": 0,
    "help_accepted": 0,
    "help_given": 0,
    "help_received": 0
  },
  "capability_buckets": {
    "high_level_planning": {
      "active_time_ratio": 0.4876306482318488,
      "orders_per_hour": 3.499227253981411,
      "avg_order_time_s": 501.6737142857146,
      "scooter_depleted_events": 0,
      "hospital_rescue_times": 0,
      "rent_insufficient_times": 0,
      "charge_insufficient_times": 0
    },
    "common_sense_reasoning": {
      "temp_ok_rate": 0.14285714285714285,
      "odor_ok_rate": 1.0,
      "damage_ok_rate": 1.0,
      "method_success_rate": 0.8571428571428571
    },
    "social_reasoning": {
      "help_posted": 0,
      "help_accepted": 0,
      "help_given": 0,
      "help_received": 0,
      "say": 0
    }
  },
  "actions": {
    "view_orders": {
      "attempts": 9,
      "successes": 9,
      "success_rate": 1.0
    },
    "accept_order": {
      "attempts": 8,
      "successes": 7,
      "success_rate": 0.875
    },
    "move_to": {
      "attempts": 48,
      "successes": 20,