{
  "meta": {
    "agent_id": "1",
    "model": "anthropic/claude-3.7-sonnet",
    "lifecycle_hours": 2.0,
    "started_sim_s": 51.88800000000083,
    "ended_sim_s": 10358.388,
    "active_elapsed_s": 7200.143999999996,
    "active_hours": 2.000039999999999,
    "wall_finished_ts": 1758741729.5779567
  },
  "money": {
    "totals": {
      "initial_earnings": 100.0,
      "current_balance": 130.92554037397466,
      "net_growth": 30.925540373974655,
      "orders_income": 53.66381537397703,
      "help_income": 0.0,
      "expense_total": 22.73827500000005,
      "base_wage": 44.66381537397703,
      "bonus": 9.0,
      "help_expense": 0.0,
      "expense_breakdown": {
        "purchases": 6.0,
        "charging": 6.738275000000052,
        "rental": 0.0,
        "hospital": 10.0,
        "help_expense": 0.0
      },
      "advances": {
        "out": 0.0,
        "returned": 0.0,
        "net": 0.0
      },
      "observed_agent_balance_end": 130.92554037397466
    },
    "per_hour": {
      "net_growth": 15.462460937768581,
      "orders_income": 26.83137105956734,
      "help_income": 0.0,
      "expense_total": 11.368910121797596,
      "base_wage": 22.33146105776737,
      "bonus": 4.499910001799966,
      "initial_earnings": 49.99900001999963,
      "current_balance": 65.46146095776821,
      "help_expense": 0.0,
      "observed_agent_balance_end": 65.46146095776821
    },
    "details": {
      "purchases": [
        {
          "ts_sim": 6695.202000000001,
          "items": "1 x energy_drink",
          "cost": 6.0
        }
      ],
      "charging": [
        {
          "ts_sim": 10358.388,
          "which": "own",
          "req_id": null,
          "delta_pct": 134.76549999999992,
          "cost": 6.738275000000052,
          "start_ts": 4974.936,
          "end_ts": 10358.388,
          "reason": "lifecycle_end",
          "aggregated": true,
          "target_pct": null
        }
      ],
      "rental": [],
      "hospital": [
        {
          "ts_sim": 1598.2020000000011,
          "fee": 5.0
        },
        {
          "ts_sim": 3305.388000000001,
          "fee": 5.0
        }
      ],
      "help_income": [],
      "help_expense": [],
      "advance_out": [],
      "advance_return": []
    }
  },
  "orders": {
    "completed_count": 7,
    "timeout_count": 4,
    "avg_stars": 3.857142857142857,
    "avg_food_stars": 3.857142857142857,
    "temp_ok_rate": 0.2857142857142857,
    "odor_ok_rate": 1.0,
    "damage_ok_rate": 1.0,
    "method_success_rate": 1.0,
    "total_active_time_s": 6691.316999999995,
    "avg_time_per_order_s": 955.9024285714278,
    "details": [
      {
        "id": 2,
        "duration_s": 511.17299999999886,
        "on_time": true,
        "temp_ok_all": false,
        "odor_ok_all": true,
        "damage_ok_all": true,
        "stars": {
          "overall": 5,
          "time": 5,
          "food": 4,
          "method": 5
        },
        "earnings": 10.812842090871314,
        "bonus_extra": 3.0,
        "paid_total": 13.812842090871314,
        "pickup": "14th road (right)",
        "dropoff": "17th road (left)",
        "allowed_delivery_methods": [],
        "delivery_method": "leave_at_door"
      },
      {
        "id": 3,
        "duration_s": 4267.922999999996,
        "on_time": false,
        "temp_ok_all": false,
        "odor_ok_all": true,
        "damage_ok_all": true,
        "stars": {
          "overall": 3,
          "time": 1,
          "food": 3,
          "method": 5
        },
        "earnings": 10.020571693388074,
        "bonus_extra": 0.0,
        "paid_total": 10.020571693388074,
        "pickup": "8th road (right)",
        "dropoff": "17th road (left)",
        "allowed_delivery_methods": [
          "leave_at_door"
        ],
        "delivery_method": "leave_at_door"
      },
      {
        "id": 4,
        "duration_s": 495.704999999999,
        "on_time": true,
        "temp_ok_all": true,
        "odor_ok_all": true,
        "damage_ok_all": true,
        "stars": {
          "overall": 5,
          "time": 5,
          "food": 4,
          "method": 5
        },
        "earnings": 8.409819928374844,
        "bonus_extra": 3.0,
        "paid_total": 11.409819928374844,
        "pickup": "11th road (left)",
        "dropoff": "14th road (left)",
        "allowed_delivery_methods": [
          "knock"
        ],
        "delivery_method": "knock"
      },
      {
        "id": 8,
        "duration_s": 299.67599999999675,
        "on_time": false,
        "temp_ok_all": false,
        "odor_ok_all": true,
        "damage_ok_all": true,
        "stars": {
          "overall": 3,
          "time": 1,
          "food": 4,
          "method": 5
        },
        "earnings": 0.7113103278632676,
        "bonus_extra": 0.0,
        "paid_total": 0.7113103278632676,
        "pickup": "14th road (right)",
        "dropoff": "9th road (right)",
        "allowed_delivery_methods": [],
        "delivery_method": "leave_at_door"
      },
      {
        "id": 5,
        "duration_s": 355.0740000000005,
        "on_time": false,
        "temp_ok_all": true,
        "odor_ok_all": true,
        "damage_ok_all": true,
        "stars": {
          "overall": 3,
          "time": 1,
          "food": 4,
          "method": 5
        },
        "earnings": 1.441613130855627,
        "bonus_extra": 0.0,
        "paid_total": 1.441613130855627,
        "pickup": "14th road (right)",
        "dropoff": "15th road (right)",
        "allowed_delivery_methods": [],
        "delivery_method": "leave_at_door"
      },
      {
        "id": 9,
        "duration_s": 231.79800000000068,
        "on_time": false,
        "temp_ok_all": false,
        "odor_ok_all": true,
        "damage_ok_all": true,
        "stars": {
          "overall": 3,
          "time": 1,
          "food": 4,
          "method": 5
        },
        "earnings": 0.6920277575296288,
        "bonus_extra": 0.0,
        "paid_total": 0.6920277575296288,
        "pickup": "14th road (right)",
        "dropoff": "15th road (left)",
        "allowed_delivery_methods": [],
        "delivery_method": "leave_at_door"
      },
      {
        "id": 10,
        "duration_s": 529.9680000000026,
        "on_time": true,
        "temp_ok_all": false,
        "odor_ok_all": true,
        "damage_ok_all": true,
        "stars": {
          "overall": 5,
          "time": 5,
          "food": 4,
          "method": 5
        },
        "earnings": 12.575630445094278,
        "bonus_extra": 3.0,
        "paid_total": 15.575630445094278,
        "pickup": "14th road (right)",
        "dropoff": "11th road (left)",
        "allowed_delivery_methods": [],
        "delivery_method": "leave_at_door"
      }
    ]
  },
  "activity": {
    "active_time_ratio": 0.9293309967133989,
    "orders_per_hour": 3.499930001399974,
    "avg_order_time_s": 955.9024285714278,
    "mode_time_s": {
      "e-scooter": 3036.989999999999,
      "drag_scooter": 1446.6089999999958,
      "walk": 2716.545000000001
    },
    "mode_time_ratio": {
      "e-scooter": 0.42179573075205173,
      "drag_scooter": 0.20091389838869844,
      "walk": 0.3772903708592498
    }
  },
  "interruptions": {
    "scooter_depleted": 1,
    "hospital_rescue": 2,
    "rent_insufficient": 0,
    "charge_insufficient": 0
  },
  "social": {
    "help_posted": 0,
    "help_accepted": 0,
    "help_given": 0,
    "help_received": 0
  },
  "capability_buckets": {
    "high_level_planning": {
      "active_time_ratio": 0.9293309967133989,
      "orders_per_hour": 3.499930001399974,
      "avg_order_time_s": 955.9024285714278,
      "scooter_depleted_events": 1,
      "hospital_rescue_times": 2,
      "rent_insufficient_times": 0,
      "charge_insufficient_times": 0
    },
    "common_sense_reasoning": {
      "temp_ok_rate": 0.2857142857142857,
      "odor_ok_rate": 1.0,
      "damage_ok_rate": 1.0,
      "method_success_rate": 1.0
    },