{
  "meta": {
    "agent_id": "7",
    "model": "qwen/qwen2.5-vl-72b-instruct",
    "lifecycle_hours": 2.0,
    "started_sim_s": 53.39100000006147,
    "ended_sim_s": 12012.609000000026,
    "active_elapsed_s": 7228.062000000151,
    "active_hours": 2.007795000000042,
    "wall_finished_ts": 1758410198.5445452
  },
  "money": {
    "totals": {
      "initial_earnings": 100.0,
      "current_balance": 106.14922351649443,
      "net_growth": 6.14922351649443,
      "orders_income": 25.88907351649565,
      "help_income": 0.0,
      "expense_total": 19.739850000000303,
      "base_wage": 21.38907351649565,
      "bonus": 4.5,
      "help_expense": 0.0,
      "expense_breakdown": {
        "purchases": 0.0,
        "charging": 4.739850000000301,
        "rental": 0.0,
        "hospital": 15.0,
        "help_expense": 0.0
      },
      "advances": {
        "out": 0.0,
        "returned": 0.0,
        "net": 0.0
      },
      "observed_agent_balance_end": 106.14922351649443
    },
    "per_hour": {
      "net_growth": 3.062674982502846,
      "orders_income": 12.894281296892913,
      "help_income": 0.0,
      "expense_total": 9.831606314389612,
      "base_wage": 10.65301662594797,
      "bonus": 2.241264670944945,
      "initial_earnings": 49.805881576554334,
      "current_balance": 52.86855655905718,
      "help_expense": 0.0,
      "observed_agent_balance_end": 52.86855655905718
    },
    "details": {
      "purchases": [],
      "charging": [
        {
          "ts_sim": 12012.609000000026,
          "which": "own",
          "req_id": null,
          "delta_pct": 94.79700000000594,
          "cost": 4.739850000000301,
          "start_ts": 3369.563999999984,
          "end_ts": 12012.609000000026,
          "reason": "lifecycle_end",
          "aggregated": true,
          "target_pct": null
        }
      ],
      "rental": [],
      "hospital": [
        {
          "ts_sim": 5147.34600000002,
          "fee": 5.0
        },
        {
          "ts_sim": 8776.782000000036,
          "fee": 5.0
        },
        {
          "ts_sim": 10726.5,
          "fee": 5.0
        }
      ],
      "help_income": [],
      "help_expense": [],
      "advance_out": [],
      "advance_return": []
    }
  },
  "orders": {
    "completed_count": 4,
    "timeout_count": 3,
    "avg_stars": 3.75,
    "avg_food_stars": 4.25,
    "temp_ok_rate": 0.5,
    "odor_ok_rate": 1.0,
    "damage_ok_rate": 1.0,
    "method_success_rate": 1.0,
    "total_active_time_s": 4220.379000000103,
    "avg_time_per_order_s": 1055.0947500000257,
    "details": [
      {
        "id": 1,
        "duration_s": 181.73100000005797,
        "on_time": false,
        "temp_ok_all": false,
        "odor_ok_all": true,
        "damage_ok_all": true,
        "stars": {
          "overall": 3,
          "time": 1,
          "food": 3,
          "method": 5
        },
        "earnings": 0.19821194271817996,
        "bonus_extra": 0.0,
        "paid_total": 0.19821194271817996,
        "pickup": "1st road (left)",
        "dropoff": "1st road (left)",
        "allowed_delivery_methods": [],
        "delivery_method": "leave_at_door"
      },
      {
        "id": 11,
        "duration_s": 323.52899999998044,
        "on_time": true,
        "temp_ok_all": true,
        "odor_ok_all": true,
        "damage_ok_all": true,
        "stars": {
          "overall": 5,
          "time": 5,
          "food": 5,
          "method": 5
        },
        "earnings": 12.79452935363717,
        "bonus_extra": 3.0,
        "paid_total": 15.79452935363717,
        "pickup": "1st road (left)",
        "dropoff": "26th road (right)",
        "allowed_delivery_methods": [],
        "delivery_method": "leave_at_door"
      },
      {
        "id": 13,
        "duration_s": 3097.914000000106,
        "on_time": false,
        "temp_ok_all": true,
        "odor_ok_all": true,
        "damage_ok_all": true,
        "stars": {
          "overall": 4,
          "time": 1,
          "food": 5,
          "method": 5
        },
        "earnings": 7.599174904633521,
        "bonus_extra": 1.5,
        "paid_total": 9.099174904633522,
        "pickup": "15th road (right)",
        "dropoff": "19th road (left)",
        "allowed_delivery_methods": [],
        "delivery_method": "leave_at_door"
      },
      {
        "id": 29,
        "duration_s": 617.2049999999581,
        "on_time": false,
        "temp_ok_all": false,
        "odor_ok_all": true,
        "damage_ok_all": true,
        "stars": {
          "overall": 3,
          "time": 1,
          "food": 4,
          "method": 5
        },
        "earnings": 0.7971573155067813,
        "bonus_extra": 0.0,
        "paid_total": 0.7971573155067813,
        "pickup": "20th road (right)",
        "dropoff": "19th road (left)",
        "allowed_delivery_methods": [
          "leave_at_door"
        ],
        "delivery_method": "leave_at_door"
      }
    ]
  },
  "activity": {
    "active_time_ratio": 0.5838880463393943,
    "orders_per_hour": 1.9922352630621734,
    "avg_order_time_s": 1055.0947500000257,
    "mode_time_s": {
      "e-scooter": 3079.5810000000056,
      "drag_scooter": 1834.923000000097,
      "walk": 2313.558000000048
    },
    "mode_time_ratio": {
      "e-scooter": 0.426059018309464,
      "drag_scooter": 0.253860993444724,
      "walk": 0.3200799882458119
    }
  },
  "interruptions": {
    "scooter_depleted": 2,
    "hospital_rescue": 3,
    "rent_insufficient": 0,
    "charge_insufficient": 0
  },
  "social": {
    "help_posted": 0,
    "help_accepted": 0,
    "help_given": 0,
    "help_received": 0
  },
  "capability_buckets": {
    "high_level_planning": {
      "active_time_ratio": 0.5838880463393943,
      "orders_per_hour": 1.9922352630621734,
      "avg_order_time_s": 1055.0947500000257,
      "scooter_depleted_events": 2,
      "hospital_rescue_times": 3,
      "rent_insufficient_times": 0,
      "charge_insufficient_times": 0
    },
    "common_sense_reasoning": {
      "temp_ok_rate": 0.5,
      "odor_ok_rate": 1.0,
      "damage_ok_rate": 1.0,
      "method_success_rate": 1.0
    },
    "social_reasoning": {
      "help_posted": 0,
      "help_accepted": 0,
      "help_given": 0,
      "help_received": 0,
      "say": 0
    }
  },
  "actions": {
    "view_orders": {
      "attempts": 5,
      "successes": 5,
      "success_rate": 1.0
    },
    "accept_order": {
      "attempts": 5,
      "successes": 5,
      "success_rate": 1.0
    },
    "move_to": {
      "attempts": 34,
      "successes": 24,
      "success_rate": 0.7058823529411765
    },
    "pickup": {
      "attempts": 5,
      "successes": 5,
      "success_rate": 1.0
    },
    "place_food_in_bag": {
      "attempts": 5,
      "successes": 5,
      "success_rate": 1.0
    },
    "drop_off": {
      "attempts": 7,
      "successes": 4,
      "success_rate": 0.5714285714285714
    },
    "wait": {
      "attempts": 5,
      "successes": 5,
      "success_rate": 1.0
    },
    "charge_escooter": {
      "attempts": 1,
      "successes": 1,
      "success_rate": 1.0
    },
    "switch_transport": {
      "attempts": 2,
      "successes": 2,
      "success_rate": 1.0
    }
  },
  "vlm": {
    "total_calls": 69,
    "successes": 69,
    "parse_failures": 0,
    "retries": 0,
    "success_rate": 1.0,
    "parse_success_rate": 1.0
  }
}