{
  "meta": {
    "agent_id": "2",
    "model": "qwen/qwen2.5-vl-72b-instruct",
    "lifecycle_hours": 2.0,
    "started_sim_s": 51.79800000000978,
    "ended_sim_s": 10468.734000000026,
    "active_elapsed_s": 7200.55500000008,
    "active_hours": 2.000154166666689,
    "wall_finished_ts": 1758409683.8517396
  },
  "money": {
    "totals": {
      "initial_earnings": 100.0,
      "current_balance": 92.91575168067162,
      "net_growth": -7.084248319328381,
      "orders_income": 12.915751680671619,
      "help_income": 0.0,
      "expense_total": 20.0,
      "base_wage": 11.415751680671619,
      "bonus": 1.5,
      "help_expense": 0.0,
      "expense_breakdown": {
        "purchases": 0.0,
        "charging": 0.0,
        "rental": 0.0,
        "hospital": 20.0,
        "help_expense": 0.0
      },
      "advances": {
        "out": 0.0,
        "returned": 0.0,
        "net": 0.0
      },
      "observed_agent_balance_end": 92.91575168067162
    },
    "per_hour": {
      "net_growth": -3.541851141971957,
      "orders_income": 6.45737808410842,
      "help_income": 0.0,
      "expense_total": 9.999229226080377,
      "base_wage": 5.707435892152392,
      "bonus": 0.7499421919560283,
      "initial_earnings": 49.99614613040189,
      "current_balance": 46.45429498842993,
      "help_expense": 0.0,
      "observed_agent_balance_end": 46.45429498842993
    },
    "details": {
      "purchases": [],
      "charging": [],
      "rental": [],
      "hospital": [
        {
          "ts_sim": 3024.8910000000615,
          "fee": 5.0
        },
        {
          "ts_sim": 4974.5160000000615,
          "fee": 5.0
        },
        {
          "ts_sim": 7032.234000000026,
          "fee": 5.0
        },
        {
          "ts_sim": 8857.782000000036,
          "fee": 5.0
        }
      ],
      "help_income": [],
      "help_expense": [],
      "advance_out": [],
      "advance_return": []
    }
  },
  "orders": {
    "completed_count": 3,
    "timeout_count": 3,
    "avg_stars": 3.3333333333333335,
    "avg_food_stars": 3.6666666666666665,
    "temp_ok_rate": 0.0,
    "odor_ok_rate": 1.0,
    "damage_ok_rate": 1.0,
    "method_success_rate": 1.0,
    "total_active_time_s": 6951.60300000009,
    "avg_time_per_order_s": 2317.20100000003,
    "details": [
      {
        "id": 9,
        "duration_s": 473.43900000007125,
        "on_time": false,
        "temp_ok_all": false,
        "odor_ok_all": true,
        "damage_ok_all": true,
        "stars": {
          "overall": 4,
          "time": 2,
          "food": 4,
          "method": 5
        },
        "earnings": 2.5447891376157243,
        "bonus_extra": 1.5,
        "paid_total": 4.044789137615725,
        "pickup": "24th road (right)",
        "dropoff": "8th road (right)",
        "allowed_delivery_methods": [],
        "delivery_method": "leave_at_door"
      },
      {
        "id": 14,
        "duration_s": 3405.417000000074,
        "on_time": false,
        "temp_ok_all": false,
        "odor_ok_all": true,
        "damage_ok_all": true,
        "stars": {
          "overall": 3,
          "time": 1,
          "food": 4,
          "method": 5
        },
        "earnings": 5.84047825907875,
        "bonus_extra": 0.0,
        "paid_total": 5.84047825907875,
        "pickup": "15th road (right)",
        "dropoff": "14th road (right)",
        "allowed_delivery_methods": [],
        "delivery_method": "leave_at_door"
      },
      {
        "id": 26,
        "duration_s": 3072.746999999945,
        "on_time": false,
        "temp_ok_all": false,
        "odor_ok_all": true,
        "damage_ok_all": true,
        "stars": {
          "overall": 3,
          "time": 1,
          "food": 3,
          "method": 5
        },
        "earnings": 3.030484283977146,
        "bonus_extra": 0.0,
        "paid_total": 3.030484283977146,
        "pickup": "28th road (right)",
        "dropoff": "4th road (left)",
        "allowed_delivery_methods": [],
        "delivery_method": "leave_at_door"
      }
    ]
  },
  "activity": {
    "active_time_ratio": 0.9654259984126241,
    "orders_per_hour": 1.4998843839120566,
    "avg_order_time_s": 2317.20100000003,
    "mode_time_s": {
      "e-scooter": 614.9070000000356,
      "drag_scooter": 1466.9040000000678,
      "walk": 5118.743999999977
    },
    "mode_time_ratio": {
      "e-scooter": 0.08539716730169115,
      "drag_scooter": 0.20372096317576233,
      "walk": 0.7108818695225465
    }
  },
  "interruptions": {
    "scooter_depleted": 1,
    "hospital_rescue": 4,
    "rent_insufficient": 0,
    "charge_insufficient": 0
  },
  "social": {
    "help_posted": 0,
    "help_accepted": 0,
    "help_given": 0,
    "help_received": 0
  },
  "capability_buckets": {
    "high_level_planning": {
      "active_time_ratio": 0.9654259984126241,
      "orders_per_hour": 1.4998843839120566,
      "avg_order_time_s": 2317.20100000003,
      "scooter_depleted_events": 1,
      "hospital_rescue_times": 4,
      "rent_insufficient_times": 0,
      "charge_insufficient_times": 0
    },
    "common_sense_reasoning": {
      "temp_ok_rate": 0.0,
      "odor_ok_rate": 1.0,
      "damage_ok_rate": 1.0,
      "method_success_rate": 1.0
    },
    "social_reasoning": {
      "help_posted": 0,
      "help_accepted": 0,
      "help_given": 0,
      "help_received": 0,
      "say": 0
    }
  },
  "actions": {
    "view_orders": {
      "attempts": 7,
      "successes": 7,
      "success_rate": 1.0
    },
    "accept_order": {
      "attempts": 8,
      "successes": 4,
      "success_rate": 0.5
    },
    "move_to": {
      "attempts": 17,
      "successes": 11,
      "success_rate": 0.6470588235294118
    },
    "wait": {
      "attempts": 3,
      "successes": 3,
      "success_rate": 1.0
    },
    "pickup": {
      "attempts": 3,
      "successes": 3,
      "success_rate": 1.0
    },
    "place_food_in_bag": {
      "attempts": 3,
      "successes": 3,
      "success_rate": 1.0
    },
    "drop_off": {
      "attempts": 5,
      "successes": 3,
      "success_rate": 0.6
    },
    "switch_transport": {
      "attempts": 1,
      "successes": 1,
      "success_rate": 1.0
    }
  },
  "vlm": {
    "total_calls": 47,
    "successes": 47,
    "parse_failures": 0,
    "retries": 0,
    "success_rate": 1.0,
    "parse_success_rate": 1.0
  }
}