{
  "meta": {
    "agent_id": "5",
    "model": "qwen/qwen2.5-vl-72b-instruct",
    "lifecycle_hours": 2.0,
    "started_sim_s": 52.734000000025844,
    "ended_sim_s": 9936.330000000045,
    "active_elapsed_s": 7202.714999999822,
    "active_hours": 2.000754166666617,
    "wall_finished_ts": 1758409506.3384717
  },
  "money": {
    "totals": {
      "initial_earnings": 100.0,
      "current_balance": 105.58803364797475,
      "net_growth": 5.588033647974754,
      "orders_income": 25.58803364797477,
      "help_income": 0.0,
      "expense_total": 20.0,
      "base_wage": 19.58803364797477,
      "bonus": 6.0,
      "help_expense": 0.0,
      "expense_breakdown": {
        "purchases": 0.0,
        "charging": 0.0,
        "rental": 0.0,
        "hospital": 20.0,
        "help_expense": 0.0
      },
      "advances": {
        "out": 0.0,
        "returned": 0.0,
        "net": 0.0
      },
      "observed_agent_balance_end": 105.58803364797475
    },
    "per_hour": {
      "net_growth": 2.792963643946708,
      "orders_income": 12.789194231996053,
      "help_income": 0.0,
      "expense_total": 9.996230588049338,
      "base_wage": 9.79032505558125,
      "bonus": 2.9988691764148014,
      "initial_earnings": 49.98115294024669,
      "current_balance": 52.77411658419339,
      "help_expense": 0.0,
      "observed_agent_balance_end": 52.77411658419339
    },
    "details": {
      "purchases": [],
      "charging": [],
      "rental": [],
      "hospital": [
        {
          "ts_sim": 3517.359000000026,
          "fee": 5.0
        },
        {
          "ts_sim": 5285.25,
          "fee": 5.0
        },
        {
          "ts_sim": 7173.984000000026,
          "fee": 5.0
        },
        {
          "ts_sim": 9166.266000000061,
          "fee": 5.0
        }
      ],
      "help_income": [],
      "help_expense": [],
      "advance_out": [],
      "advance_return": []
    }
  },
  "orders": {
    "completed_count": 4,
    "timeout_count": 2,
    "avg_stars": 4.0,
    "avg_food_stars": 4.0,
    "temp_ok_rate": 0.5,
    "odor_ok_rate": 1.0,
    "damage_ok_rate": 1.0,
    "method_success_rate": 1.0,
    "total_active_time_s": 5245.493999999802,
    "avg_time_per_order_s": 1311.3734999999506,
    "details": [
      {
        "id": 0,
        "duration_s": 485.9999999999127,
        "on_time": true,
        "temp_ok_all": false,
        "odor_ok_all": true,
        "damage_ok_all": true,
        "stars": {
          "overall": 5,
          "time": 5,
          "food": 4,
          "method": 5
        },
        "earnings": 5.12570927362234,
        "bonus_extra": 3.0,
        "paid_total": 8.125709273622341,
        "pickup": "14th road (right)",
        "dropoff": "1st road (left)",
        "allowed_delivery_methods": [
          "call"
        ],
        "delivery_method": "call"
      },
      {
        "id": 7,
        "duration_s": 706.7339999999385,
        "on_time": false,
        "temp_ok_all": true,
        "odor_ok_all": true,
        "damage_ok_all": true,
        "stars": {
          "overall": 3,
          "time": 1,
          "food": 4,
          "method": 5
        },
        "earnings": 0.8162536699393381,
        "bonus_extra": 0.0,
        "paid_total": 0.8162536699393381,
        "pickup": "14th road (right)",
        "dropoff": "23rd road (right)",
        "allowed_delivery_methods": [],
        "delivery_method": "leave_at_door"
      },
      {
        "id": 15,
        "duration_s": 366.60599999997066,
        "on_time": true,
        "temp_ok_all": false,
        "odor_ok_all": true,
        "damage_ok_all": true,
        "stars": {
          "overall": 5,
          "time": 5,
          "food": 4,
          "method": 5
        },
        "earnings": 8.736933585820145,
        "bonus_extra": 3.0,
        "paid_total": 11.736933585820145,
        "pickup": "14th road (right)",
        "dropoff": "13th road (left)",
        "allowed_delivery_methods": [],
        "delivery_method": "leave_at_door"
      },
      {
        "id": 16,
        "duration_s": 3686.1539999999804,
        "on_time": false,
        "temp_ok_all": true,
        "odor_ok_all": true,
        "damage_ok_all": true,
        "stars": {
          "overall": 3,
          "time": 1,
          "food": 4,
          "method": 5
        },
        "earnings": 4.909137118592943,
        "bonus_extra": 0.0,
        "paid_total": 4.909137118592943,
        "pickup": "14th road (right)",
        "dropoff": "28th road (left)",
        "allowed_delivery_methods": [
          "leave_at_door"
        ],
        "delivery_method": "leave_at_door"
      }
    ]
  },
  "activity": {
    "active_time_ratio": 0.7282662162809346,
    "orders_per_hour": 1.9992461176098675,
    "avg_order_time_s": 1311.3734999999506,
    "mode_time_s": {
      "e-scooter": 1086.7949999998673,
      "drag_scooter": 6115.919999999955
    },
    "mode_time_ratio": {
      "e-scooter": 0.1508868530824688,
      "drag_scooter": 0.8491131469175313
    }
  },
  "interruptions": {
    "scooter_depleted": 1,
    "hospital_rescue": 4,
    "rent_insufficient": 0,
    "charge_insufficient": 0
  },
  "social": {
    "help_posted": 0,
    "help_accepted": 0,
    "help_given": 0,
    "help_received": 0
  },
  "capability_buckets": {
    "high_level_planning": {
      "active_time_ratio": 0.7282662162809346,
      "orders_per_hour": 1.9992461176098675,
      "avg_order_time_s": 1311.3734999999506,
      "scooter_depleted_events": 1,
      "hospital_rescue_times": 4,
      "rent_insufficient_times": 0,
      "charge_insufficient_times": 0
    },
    "common_sense_reasoning": {
      "temp_ok_rate": 0.5,
      "odor_ok_rate": 1.0,
      "damage_ok_rate": 1.0,
      "method_success_rate": 1.0
    },
    "social_reasoning": {
      "help_posted": 0,
      "help_accepted": 0,
      "help_given": 0,
      "help_received": 0,
      "say": 0
    }
  },
  "actions": {
    "view_orders": {
      "attempts": 4,
      "successes": 4,
      "success_rate": 1.0
    },
    "accept_order": {
      "attempts": 4,
      "successes": 4,
      "success_rate": 1.0
    },
    "move_to": {
      "attempts": 16,
      "successes": 10,
      "success_rate": 0.625
    },
    "wait": {
      "attempts": 2,
      "successes": 2,
      "success_rate": 1.0
    },
    "pickup": {
      "attempts": 4,
      "successes": 4,
      "success_rate": 1.0
    },
    "place_food_in_bag": {
      "attempts": 4,
      "successes": 4,
      "success_rate": 1.0
    },
    "drop_off": {
      "attempts": 6,
      "successes": 4,
      "success_rate": 0.6666666666666666
    }
  },
  "vlm": {
    "total_calls": 40,
    "successes": 40,
    "parse_failures": 0,
    "retries": 0,
    "success_rate": 1.0,
    "parse_success_rate": 1.0
  }
}