{
  "meta": {
    "agent_id": "7",
    "model": "qwen/qwen2.5-vl-32b-instruct",
    "lifecycle_hours": 2.0,
    "started_sim_s": 67.73399999999992,
    "ended_sim_s": 18769.263,
    "active_elapsed_s": 7200.567000000023,
    "active_hours": 2.0001575000000065,
    "wall_finished_ts": 1758564122.790108
  },
  "money": {
    "totals": {
      "initial_earnings": 100.0,
      "current_balance": 167.66012646636568,
      "net_growth": 67.66012646636568,
      "orders_income": 84.4007264663665,
      "help_income": 0.0,
      "expense_total": 16.7406,
      "base_wage": 61.90072646636651,
      "bonus": 22.5,
      "help_expense": 0.0,
      "expense_breakdown": {
        "purchases": 0.0,
        "charging": 11.740599999999999,
        "rental": 0.0,
        "hospital": 5.0,
        "help_expense": 0.0
      },
      "advances": {
        "out": 0.0,
        "returned": 0.0,
        "net": 0.0
      },
      "observed_agent_balance_end": 167.66012646636568
    },
    "per_hour": {
      "net_growth": 33.83006323318284,
      "orders_income": 42.20036323318325,
      "help_income": 0.0,
      "expense_total": 8.3703,
      "base_wage": 30.950363233183253,
      "bonus": 11.25,
      "initial_earnings": 50.0,
      "current_balance": 83.83006323318284,
      "help_expense": 0.0,
      "observed_agent_balance_end": 83.83006323318284
    },
    "details": {
      "purchases": [],
      "charging": [
        {
          "ts_sim": 18769.263,
          "which": "own",
          "req_id": null,
          "delta_pct": 234.81200000000027,
          "cost": 11.740599999999999,
          "start_ts": 6579.375,
          "end_ts": 18769.263,
          "reason": "lifecycle_end",
          "aggregated": true,
          "target_pct": null
        }
      ],
      "rental": [],
      "hospital": [
        {
          "ts_sim": 15326.670000000002,
          "fee": 5.0
        }
      ],
      "help_income": [],
      "help_expense": [],
      "advance_out": [],
      "advance_return": []
    }
  },
  "orders": {
    "completed_count": 15,
    "timeout_count": 8,
    "avg_stars": 3.933333333333333,
    "avg_food_stars": 4.0,
    "temp_ok_rate": 0.2,
    "odor_ok_rate": 0.9333333333333333,
    "damage_ok_rate": 1.0,
    "method_success_rate": 0.9333333333333333,
    "total_active_time_s": 6807.192000000018,
    "avg_time_per_order_s": 453.81280000000123,
    "details": [
      {
        "id": 8,
        "duration_s": 301.5930000000002,
        "on_time": false,
        "temp_ok_all": false,
        "odor_ok_all": true,
        "damage_ok_all": true,
        "stars": {
          "overall": 3,
          "time": 1,
          "food": 4,
          "method": 5
        },
        "earnings": 0.7113103278632676,
        "bonus_extra": 0.0,
        "paid_total": 0.7113103278632676,
        "pickup": "14th road (right)",
        "dropoff": "9th road (right)",
        "allowed_delivery_methods": [],
        "delivery_method": "leave_at_door"
      },
      {
        "id": 9,
        "duration_s": 232.22100000000046,
        "on_time": false,
        "temp_ok_all": false,
        "odor_ok_all": true,
        "damage_ok_all": true,
        "stars": {
          "overall": 3,
          "time": 1,
          "food": 4,
          "method": 5
        },
        "earnings": 0.6907672008123859,
        "bonus_extra": 0.0,
        "paid_total": 0.6907672008123859,
        "pickup": "14th road (right)",
        "dropoff": "15th road (left)",
        "allowed_delivery_methods": [],
        "delivery_method": "leave_at_door"
      },
      {
        "id": 23,
        "duration_s": 283.5,
        "on_time": true,
        "temp_ok_all": true,
        "odor_ok_all": true,
        "damage_ok_all": true,
        "stars": {
          "overall": 5,
          "time": 5,
          "food": 5,
          "method": 5
        },
        "earnings": 7.834277747896982,
        "bonus_extra": 3.0,
        "paid_total": 10.834277747896982,
        "pickup": "14th road (right)",
        "dropoff": "4th road (right)",
        "allowed_delivery_methods": [],
        "delivery_method": "leave_at_door"
      },
      {
        "id": 15,
        "duration_s": 420.8430000000003,
        "on_time": true,
        "temp_ok_all": false,
        "odor_ok_all": false,
        "damage_ok_all": true,
        "stars": {
          "overall": 4,
          "time": 4,
          "food": 4,
          "method": 5
        },
        "earnings": 4.0381845720229,
        "bonus_extra": 1.5,
        "paid_total": 5.5381845720229,
        "pickup": "5th road (left)",
        "dropoff": "14th road (right)",
        "allowed_delivery_methods": [],
        "delivery_method": "leave_at_door"
      },
      {
        "id": 26,
        "duration_s": 415.64100000000053,
        "on_time": true,
        "temp_ok_all": true,
        "odor_ok_all": true,
        "damage_ok_all": true,
        "stars": {
          "overall": 5,
          "time": 5,
          "food": 4,
          "method": 5
        },
        "earnings": 4.06826197930457,
        "bonus_extra": 3.0,
        "paid_total": 7.06826197930457,
        "pickup": "14th road (right)",
        "dropoff": "7th road (right)",
        "allowed_delivery_methods": [],
        "delivery_method": "leave_at_door"
      },
      {
        "id": 36,
        "duration_s": 588.4679999999998,
        "on_time": false,
        "temp_ok_all": false,
        "odor_ok_all": true,
        "damage_ok_all": true,
        "stars": {
          "overall": 3,
          "time": 1,
          "food": 4,
          "method": 5
        },
        "earnings": 2.58370726924434,
        "bonus_extra": 0.0,
        "paid_total": 2.58370726924434,
        "pickup": "5th road (left)",
        "dropoff": "15th road (right)",
        "allowed_delivery_methods": [],
        "delivery_method": "leave_at_door"
      },
      {
        "id": 43,
        "duration_s": 399.98399999999947,
        "on_time": true,
        "temp_ok_all": false,
        "odor_ok_all": true,
        "damage_ok_all": true,
        "stars": {
          "overall": 5,
          "time": 5,
          "food": 4,
          "method": 5
        },
        "earnings": 4.023477829094501,
        "bonus_extra": 3.0,
        "paid_total": 7.023477829094501,
        "pickup": "8th road (right)",
        "dropoff": "15th road (left)",
        "allowed_delivery_methods": [],
        "delivery_method": "leave_at_door"
      },
      {
        "id": 47,
        "duration_s": 383.4870000000028,
        "on_time": false,
        "temp_ok_all": true,
        "odor_ok_all": true,
        "damage_ok_all": true,
        "stars": {
          "overall": 4,
          "time": 2,
          "food": 5,
          "method": 5
        },
        "earnings": 2.877039745357449,
        "bonus_extra": 1.5,
        "paid_total": 4.3770397453574486,
        "pickup": "8th road (right)",
        "dropoff": "4th road (right)",
        "allowed_delivery_methods": [],
        "delivery_method": "leave_at_door"
      },
      {
        "id": 48,
        "duration_s": 297.0930000000044,
        "on_time": false,
        "temp_ok_all": false,
        "odor_ok_all": true,
        "damage_ok_all": true,
        "stars": {
          "overall": 4,
          "time": 2,
          "food": 4,
          "method": 5
        },
        "earnings": 1.3878333028962397,
        "bonus_extra": 1.5,
        "paid_total": 2.8878333028962397,
        "pickup": "8th road (right)",
        "dropoff": "13th road (right)",
        "allowed_delivery_methods": [],
        "delivery_method": "leave_at_door"
      },
      {
        "id": 38,
        "duration_s": 586.0320000000011,
        "on_time": true,
        "temp_ok_all": false,
        "odor_ok_all": true,
        "damage_ok_all": true,
        "stars": {
          "overall": 5,
          "time": 5,
          "food": 4,
          "method": 5
        },
        "earnings": 15.805333600856295,
        "bonus_extra": 3.0,
        "paid_total": 18.805333600856294,