{
  "meta": {
    "agent_id": "3",
    "model": "gpt-4o",
    "lifecycle_hours": 2.0,
    "started_sim_s": 25.169999999867287,
    "ended_sim_s": 9338.717999999877,
    "active_elapsed_s": 7200.096000000543,
    "active_hours": 2.000026666666818,
    "wall_finished_ts": 1758610268.8995821
  },
  "money": {
    "totals": {
      "initial_earnings": 100.0,
      "current_balance": 113.06832568955606,
      "net_growth": 13.068325689556062,
      "orders_income": 28.06832568955607,
      "help_income": 0.0,
      "expense_total": 15.0,
      "base_wage": 22.06832568955607,
      "bonus": 6.0,
      "help_expense": 0.0,
      "expense_breakdown": {
        "purchases": 0.0,
        "charging": 0.0,
        "rental": 0.0,
        "hospital": 15.0,
        "help_expense": 0.0
      },
      "advances": {
        "out": 0.0,
        "returned": 0.0,
        "net": 0.0
      },
      "observed_agent_balance_end": 113.06832568955606
    },
    "per_hour": {
      "net_growth": 6.534075723767887,
      "orders_income": 14.033975725100639,
      "help_income": 0.0,
      "expense_total": 7.499900001332748,
      "base_wage": 11.03401572456754,
      "bonus": 2.9999600005330995,
      "initial_earnings": 49.99933334221832,
      "current_balance": 56.53340906598621,
      "help_expense": 0.0,
      "observed_agent_balance_end": 56.53340906598621
    },
    "details": {
      "purchases": [],
      "charging": [],
      "rental": [],
      "hospital": [
        {
          "ts_sim": 2558.6699999998673,
          "fee": 5.0
        },
        {
          "ts_sim": 5263.781999999948,
          "fee": 5.0
        },
        {
          "ts_sim": 8469.419999999867,
          "fee": 5.0
        }
      ],
      "help_income": [],
      "help_expense": [],
      "advance_out": [],
      "advance_return": []
    }
  },
  "orders": {
    "completed_count": 7,
    "timeout_count": 5,
    "avg_stars": 3.5714285714285716,
    "avg_food_stars": 3.5714285714285716,
    "temp_ok_rate": 0.0,
    "odor_ok_rate": 0.8571428571428571,
    "damage_ok_rate": 1.0,
    "method_success_rate": 1.0,
    "total_active_time_s": 9849.237000000954,
    "avg_time_per_order_s": 1407.0338571429934,
    "details": [
      {
        "id": 12,
        "duration_s": 651.9360000001034,
        "on_time": false,
        "temp_ok_all": false,
        "odor_ok_all": true,
        "damage_ok_all": true,
        "stars": {
          "overall": 3,
          "time": 1,
          "food": 4,
          "method": 5
        },
        "earnings": 1.852843040525676,
        "bonus_extra": 0.0,
        "paid_total": 1.852843040525676,
        "pickup": "14th road (right)",
        "dropoff": "9th road (right)",
        "allowed_delivery_methods": [],
        "delivery_method": "leave_at_door"
      },
      {
        "id": 23,
        "duration_s": 532.9710000003688,
        "on_time": true,
        "temp_ok_all": false,
        "odor_ok_all": true,
        "damage_ok_all": true,
        "stars": {
          "overall": 5,
          "time": 5,
          "food": 4,
          "method": 5
        },
        "earnings": 6.788274499153637,
        "bonus_extra": 3.0,
        "paid_total": 9.788274499153637,
        "pickup": "4th road (left)",
        "dropoff": "1st road (right)",
        "allowed_delivery_methods": [
          "call"
        ],
        "delivery_method": "call"
      },
      {
        "id": 21,
        "duration_s": 2247.2370000002556,
        "on_time": false,
        "temp_ok_all": false,
        "odor_ok_all": false,
        "damage_ok_all": true,
        "stars": {
          "overall": 3,
          "time": 1,
          "food": 2,
          "method": 5
        },
        "earnings": 2.816835630102,
        "bonus_extra": 0.0,
        "paid_total": 2.816835630102,
        "pickup": "4th road (left)",
        "dropoff": "1st road (left)",
        "allowed_delivery_methods": [
          "call"
        ],
        "delivery_method": "call"
      },
      {
        "id": 26,
        "duration_s": 2296.128000000317,
        "on_time": false,
        "temp_ok_all": false,
        "odor_ok_all": true,
        "damage_ok_all": true,
        "stars": {
          "overall": 3,
          "time": 1,
          "food": 3,
          "method": 5
        },
        "earnings": 3.277133435196215,
        "bonus_extra": 0.0,
        "paid_total": 3.277133435196215,
        "pickup": "4th road (left)",
        "dropoff": "1st road (right)",
        "allowed_delivery_methods": [
          "leave_at_door"
        ],
        "delivery_method": "leave_at_door"
      },
      {
        "id": 53,
        "duration_s": 1688.012999999919,
        "on_time": false,
        "temp_ok_all": false,
        "odor_ok_all": true,
        "damage_ok_all": true,
        "stars": {
          "overall": 3,
          "time": 1,
          "food": 4,
          "method": 5
        },
        "earnings": 1.526162735844901,
        "bonus_extra": 0.0,
        "paid_total": 1.526162735844901,
        "pickup": "4th road (left)",
        "dropoff": "2nd road (right)",
        "allowed_delivery_methods": [
          "call"
        ],
        "delivery_method": "call"
      },
      {
        "id": 48,
        "duration_s": 2076.32699999999,
        "on_time": false,
        "temp_ok_all": false,
        "odor_ok_all": true,
        "damage_ok_all": true,
        "stars": {
          "overall": 3,
          "time": 1,
          "food": 4,
          "method": 5
        },
        "earnings": 2.463095588096554,
        "bonus_extra": 0.0,
        "paid_total": 2.463095588096554,
        "pickup": "4th road (left)",
        "dropoff": "15th road (left)",
        "allowed_delivery_methods": [],
        "delivery_method": "leave_at_door"
      },
      {
        "id": 63,
        "duration_s": 356.625,
        "on_time": true,
        "temp_ok_all": false,
        "odor_ok_all": true,
        "damage_ok_all": true,
        "stars": {
          "overall": 5,
          "time": 5,
          "food": 4,
          "method": 5
        },
        "earnings": 3.343980760637085,
        "bonus_extra": 3.0,
        "paid_total": 6.343980760637085,
        "pickup": "7th road (right)",
        "dropoff": "5th road (right)",
        "allowed_delivery_methods": [],
        "delivery_method": "leave_at_door"
      }
    ]
  },
  "activity": {
    "active_time_ratio": 1.3679313442487726,
    "orders_per_hour": 3.4999533339552826,
    "avg_order_time_s": 1407.0338571429934,
    "mode_time_s": {
      "e-scooter": 1042.7850000006147,
      "drag_scooter": 189.7949999998673,
      "walk": 5967.5160000000615
    },
    "mode_time_ratio": {
      "e-scooter": 0.14482931894248854,
      "drag_scooter": 0.026360065199110258,
      "walk": 0.8288106158584012
    }
  },
  "interruptions": {
    "scooter_depleted": 1,
    "hospital_rescue": 3,
    "rent_insufficient": 0,
    "charge_insufficient": 0
  },
  "social": {
    "help_posted": 0,
    "help_accepted": 0,
    "help_given": 0,
    "help_received": 0
  },
  "capability_buckets": {
    "high_level_planning": {
      "active_time_ratio": 1.3679313442487726,
      "orders_per_hour": 3.4999533339552826,
      "avg_order_time_s": 1407.0338571429934,
      "scooter_depleted_events": 1,
      "hospital_rescue_times": 3,
      "rent_insufficient_times": 0,
      "charge_insufficient_times": 0
    },
    "common_sense_reasoning": {
      "temp_ok_rate": 0.0,
      "odor_ok_rate": 0.8571428571428571,
      "damage_ok_rate": 1.0,
      "method_success_rate": 1.0
    },
    "social_reasoning": {
      "help_posted": 0,
      "help_accepted": 0,
      "help_given": 0,
      "help_received": 0,
      "say": 0
    }
  },
  "actions": {
    "view_orders": {
      "attempts": 5,
      "successes": 5,
      "success_rate": 1.0
    },
    "accept_order": {
      "attempts": 4,
      "successes": 4,
      "success_rate": 1.0
    },
    "move_to": {
      "attempts": 25,
      "successes": 19,
      "success_rate": 0.76
    },