{
  "meta": {
    "agent_id": "2",
    "model": "gpt-4o",
    "lifecycle_hours": 2.0,
    "started_sim_s": 24.935999999928754,
    "ended_sim_s": 9623.669999999867,
    "active_elapsed_s": 7200.275999999838,
    "active_hours": 2.000076666666622,
    "wall_finished_ts": 1758610363.90656
  },
  "money": {
    "totals": {
      "initial_earnings": 100.0,
      "current_balance": 106.51259869574314,
      "net_growth": 6.5125986957431365,
      "orders_income": 30.46337369573988,
      "help_income": 0.0,
      "expense_total": 23.950774999999,
      "base_wage": 22.96337369573988,
      "bonus": 7.5,
      "help_expense": 0.0,
      "expense_breakdown": {
        "purchases": 6.0,
        "charging": 2.950774999998997,
        "rental": 0.0,
        "hospital": 15.0,
        "help_expense": 0.0
      },
      "advances": {
        "out": 0.0,
        "returned": 0.0,
        "net": 0.0
      },
      "observed_agent_balance_end": 106.51259869574314
    },
    "per_hour": {
      "net_growth": 3.256174527848074,
      "orders_income": 15.231102988922371,
      "help_income": 0.0,
      "expense_total": 11.974928461075427,
      "base_wage": 11.481246733412082,
      "bonus": 3.7498562555102892,
      "initial_earnings": 49.99808340680386,
      "current_balance": 53.25425793465193,
      "help_expense": 0.0,
      "observed_agent_balance_end": 53.25425793465193
    },
    "details": {
      "purchases": [
        {
          "ts_sim": 8413.919999999867,
          "items": "1 x energy_drink",
          "cost": 6.0
        }
      ],
      "charging": [
        {
          "ts_sim": 9623.669999999867,
          "which": "own",
          "req_id": null,
          "delta_pct": 59.01549999997952,
          "cost": 2.950774999998997,
          "start_ts": 7431.0,
          "end_ts": 9623.669999999867,
          "reason": "lifecycle_end",
          "aggregated": true,
          "target_pct": null
        }
      ],
      "rental": [],
      "hospital": [
        {
          "ts_sim": 2454.7949999998673,
          "fee": 5.0
        },
        {
          "ts_sim": 4179.842999999877,
          "fee": 5.0
        },
        {
          "ts_sim": 5958.560999999929,
          "fee": 5.0
        }
      ],
      "help_income": [],
      "help_expense": [],
      "advance_out": [],
      "advance_return": []
    }
  },
  "orders": {
    "completed_count": 10,
    "timeout_count": 8,
    "avg_stars": 3.5,
    "avg_food_stars": 4.1,
    "temp_ok_rate": 0.2,
    "odor_ok_rate": 0.8,
    "damage_ok_rate": 1.0,
    "method_success_rate": 1.0,
    "total_active_time_s": 14513.715000000433,
    "avg_time_per_order_s": 1451.3715000000434,
    "details": [
      {
        "id": 6,
        "duration_s": 482.95200000016484,
        "on_time": true,
        "temp_ok_all": false,
        "odor_ok_all": true,
        "damage_ok_all": true,
        "stars": {
          "overall": 5,
          "time": 5,
          "food": 4,
          "method": 5
        },
        "earnings": 4.340245070643408,
        "bonus_extra": 3.0,
        "paid_total": 7.340245070643408,
        "pickup": "7th road (right)",
        "dropoff": "15th road (right)",
        "allowed_delivery_methods": [
          "knock"
        ],
        "delivery_method": "knock"
      },
      {
        "id": 11,
        "duration_s": 603.4200000002165,
        "on_time": false,
        "temp_ok_all": false,
        "odor_ok_all": true,
        "damage_ok_all": true,
        "stars": {
          "overall": 3,
          "time": 1,
          "food": 4,
          "method": 5
        },
        "earnings": 1.2001725742869735,
        "bonus_extra": 0.0,
        "paid_total": 1.2001725742869735,
        "pickup": "7th road (right)",
        "dropoff": "10th road (left)",
        "allowed_delivery_methods": [],
        "delivery_method": "leave_at_door"
      },
      {
        "id": 2,
        "duration_s": 710.0130000002682,
        "on_time": false,
        "temp_ok_all": false,
        "odor_ok_all": true,
        "damage_ok_all": true,
        "stars": {
          "overall": 3,
          "time": 1,
          "food": 4,
          "method": 5
        },
        "earnings": 1.1123692118949466,
        "bonus_extra": 0.0,
        "paid_total": 1.1123692118949466,
        "pickup": "14th road (right)",
        "dropoff": "3rd road (left)",
        "allowed_delivery_methods": [
          "leave_at_door"
        ],
        "delivery_method": "leave_at_door"
      },
      {
        "id": 35,
        "duration_s": 1967.670000000042,
        "on_time": false,
        "temp_ok_all": false,
        "odor_ok_all": false,
        "damage_ok_all": true,
        "stars": {
          "overall": 3,
          "time": 1,
          "food": 3,
          "method": 5
        },
        "earnings": 3.3656065686177676,
        "bonus_extra": 0.0,
        "paid_total": 3.3656065686177676,
        "pickup": "4th road (left)",
        "dropoff": "15th road (left)",
        "allowed_delivery_methods": [],
        "delivery_method": "leave_at_door"
      },
      {
        "id": 37,
        "duration_s": 3559.82699999999,
        "on_time": false,
        "temp_ok_all": false,
        "odor_ok_all": true,
        "damage_ok_all": true,
        "stars": {
          "overall": 3,
          "time": 1,
          "food": 4,
          "method": 5
        },
        "earnings": 1.1208099029844705,
        "bonus_extra": 0.0,
        "paid_total": 1.1208099029844705,
        "pickup": "4th road (left)",
        "dropoff": "2nd road (left)",
        "allowed_delivery_methods": [
          "leave_at_door"
        ],
        "delivery_method": "leave_at_door"
      },
      {
        "id": 30,
        "duration_s": 5077.310999999929,
        "on_time": false,
        "temp_ok_all": true,
        "odor_ok_all": false,
        "damage_ok_all": true,
        "stars": {
          "overall": 3,
          "time": 1,
          "food": 4,
          "method": 5
        },
        "earnings": 2.1357909350501565,
        "bonus_extra": 0.0,
        "paid_total": 2.1357909350501565,
        "pickup": "4th road (left)",
        "dropoff": "15th road (left)",
        "allowed_delivery_methods": [],
        "delivery_method": "leave_at_door"
      },
      {
        "id": 64,
        "duration_s": 429.7980000001844,
        "on_time": true,
        "temp_ok_all": false,
        "odor_ok_all": true,
        "damage_ok_all": true,
        "stars": {
          "overall": 4,
          "time": 4,
          "food": 4,
          "method": 5
        },
        "earnings": 4.697088259399642,
        "bonus_extra": 1.5,
        "paid_total": 6.197088259399642,
        "pickup": "14th road (right)",
        "dropoff": "7th road (right)",
        "allowed_delivery_methods": [
          "leave_at_door"
        ],
        "delivery_method": "leave_at_door"
      },
      {
        "id": 62,
        "duration_s": 562.5480000000098,
        "on_time": false,
        "temp_ok_all": false,
        "odor_ok_all": true,
        "damage_ok_all": true,
        "stars": {
          "overall": 4,
          "time": 2,
          "food": 5,
          "method": 5
        },
        "earnings": 3.279720525049166,
        "bonus_extra": 1.5,
        "paid_total": 4.779720525049166,
        "pickup": "14th road (right)",
        "dropoff": "11th road (left)",
        "allowed_delivery_methods": [
          "leave_at_door"
        ],
        "delivery_method": "leave_at_door"
      },
      {
        "id": 74,
        "duration_s": 432.8939999998547,
        "on_time": false,
        "temp_ok_all": false,
        "odor_ok_all": true,
        "damage_ok_all": true,
        "stars": {
          "overall": 3,
          "time": 1,
          "food": 4,
          "method": 5
        },
        "earnings": 0.7328913561894408,
        "bonus_extra": 0.0,
        "paid_total": 0.7328913561894408,
        "pickup": "7th road (right)",
        "dropoff": "4th road (left)",