{
  "meta": {
    "agent_id": "7",
    "model": "gpt-4o",
    "lifecycle_hours": 2.0,
    "started_sim_s": 46.35899999993853,
    "ended_sim_s": 14842.217999999964,
    "active_elapsed_s": 7200.507000000158,
    "active_hours": 2.000140833333377,
    "wall_finished_ts": 1758349371.5928
  },
  "money": {
    "totals": {
      "initial_earnings": 100.0,
      "current_balance": 130.13389792994468,
      "net_growth": 30.13389792994468,
      "orders_income": 41.96554792994496,
      "help_income": 0.0,
      "expense_total": 11.831650000000081,
      "base_wage": 32.96554792994496,
      "bonus": 9.0,
      "help_expense": 0.0,
      "expense_breakdown": {
        "purchases": 0.0,
        "charging": 1.8316500000000808,
        "rental": 0.0,
        "hospital": 10.0,
        "help_expense": 0.0
      },
      "advances": {
        "out": 0.0,
        "returned": 0.0,
        "net": 0.0
      },
      "observed_agent_balance_end": 130.13389792994468
    },
    "per_hour": {
      "net_growth": 15.065888075353373,
      "orders_income": 20.981296532007892,
      "help_income": 0.0,
      "expense_total": 5.915408456654422,
      "base_wage": 16.48161338469628,
      "bonus": 4.499683147311612,
      "initial_earnings": 49.996479414573464,
      "current_balance": 65.06236748992684,
      "help_expense": 0.0,
      "observed_agent_balance_end": 65.06236748992684
    },
    "details": {
      "purchases": [],
      "charging": [
        {
          "ts_sim": 14842.217999999964,
          "which": "own",
          "req_id": null,
          "delta_pct": 36.63300000000163,
          "cost": 1.8316500000000808,
          "start_ts": 3002.6699999999546,
          "end_ts": 14842.217999999964,
          "reason": "lifecycle_end",
          "aggregated": true,
          "target_pct": null
        }
      ],
      "rental": [],
      "hospital": [
        {
          "ts_sim": 4301.669999999955,
          "fee": 5.0
        },
        {
          "ts_sim": 6116.8589999999385,
          "fee": 5.0
        }
      ],
      "help_income": [],
      "help_expense": [],
      "advance_out": [],
      "advance_return": []
    }
  },
  "orders": {
    "completed_count": 8,
    "timeout_count": 5,
    "avg_stars": 3.75,
    "avg_food_stars": 3.375,
    "temp_ok_rate": 0.125,
    "odor_ok_rate": 0.625,
    "damage_ok_rate": 1.0,
    "method_success_rate": 1.0,
    "total_active_time_s": 10762.905000000028,
    "avg_time_per_order_s": 1345.3631250000035,
    "details": [
      {
        "id": 1,
        "duration_s": 442.31400000007125,
        "on_time": true,
        "temp_ok_all": true,
        "odor_ok_all": true,
        "damage_ok_all": true,
        "stars": {
          "overall": 4,
          "time": 4,
          "food": 4,
          "method": 5
        },
        "earnings": 3.5625901760540257,
        "bonus_extra": 1.5,
        "paid_total": 5.062590176054026,
        "pickup": "5th road (right)",
        "dropoff": "9th road (left)",
        "allowed_delivery_methods": [],
        "delivery_method": "leave_at_door"
      },
      {
        "id": 9,
        "duration_s": 782.1600000000908,
        "on_time": false,
        "temp_ok_all": false,
        "odor_ok_all": true,
        "damage_ok_all": true,
        "stars": {
          "overall": 3,
          "time": 1,
          "food": 3,
          "method": 5
        },
        "earnings": 1.2982718957092492,
        "bonus_extra": 0.0,
        "paid_total": 1.2982718957092492,
        "pickup": "5th road (right)",
        "dropoff": "1st road (left)",
        "allowed_delivery_methods": [],
        "delivery_method": "leave_at_door"
      },
      {
        "id": 21,
        "duration_s": 184.35900000002584,
        "on_time": true,
        "temp_ok_all": false,
        "odor_ok_all": true,
        "damage_ok_all": true,
        "stars": {
          "overall": 5,
          "time": 5,
          "food": 4,
          "method": 5
        },
        "earnings": 2.098537971309208,
        "bonus_extra": 3.0,
        "paid_total": 5.098537971309208,
        "pickup": "1st road (left)",
        "dropoff": "2nd road (left)",
        "allowed_delivery_methods": [
          "leave_at_door",
          "knock"
        ],
        "delivery_method": "leave_at_door"
      },
      {
        "id": 22,
        "duration_s": 512.2469999999448,
        "on_time": false,
        "temp_ok_all": false,
        "odor_ok_all": true,
        "damage_ok_all": true,
        "stars": {
          "overall": 4,
          "time": 2,
          "food": 4,
          "method": 5
        },
        "earnings": 3.4182630022386844,
        "bonus_extra": 1.5,
        "paid_total": 4.918263002238684,
        "pickup": "5th road (right)",
        "dropoff": "11th road (right)",
        "allowed_delivery_methods": [],
        "delivery_method": "leave_at_door"
      },
      {
        "id": 23,
        "duration_s": 438.56100000001607,
        "on_time": true,
        "temp_ok_all": false,
        "odor_ok_all": true,
        "damage_ok_all": true,
        "stars": {
          "overall": 5,
          "time": 5,
          "food": 4,
          "method": 5
        },
        "earnings": 8.882026253239214,
        "bonus_extra": 3.0,
        "paid_total": 11.882026253239214,
        "pickup": "10th road (right)",
        "dropoff": "2nd road (left)",
        "allowed_delivery_methods": [],
        "delivery_method": "leave_at_door"
      },
      {
        "id": 18,
        "duration_s": 2179.2119999999413,
        "on_time": false,
        "temp_ok_all": false,
        "odor_ok_all": false,
        "damage_ok_all": true,
        "stars": {
          "overall": 3,
          "time": 1,
          "food": 4,
          "method": 5
        },
        "earnings": 3.396788648201586,
        "bonus_extra": 0.0,
        "paid_total": 3.396788648201586,
        "pickup": "26th road (right)",
        "dropoff": "2nd road (left)",
        "allowed_delivery_methods": [
          "leave_at_door"
        ],
        "delivery_method": "leave_at_door"
      },
      {
        "id": 24,
        "duration_s": 2249.618999999977,
        "on_time": false,
        "temp_ok_all": false,
        "odor_ok_all": false,
        "damage_ok_all": true,
        "stars": {
          "overall": 3,
          "time": 1,
          "food": 2,
          "method": 5
        },
        "earnings": 3.741471624419174,
        "bonus_extra": 0.0,
        "paid_total": 3.741471624419174,
        "pickup": "26th road (right)",
        "dropoff": "2nd road (right)",
        "allowed_delivery_methods": [],
        "delivery_method": "leave_at_door"
      },
      {
        "id": 26,
        "duration_s": 3974.432999999961,
        "on_time": false,
        "temp_ok_all": false,
        "odor_ok_all": false,
        "damage_ok_all": true,
        "stars": {
          "overall": 3,
          "time": 1,
          "food": 2,
          "method": 5
        },
        "earnings": 6.567598358773818,
        "bonus_extra": 0.0,
        "paid_total": 6.567598358773818,
        "pickup": "26th road (right)",
        "dropoff": "3rd road (right)",
        "allowed_delivery_methods": [],
        "delivery_method": "leave_at_door"
      }
    ]
  },
  "activity": {
    "active_time_ratio": 1.4947426618708644,
    "orders_per_hour": 3.999718353165877,
    "avg_order_time_s": 1345.3631250000035,
    "mode_time_s": {
      "e-scooter": 1560.0,
      "drag_scooter": 4465.401000000013,
      "walk": 1175.1060000001453
    },
    "mode_time_ratio": {
      "e-scooter": 0.216651410796485,
      "drag_scooter": 0.620150914373101,
      "walk": 0.16319767483041395
    }
  },
  "interruptions": {
    "scooter_depleted": 2,
    "hospital_rescue": 2,
    "rent_insufficient": 0,
    "charge_insufficient": 0
  },
  "social": {
    "help_posted": 1,
    "help_accepted": 0,
    "help_given": 0,
    "help_received": 0
  },
  "capability_buckets": {
    "high_level_planning": {
      "active_time_ratio": 1.4947426618708644,