{
  "meta": {
    "agent_id": "5",
    "model": "qwen/qwen2.5-vl-32b-instruct",
    "lifecycle_hours": 2.0,
    "started_sim_s": 52.78199999994831,
    "ended_sim_s": 12935.625,
    "active_elapsed_s": 7209.855000000447,
    "active_hours": 2.002737500000124,
    "wall_finished_ts": 1758579382.403324
  },
  "money": {
    "totals": {
      "initial_earnings": 100.0,
      "current_balance": 109.40520562366588,
      "net_growth": 9.405205623665879,
      "orders_income": 29.40520562366587,
      "help_income": 0.0,
      "expense_total": 20.0,
      "base_wage": 23.40520562366587,
      "bonus": 6.0,
      "help_expense": 0.0,
      "expense_breakdown": {
        "purchases": 0.0,
        "charging": 0.0,
        "rental": 0.0,
        "hospital": 20.0,
        "help_expense": 0.0
      },
      "advances": {
        "out": 0.0,
        "returned": 0.0,
        "net": 0.0
      },
      "observed_agent_balance_end": 109.40520562366588
    },
    "per_hour": {
      "net_growth": 4.696174922407602,
      "orders_income": 14.682506131564445,
      "help_income": 0.0,
      "expense_total": 9.986331209156846,
      "base_wage": 11.686606768817391,
      "bonus": 2.995899362747054,
      "initial_earnings": 49.93165604578423,
      "current_balance": 54.62783096819184,
      "help_expense": 0.0,
      "observed_agent_balance_end": 54.62783096819184
    },
    "details": {
      "purchases": [],
      "charging": [],
      "rental": [],
      "hospital": [
        {
          "ts_sim": 4153.3589999999385,
          "fee": 5.0
        },
        {
          "ts_sim": 6326.95199999999,
          "fee": 5.0
        },
        {
          "ts_sim": 8399.016000000061,
          "fee": 5.0
        },
        {
          "ts_sim": 12389.25,
          "fee": 5.0
        }
      ],
      "help_income": [],
      "help_expense": [],
      "advance_out": [],
      "advance_return": []
    }
  },
  "orders": {
    "completed_count": 4,
    "timeout_count": 3,
    "avg_stars": 4.0,
    "avg_food_stars": 4.25,
    "temp_ok_rate": 0.25,
    "odor_ok_rate": 1.0,
    "damage_ok_rate": 1.0,
    "method_success_rate": 1.0,
    "total_active_time_s": 5964.480000000098,
    "avg_time_per_order_s": 1491.1200000000244,
    "details": [
      {
        "id": 9,
        "duration_s": 495.89400000020396,
        "on_time": false,
        "temp_ok_all": false,
        "odor_ok_all": true,
        "damage_ok_all": true,
        "stars": {
          "overall": 4,
          "time": 2,
          "food": 4,
          "method": 5
        },
        "earnings": 2.4295563659236383,
        "bonus_extra": 1.5,
        "paid_total": 3.9295563659236383,
        "pickup": "24th road (right)",
        "dropoff": "8th road (right)",
        "allowed_delivery_methods": [],
        "delivery_method": "leave_at_door"
      },
      {
        "id": 17,
        "duration_s": 714.7980000000098,
        "on_time": true,
        "temp_ok_all": false,
        "odor_ok_all": true,
        "damage_ok_all": true,
        "stars": {
          "overall": 5,
          "time": 5,
          "food": 4,
          "method": 5
        },
        "earnings": 12.26054035165087,
        "bonus_extra": 3.0,
        "paid_total": 15.26054035165087,
        "pickup": "28th road (right)",
        "dropoff": "8th road (right)",
        "allowed_delivery_methods": [],
        "delivery_method": "leave_at_door"
      },
      {
        "id": 29,
        "duration_s": 1780.595999999845,
        "on_time": false,
        "temp_ok_all": false,
        "odor_ok_all": true,
        "damage_ok_all": true,
        "stars": {
          "overall": 3,
          "time": 1,
          "food": 4,
          "method": 5
        },
        "earnings": 0.7971573155067813,
        "bonus_extra": 0.0,
        "paid_total": 0.7971573155067813,
        "pickup": "20th road (right)",
        "dropoff": "19th road (left)",
        "allowed_delivery_methods": [
          "leave_at_door"
        ],
        "delivery_method": "leave_at_door"
      },
      {
        "id": 13,
        "duration_s": 2973.192000000039,
        "on_time": false,
        "temp_ok_all": true,
        "odor_ok_all": true,
        "damage_ok_all": true,
        "stars": {
          "overall": 4,
          "time": 1,
          "food": 5,
          "method": 5
        },
        "earnings": 7.91795159058458,
        "bonus_extra": 1.5,
        "paid_total": 9.417951590584579,
        "pickup": "15th road (right)",
        "dropoff": "19th road (left)",
        "allowed_delivery_methods": [],
        "delivery_method": "leave_at_door"
      }
    ]
  },
  "activity": {
    "active_time_ratio": 0.8272676773665667,
    "orders_per_hour": 1.9972662418313694,
    "avg_order_time_s": 1491.1200000000244,
    "mode_time_s": {
      "e-scooter": 983.256000000285,
      "drag_scooter": 263.1569999999483,
      "walk": 5963.442000000214
    },
    "mode_time_ratio": {
      "e-scooter": 0.13637666776935514,
      "drag_scooter": 0.03649962447232739,
      "walk": 0.8271237077583175
    }
  },
  "interruptions": {
    "scooter_depleted": 1,
    "hospital_rescue": 4,
    "rent_insufficient": 0,
    "charge_insufficient": 0
  },
  "social": {
    "help_posted": 0,
    "help_accepted": 0,
    "help_given": 0,
    "help_received": 0
  },
  "capability_buckets": {
    "high_level_planning": {
      "active_time_ratio": 0.8272676773665667,
      "orders_per_hour": 1.9972662418313694,
      "avg_order_time_s": 1491.1200000000244,
      "scooter_depleted_events": 1,
      "hospital_rescue_times": 4,
      "rent_insufficient_times": 0,
      "charge_insufficient_times": 0
    },
    "common_sense_reasoning": {
      "temp_ok_rate": 0.25,
      "odor_ok_rate": 1.0,
      "damage_ok_rate": 1.0,
      "method_success_rate": 1.0
    },
    "social_reasoning": {
      "help_posted": 0,
      "help_accepted": 0,
      "help_given": 0,
      "help_received": 0,
      "say": 0
    }
  },
  "actions": {
    "view_orders": {
      "attempts": 7,
      "successes": 7,
      "success_rate": 1.0
    },
    "accept_order": {
      "attempts": 7,
      "successes": 5,
      "success_rate": 0.7142857142857143
    },
    "move_to": {
      "attempts": 16,
      "successes": 11,
      "success_rate": 0.6875
    },
    "wait": {
      "attempts": 11,
      "successes": 11,
      "success_rate": 1.0
    },
    "pickup": {
      "attempts": 5,
      "successes": 5,
      "success_rate": 1.0
    },
    "place_food_in_bag": {
      "attempts": 5,
      "successes": 5,
      "success_rate": 1.0
    },
    "drop_off": {
      "attempts": 4,
      "successes": 4,
      "success_rate": 1.0
    },
    "charge_escooter": {
      "attempts": 1,
      "successes": 0,
      "success_rate": 0.0
    }
  },
  "vlm": {
    "total_calls": 70,
    "successes": 56,
    "parse_failures": 14,
    "retries": 14,
    "success_rate": 0.8,
    "parse_success_rate": 0.8
  }
}