{
  "meta": {
    "agent_id": "3",
    "model": "meta-llama/llama-4-maverick",
    "lifecycle_hours": 0.5,
    "started_sim_s": 13.92000000004191,
    "ended_sim_s": 4058.4839999999385,
    "active_elapsed_s": 1800.2310000001453,
    "active_hours": 0.500064166666707,
    "wall_finished_ts": 1758132649.8327081
  },
  "money": {
    "totals": {
      "initial_earnings": 100.0,
      "current_balance": 98.63666011082606,
      "net_growth": -1.3633398891739432,
      "orders_income": 20.35132708711413,
      "help_income": 0.0,
      "expense_total": 21.085232499999687,
      "base_wage": 14.351327087114129,
      "bonus": 6.0,
      "help_expense": 0.0,
      "expense_breakdown": {
        "purchases": 0.0,
        "charging": 1.085232499999687,
        "rental": 0.0,
        "hospital": 20.0,
        "help_expense": 0.0
      },
      "advances": {
        "out": 0.0,
        "returned": 0.0,
        "net": 0.0
      },
      "observed_agent_balance_end": 98.63666011082606
    },
    "per_hour": {
      "net_growth": -2.726329899343917,
      "orders_income": 40.69743133720336,
      "help_income": 0.0,
      "expense_total": 42.16505381808931,
      "base_wage": 28.698971139596356,
      "bonus": 11.998460197607004,
      "initial_earnings": 199.9743366267834,
      "current_balance": 197.2480067274395,
      "help_expense": 0.0,
      "observed_agent_balance_end": 197.2480067274395
    },
    "details": {
      "purchases": [],
      "charging": [
        {
          "ts_sim": 4058.4839999999385,
          "which": "own",
          "req_id": null,
          "delta_pct": 21.70464999999385,
          "cost": 1.085232499999687,
          "start_ts": 2444.202000000165,
          "end_ts": 4058.4839999999385,
          "reason": "lifecycle_end",
          "aggregated": true,
          "target_pct": null
        }
      ],
      "rental": [],
      "hospital": [
        {
          "ts_sim": 3226.3589999999385,
          "fee": 20.0
        }
      ],
      "help_income": [],
      "help_expense": [],
      "advance_out": [],
      "advance_return": []
    }
  },
  "orders": {
    "completed_count": 3,
    "timeout_count": 1,
    "avg_stars": 4.0,
    "avg_food_stars": 4.0,
    "temp_ok_rate": 0.0,
    "odor_ok_rate": 1.0,
    "damage_ok_rate": 1.0,
    "method_success_rate": 0.6666666666666666,
    "total_active_time_s": 907.8690000004135,
    "avg_time_per_order_s": 302.62300000013784,
    "details": [
      {
        "id": 1,
        "duration_s": 226.97100000001956,
        "on_time": true,
        "temp_ok_all": false,
        "odor_ok_all": true,
        "damage_ok_all": true,
        "stars": {
          "overall": 5,
          "time": 5,
          "food": 4,
          "method": 5
        },
        "earnings": 5.301188028116902,
        "bonus_extra": 3.0,
        "paid_total": 8.301188028116902,
        "pickup": "1st road (left)",
        "dropoff": "11th road (left)",
        "allowed_delivery_methods": [],
        "delivery_method": "leave_at_door"
      },
      {
        "id": 15,
        "duration_s": 222.37200000020675,
        "on_time": true,
        "temp_ok_all": false,
        "odor_ok_all": true,
        "damage_ok_all": true,
        "stars": {
          "overall": 5,
          "time": 5,
          "food": 4,
          "method": 5
        },
        "earnings": 7.7912701064165315,
        "bonus_extra": 3.0,
        "paid_total": 10.791270106416532,
        "pickup": "1st road (left)",
        "dropoff": "11th road (left)",
        "allowed_delivery_methods": [],
        "delivery_method": "leave_at_door"
      },
      {
        "id": 22,
        "duration_s": 458.5260000001872,
        "on_time": false,
        "temp_ok_all": false,
        "odor_ok_all": true,
        "damage_ok_all": true,
        "stars": {
          "overall": 2,
          "time": 1,
          "food": 4,
          "method": 1
        },
        "earnings": 1.2588689525806942,
        "bonus_extra": 0.0,
        "paid_total": 0.6294344762903471,
        "pickup": "2nd road (left)",
        "dropoff": "4th road (right)",
        "allowed_delivery_methods": [
          "leave_at_door"
        ],
        "delivery_method": "knock"
      }
    ]
  },
  "activity": {
    "active_time_ratio": 0.5043069472752887,
    "orders_per_hour": 5.999230098803502,
    "avg_order_time_s": 302.62300000013784,
    "mode_time_s": {
      "e-scooter": 484.59000000043306,
      "drag_scooter": 60.7980000001844,
      "walk": 1254.8429999995278
    },
    "mode_time_ratio": {
      "e-scooter": 0.2691821216279433,
      "drag_scooter": 0.03377233255075571,
      "walk": 0.697045545821301
    }
  },
  "interruptions": {
    "scooter_depleted": 1,
    "hospital_rescue": 1,
    "rent_insufficient": 0,
    "charge_insufficient": 0
  },
  "social": {
    "help_posted": 0,
    "help_accepted": 0,
    "help_given": 0,
    "help_received": 0
  },
  "capability_buckets": {
    "high_level_planning": {
      "active_time_ratio": 0.5043069472752887,
      "orders_per_hour": 5.999230098803502,
      "avg_order_time_s": 302.62300000013784,
      "scooter_depleted_events": 1,
      "hospital_rescue_times": 1,
      "rent_insufficient_times": 0,
      "charge_insufficient_times": 0
    },
    "common_sense_reasoning": {
      "temp_ok_rate": 0.0,
      "odor_ok_rate": 1.0,
      "damage_ok_rate": 1.0,
      "method_success_rate": 0.6666666666666666
    },
    "social_reasoning": {
      "help_posted": 0,
      "help_accepted": 0,
      "help_given": 0,
      "help_received": 0,
      "say": 0
    }
  },
  "actions": {
    "view_orders": {
      "attempts": 9,
      "successes": 9,
      "success_rate": 1.0
    },
    "accept_order": {
      "attempts": 3,
      "successes": 3,
      "success_rate": 1.0
    },
    "move_to": {
      "attempts": 18,
      "successes": 16,
      "success_rate": 0.8888888888888888
    },
    "pickup": {
      "attempts": 3,
      "successes": 3,
      "success_rate": 1.0
    },
    "place_food_in_bag": {
      "attempts": 3,
      "successes": 3,
      "success_rate": 1.0
    },
    "drop_off": {
      "attempts": 6,
      "successes": 3,
      "success_rate": 0.5
    },
    "step_forward": {
      "attempts": 2,
      "successes": 2,
      "success_rate": 1.0
    },
    "turn_around": {
      "attempts": 1,
      "successes": 1,
      "success_rate": 1.0
    },
    "wait": {
      "attempts": 1,
      "successes": 1,
      "success_rate": 1.0
    },
    "charge_escooter": {
      "attempts": 1,
      "successes": 1,
      "success_rate": 1.0
    }
  },
  "vlm": {
    "total_calls": 54,
    "successes": 47,
    "parse_failures": 7,
    "retries": 7,
    "success_rate": 0.8703703703703703,
    "parse_success_rate": 0.8703703703703703
  }
}