{
  "meta": {
    "agent_id": "5",
    "model": "meta-llama/llama-3.2-90b-vision-instruct",
    "lifecycle_hours": 2.0,
    "started_sim_s": 52.640999999974156,
    "ended_sim_s": 13762.544999999955,
    "active_elapsed_s": 7200.059999999794,
    "active_hours": 2.0000166666666095,
    "wall_finished_ts": 1758405658.9835684
  },
  "money": {
    "totals": {
      "initial_earnings": 100.0,
      "current_balance": 101.8104059037879,
      "net_growth": 1.8104059037878955,
      "orders_income": 33.810405903787895,
      "help_income": 0.0,
      "expense_total": 32.0,
      "base_wage": 32.310405903787895,
      "bonus": 1.5,
      "help_expense": 0.0,
      "expense_breakdown": {
        "purchases": 12.0,
        "charging": 0.0,
        "rental": 0.0,
        "hospital": 20.0,
        "help_expense": 0.0
      },
      "advances": {
        "out": 0.0,
        "returned": 0.0,
        "net": 0.0
      },
      "observed_agent_balance_end": 101.8104059037879
    },
    "per_hour": {
      "net_growth": 0.9052029518939477,
      "orders_income": 16.905202951893948,
      "help_income": 0.0,
      "expense_total": 16.0,
      "base_wage": 16.155202951893948,
      "bonus": 0.75,
      "initial_earnings": 50.0,
      "current_balance": 50.90520295189395,
      "help_expense": 0.0,
      "observed_agent_balance_end": 50.90520295189395
    },
    "details": {
      "purchases": [
        {
          "ts_sim": 2358.0929999999644,
          "items": "2 x energy_drink",
          "cost": 12.0
        }
      ],
      "charging": [],
      "rental": [],
      "hospital": [
        {
          "ts_sim": 5642.625,
          "fee": 5.0
        },
        {
          "ts_sim": 9050.015999999974,
          "fee": 5.0
        },
        {
          "ts_sim": 11333.294999999955,
          "fee": 5.0
        },
        {
          "ts_sim": 13472.061000000016,
          "fee": 5.0
        }
      ],
      "help_income": [],
      "help_expense": [],
      "advance_out": [],
      "advance_return": []
    }
  },
  "orders": {
    "completed_count": 7,
    "timeout_count": 7,
    "avg_stars": 2.857142857142857,
    "avg_food_stars": 3.0,
    "temp_ok_rate": 0.0,
    "odor_ok_rate": 0.2857142857142857,
    "damage_ok_rate": 1.0,
    "method_success_rate": 0.7142857142857143,
    "total_active_time_s": 27656.345999999583,
    "avg_time_per_order_s": 3950.906571428512,
    "details": [
      {
        "id": 16,
        "duration_s": 1375.0800000000454,
        "on_time": false,
        "temp_ok_all": false,
        "odor_ok_all": false,
        "damage_ok_all": true,
        "stars": {
          "overall": 4,
          "time": 2,
          "food": 4,
          "method": 5
        },
        "earnings": 6.709019407273803,
        "bonus_extra": 1.5,
        "paid_total": 8.209019407273804,
        "pickup": "14th road (right)",
        "dropoff": "28th road (left)",
        "allowed_delivery_methods": [
          "leave_at_door"
        ],
        "delivery_method": "leave_at_door"
      },
      {
        "id": 18,
        "duration_s": 2874.9869999999064,
        "on_time": false,
        "temp_ok_all": false,
        "odor_ok_all": true,
        "damage_ok_all": true,
        "stars": {
          "overall": 2,
          "time": 1,
          "food": 3,
          "method": 1
        },
        "earnings": 4.062406253581803,
        "bonus_extra": 0.0,
        "paid_total": 4.062406253581803,
        "pickup": "28th road (right)",
        "dropoff": "4th road (left)",
        "allowed_delivery_methods": [
          "knock",
          "hand_to_customer"
        ],
        "delivery_method": "leave_at_door"
      },
      {
        "id": 19,
        "duration_s": 3531.5249999998778,
        "on_time": false,
        "temp_ok_all": false,
        "odor_ok_all": true,
        "damage_ok_all": true,
        "stars": {
          "overall": 3,
          "time": 1,
          "food": 3,
          "method": 5
        },
        "earnings": 4.387650564978648,
        "bonus_extra": 0.0,
        "paid_total": 4.387650564978648,
        "pickup": "28th road (right)",
        "dropoff": "8th road (right)",
        "allowed_delivery_methods": [],
        "delivery_method": "leave_at_door"
      },
      {
        "id": 23,
        "duration_s": 3531.5249999998778,
        "on_time": false,
        "temp_ok_all": false,
        "odor_ok_all": false,
        "damage_ok_all": true,
        "stars": {
          "overall": 3,
          "time": 1,
          "food": 2,
          "method": 5
        },
        "earnings": 6.569170948751358,
        "bonus_extra": 0.0,
        "paid_total": 6.569170948751358,
        "pickup": "28th road (right)",
        "dropoff": "8th road (right)",
        "allowed_delivery_methods": [],
        "delivery_method": "call"
      },
      {
        "id": 20,
        "duration_s": 4891.835999999981,
        "on_time": false,
        "temp_ok_all": false,
        "odor_ok_all": false,
        "damage_ok_all": true,
        "stars": {
          "overall": 3,
          "time": 1,
          "food": 3,
          "method": 5
        },
        "earnings": 3.752248463819659,
        "bonus_extra": 0.0,
        "paid_total": 3.752248463819659,
        "pickup": "14th road (right)",
        "dropoff": "3rd road (left)",
        "allowed_delivery_methods": [
          "call"
        ],
        "delivery_method": "call"
      },
      {
        "id": 22,
        "duration_s": 4922.399999999965,
        "on_time": false,
        "temp_ok_all": false,
        "odor_ok_all": false,
        "damage_ok_all": true,
        "stars": {
          "overall": 3,
          "time": 1,
          "food": 2,
          "method": 5
        },
        "earnings": 3.951444468034191,
        "bonus_extra": 0.0,
        "paid_total": 3.951444468034191,
        "pickup": "14th road (right)",
        "dropoff": "3rd road (left)",
        "allowed_delivery_methods": [
          "call"
        ],
        "delivery_method": "call"
      },
      {
        "id": 24,
        "duration_s": 6528.992999999929,
        "on_time": false,
        "temp_ok_all": false,
        "odor_ok_all": false,
        "damage_ok_all": true,
        "stars": {
          "overall": 2,
          "time": 1,
          "food": 4,
          "method": 1
        },
        "earnings": 2.878465797348437,
        "bonus_extra": 0.0,
        "paid_total": 2.878465797348437,
        "pickup": "28th road (right)",
        "dropoff": "10th road (left)",
        "allowed_delivery_methods": [
          "hand_to_customer"
        ],
        "delivery_method": "call"
      }
    ]
  },
  "activity": {
    "active_time_ratio": 3.8411271572737413,
    "orders_per_hour": 3.5,
    "avg_order_time_s": 3950.906571428512,
    "mode_time_s": {
      "e-scooter": 634.7789999999804,
      "walk": 6075.52499999979,
      "drag_scooter": 489.75600000002305
    },
    "mode_time_ratio": {
      "e-scooter": 0.08816301530820557,
      "walk": 0.8438158848676212,
      "drag_scooter": 0.06802109982417329
    }
  },
  "interruptions": {
    "scooter_depleted": 1,
    "hospital_rescue": 4,
    "rent_insufficient": 0,
    "charge_insufficient": 0
  },
  "social": {
    "help_posted": 0,
    "help_accepted": 0,
    "help_given": 0,
    "help_received": 0
  },
  "capability_buckets": {
    "high_level_planning": {
      "active_time_ratio": 3.8411271572737413,
      "orders_per_hour": 3.4999708335764868,
      "avg_order_time_s": 3950.906571428512,
      "scooter_depleted_events": 1,
      "hospital_rescue_times": 4,
      "rent_insufficient_times": 0,
      "charge_insufficient_times": 0
    },
    "common_sense_reasoning": {
      "temp_ok_rate": 0.0,
      "odor_ok_rate": 0.2857142857142857,
      "damage_ok_rate": 1.0,
      "method_success_rate": 0.7142857142857143
    },
    "social_reasoning": {
      "help_posted": 0,
      "help_accepted": 0,
      "help_given": 0,
      "help_received": 0,
      "say": 0
    }
  },