{
  "meta": {
    "agent_id": "5",
    "model": "gpt-4o",
    "lifecycle_hours": 2.0,
    "started_sim_s": 59.95499999995809,
    "ended_sim_s": 15045.188999999984,
    "active_elapsed_s": 7200.758999999991,
    "active_hours": 2.000210833333331,
    "wall_finished_ts": 1758438238.266499
  },
  "money": {
    "totals": {
      "initial_earnings": 100.0,
      "current_balance": 95.72334508385174,
      "net_growth": -4.27665491614826,
      "orders_income": 26.723345083851743,
      "help_income": 0.0,
      "expense_total": 31.000000000000004,
      "base_wage": 23.723345083851743,
      "bonus": 3.0,
      "help_expense": 0.0,
      "expense_breakdown": {
        "purchases": 6.0,
        "charging": 10.000000000000004,
        "rental": 0.0,
        "hospital": 15.0,
        "help_expense": 0.0
      },
      "advances": {
        "out": 0.0,
        "returned": 0.0,
        "net": 0.0
      },
      "observed_agent_balance_end": 95.72334508385174
    },
    "per_hour": {
      "net_growth": -2.138102066481291,
      "orders_income": 13.360264147413682,
      "help_income": 0.0,
      "expense_total": 15.498366213894974,
      "base_wage": 11.860422255746427,
      "bonus": 1.4998418916672553,
      "initial_earnings": 49.99472972224184,
      "current_balance": 47.856627655760555,
      "help_expense": 0.0,
      "observed_agent_balance_end": 47.856627655760555
    },
    "details": {
      "purchases": [
        {
          "ts_sim": 6271.5,
          "items": "1 x energy_drink",
          "cost": 6.0
        }
      ],
      "charging": [
        {
          "ts_sim": 2841.140999999974,
          "which": "own",
          "req_id": null,
          "delta_pct": 100.0,
          "cost": 5.000000000000003,
          "start_ts": 2234.7210000000196,
          "end_ts": 2841.140999999974,
          "reason": "finished",
          "aggregated": true,
          "target_pct": 100.0
        },
        {
          "ts_sim": 13011.938999999984,
          "which": "own",
          "req_id": null,
          "delta_pct": 100.0,
          "cost": 5.0,
          "start_ts": 9940.688999999984,
          "end_ts": 13011.938999999984,
          "reason": "finished",
          "aggregated": true,
          "target_pct": 100.0
        }
      ],
      "rental": [],
      "hospital": [
        {
          "ts_sim": 2761.313999999984,
          "fee": 5.0
        },
        {
          "ts_sim": 7875.515999999974,
          "fee": 5.0
        },
        {
          "ts_sim": 13086.890999999974,
          "fee": 5.0
        }
      ],
      "help_income": [],
      "help_expense": [],
      "advance_out": [],
      "advance_return": []
    }
  },
  "orders": {
    "completed_count": 4,
    "timeout_count": 3,
    "avg_stars": 3.5,
    "avg_food_stars": 3.5,
    "temp_ok_rate": 0.25,
    "odor_ok_rate": 0.75,
    "damage_ok_rate": 1.0,
    "method_success_rate": 1.0,
    "total_active_time_s": 13488.332999999839,
    "avg_time_per_order_s": 3372.0832499999597,
    "details": [
      {
        "id": 11,
        "duration_s": 695.5830000000133,
        "on_time": true,
        "temp_ok_all": true,
        "odor_ok_all": true,
        "damage_ok_all": true,
        "stars": {
          "overall": 5,
          "time": 5,
          "food": 5,
          "method": 5
        },
        "earnings": 11.28223112169236,
        "bonus_extra": 3.0,
        "paid_total": 14.28223112169236,
        "pickup": "6th road (left)",
        "dropoff": "25th road (left)",
        "allowed_delivery_methods": [],
        "delivery_method": "leave_at_door"
      },
      {
        "id": 2,
        "duration_s": 3292.4069999999483,
        "on_time": false,
        "temp_ok_all": false,
        "odor_ok_all": true,
        "damage_ok_all": true,
        "stars": {
          "overall": 3,
          "time": 1,
          "food": 3,
          "method": 5
        },
        "earnings": 6.650192544588542,
        "bonus_extra": 0.0,
        "paid_total": 6.650192544588542,
        "pickup": "29th road (right)",
        "dropoff": "16th road (right)",
        "allowed_delivery_methods": [],
        "delivery_method": "leave_at_door"
      },
      {
        "id": 8,
        "duration_s": 4582.7339999999385,
        "on_time": false,
        "temp_ok_all": false,
        "odor_ok_all": false,
        "damage_ok_all": true,
        "stars": {
          "overall": 3,
          "time": 1,
          "food": 3,
          "method": 5
        },
        "earnings": 4.235617740520622,
        "bonus_extra": 0.0,
        "paid_total": 4.235617740520622,
        "pickup": "29th road (right)",
        "dropoff": "9th road (right)",
        "allowed_delivery_methods": [],
        "delivery_method": "leave_at_door"
      },
      {
        "id": 18,
        "duration_s": 4917.6089999999385,
        "on_time": false,
        "temp_ok_all": false,
        "odor_ok_all": true,
        "damage_ok_all": true,
        "stars": {
          "overall": 3,
          "time": 1,
          "food": 3,
          "method": 5
        },
        "earnings": 1.555303677050215,
        "bonus_extra": 0.0,
        "paid_total": 1.555303677050215,
        "pickup": "29th road (right)",
        "dropoff": "17th road (right)",
        "allowed_delivery_methods": [],
        "delivery_method": "leave_at_door"
      }
    ]
  },
  "activity": {
    "active_time_ratio": 1.8731821187182984,
    "orders_per_hour": 1.9997891888896737,
    "avg_order_time_s": 3372.0832499999597,
    "mode_time_s": {
      "e-scooter": 1809.6629999999714,
      "drag_scooter": 1811.5770000000775,
      "walk": 3579.518999999942
    },
    "mode_time_ratio": {
      "e-scooter": 0.25131559048149976,
      "drag_scooter": 0.25158139579453775,
      "walk": 0.4971030137239625
    }
  },
  "interruptions": {
    "scooter_depleted": 2,
    "hospital_rescue": 3,
    "rent_insufficient": 0,
    "charge_insufficient": 0
  },
  "social": {
    "help_posted": 0,
    "help_accepted": 0,
    "help_given": 0,
    "help_received": 0
  },
  "capability_buckets": {
    "high_level_planning": {
      "active_time_ratio": 1.8731821187182984,
      "orders_per_hour": 1.9997891888896737,
      "avg_order_time_s": 3372.0832499999597,
      "scooter_depleted_events": 2,
      "hospital_rescue_times": 3,
      "rent_insufficient_times": 0,
      "charge_insufficient_times": 0
    },
    "common_sense_reasoning": {
      "temp_ok_rate": 0.25,
      "odor_ok_rate": 0.75,
      "damage_ok_rate": 1.0,
      "method_success_rate": 1.0
    },
    "social_reasoning": {
      "help_posted": 0,
      "help_accepted": 0,
      "help_given": 0,
      "help_received": 0,
      "say": 0
    }
  },
  "actions": {
    "view_orders": {
      "attempts": 24,
      "successes": 24,
      "success_rate": 1.0
    },
    "accept_order": {
      "attempts": 5,
      "successes": 3,
      "success_rate": 0.6
    },
    "wait": {
      "attempts": 6,
      "successes": 5,
      "success_rate": 0.8333333333333334
    },
    "move_to": {
      "attempts": 21,
      "successes": 14,
      "success_rate": 0.6666666666666666
    },
    "pickup": {
      "attempts": 2,
      "successes": 2,
      "success_rate": 1.0
    },
    "place_food_in_bag": {
      "attempts": 2,
      "successes": 2,
      "success_rate": 1.0
    },
    "drop_off": {
      "attempts": 4,
      "successes": 4,
      "success_rate": 1.0
    },
    "charge_escooter": {
      "attempts": 2,
      "successes": 2,
      "success_rate": 1.0
    },
    "switch_transport": {
      "attempts": 1,
      "successes": 1,
      "success_rate": 1.0
    },
    "rest": {
      "attempts": 39,
      "successes": 0,
      "success_rate": 0.0
    },
    "buy": {
      "attempts": 7,
      "successes": 1,
      "success_rate": 0.14285714285714285
    },
    "use_energy_drink": {
      "attempts": 7,
      "successes": 1,
      "success_rate": 0.14285714285714285
    }
  },
  "vlm": {
    "total_calls": 120,
    "successes": 120,
    "parse_failures": 0,