{
  "meta": {
    "agent_id": "1",
    "model": "gpt-4o",
    "lifecycle_hours": 2.0,
    "started_sim_s": 57.47100000001956,
    "ended_sim_s": 8431.92300000001,
    "active_elapsed_s": 7208.349000000075,
    "active_hours": 2.0023191666666875,
    "wall_finished_ts": 1758436033.8623114
  },
  "money": {
    "totals": {
      "initial_earnings": 100.0,
      "current_balance": 85.70997951806132,
      "net_growth": -14.290020481938683,
      "orders_income": 5.709979518061316,
      "help_income": 0.0,
      "expense_total": 20.0,
      "base_wage": 4.209979518061316,
      "bonus": 1.5,
      "help_expense": 0.0,
      "expense_breakdown": {
        "purchases": 0.0,
        "charging": 0.0,
        "rental": 0.0,
        "hospital": 20.0,
        "help_expense": 0.0
      },
      "advances": {
        "out": 0.0,
        "returned": 0.0,
        "net": 0.0
      },
      "observed_agent_balance_end": 85.70997951806132
    },
    "per_hour": {
      "net_growth": -7.1367346024698195,
      "orders_income": 2.8516829949577254,
      "help_income": 0.0,
      "expense_total": 9.988417597427546,
      "base_wage": 2.1025516751506594,
      "bonus": 0.7491313198070659,
      "initial_earnings": 49.942087987137725,
      "current_balance": 42.80535338466791,
      "help_expense": 0.0,
      "observed_agent_balance_end": 42.80535338466791
    },
    "details": {
      "purchases": [],
      "charging": [],
      "rental": [],
      "hospital": [
        {
          "ts_sim": 2155.079999999958,
          "fee": 5.0
        },
        {
          "ts_sim": 3781.17300000001,
          "fee": 5.0
        },
        {
          "ts_sim": 5412.329999999958,
          "fee": 5.0
        },
        {
          "ts_sim": 7154.063999999984,
          "fee": 5.0
        }
      ],
      "help_income": [],
      "help_expense": [],
      "advance_out": [],
      "advance_return": []
    }
  },
  "orders": {
    "completed_count": 1,
    "timeout_count": 0,
    "avg_stars": 4.0,
    "avg_food_stars": 4.0,
    "temp_ok_rate": 0.0,
    "odor_ok_rate": 1.0,
    "damage_ok_rate": 1.0,
    "method_success_rate": 1.0,
    "total_active_time_s": 473.95200000007753,
    "avg_time_per_order_s": 473.95200000007753,
    "details": [
      {
        "id": 6,
        "duration_s": 473.95200000007753,
        "on_time": true,
        "temp_ok_all": false,
        "odor_ok_all": true,
        "damage_ok_all": true,
        "stars": {
          "overall": 4,
          "time": 4,
          "food": 4,
          "method": 5
        },
        "earnings": 4.209979518061316,
        "bonus_extra": 1.5,
        "paid_total": 5.709979518061316,
        "pickup": "8th road (right)",
        "dropoff": "4th road (right)",
        "allowed_delivery_methods": [],
        "delivery_method": "leave_at_door"
      }
    ]
  },
  "activity": {
    "active_time_ratio": 0.06575042357134382,
    "orders_per_hour": 0.4994208798713773,
    "avg_order_time_s": 473.95200000007753,
    "mode_time_s": {
      "e-scooter": 733.5930000000517,
      "drag_scooter": 6474.756000000023
    },
    "mode_time_ratio": {
      "e-scooter": 0.10176990597986364,
      "drag_scooter": 0.8982300940201363
    }
  },
  "interruptions": {
    "scooter_depleted": 1,
    "hospital_rescue": 4,
    "rent_insufficient": 0,
    "charge_insufficient": 0
  },
  "social": {
    "help_posted": 0,
    "help_accepted": 0,
    "help_given": 0,
    "help_received": 0
  },
  "capability_buckets": {
    "high_level_planning": {
      "active_time_ratio": 0.06575042357134382,
      "orders_per_hour": 0.4994208798713773,
      "avg_order_time_s": 473.95200000007753,
      "scooter_depleted_events": 1,
      "hospital_rescue_times": 4,
      "rent_insufficient_times": 0,
      "charge_insufficient_times": 0
    },
    "common_sense_reasoning": {
      "temp_ok_rate": 0.0,
      "odor_ok_rate": 1.0,
      "damage_ok_rate": 1.0,
      "method_success_rate": 1.0
    },
    "social_reasoning": {
      "help_posted": 0,
      "help_accepted": 0,
      "help_given": 0,
      "help_received": 0,
      "say": 0
    }
  },
  "actions": {
    "view_orders": {
      "attempts": 1,
      "successes": 1,
      "success_rate": 1.0
    },
    "accept_order": {
      "attempts": 1,
      "successes": 1,
      "success_rate": 1.0
    },
    "wait": {
      "attempts": 1,
      "successes": 1,
      "success_rate": 1.0
    },
    "move_to": {
      "attempts": 9,
      "successes": 3,
      "success_rate": 0.3333333333333333
    },
    "pickup": {
      "attempts": 2,
      "successes": 2,
      "success_rate": 1.0
    },
    "place_food_in_bag": {
      "attempts": 2,
      "successes": 2,
      "success_rate": 1.0
    },
    "drop_off": {
      "attempts": 1,
      "successes": 1,
      "success_rate": 1.0
    }
  },
  "vlm": {
    "total_calls": 17,
    "successes": 17,
    "parse_failures": 0,
    "retries": 0,
    "success_rate": 1.0,
    "parse_success_rate": 1.0
  }
}