{
  "meta": {
    "agent_id": "3",
    "model": "openai/gpt-5",
    "lifecycle_hours": 2.0,
    "started_sim_s": 34.830000000001746,
    "ended_sim_s": 11191.125,
    "active_elapsed_s": 7203.746999999978,
    "active_hours": 2.001040833333327,
    "wall_finished_ts": 1758635843.4381366
  },
  "money": {
    "totals": {
      "initial_earnings": 100.0,
      "current_balance": 115.30222991374708,
      "net_growth": 15.302229913747084,
      "orders_income": 35.30222991374708,
      "help_income": 0.0,
      "expense_total": 20.0,
      "base_wage": 29.302229913747077,
      "bonus": 6.0,
      "help_expense": 0.0,
      "expense_breakdown": {
        "purchases": 0.0,
        "charging": 0.0,
        "rental": 0.0,
        "hospital": 20.0,
        "help_expense": 0.0
      },
      "advances": {
        "out": 0.0,
        "returned": 0.0,
        "net": 0.0
      },
      "observed_agent_balance_end": 115.30222991374708
    },
    "per_hour": {
      "net_growth": 7.647135260231887,
      "orders_income": 17.64193380049159,
      "help_income": 0.0,
      "expense_total": 9.994798540259705,
      "base_wage": 14.643494238413677,
      "bonus": 2.9984395620779116,
      "initial_earnings": 49.97399270129853,
      "current_balance": 57.62112796153041,
      "help_expense": 0.0,
      "observed_agent_balance_end": 57.62112796153041
    },
    "details": {
      "purchases": [],
      "charging": [],
      "rental": [],
      "hospital": [
        {
          "ts_sim": 2445.2370000000046,
          "fee": 5.0
        },
        {
          "ts_sim": 4994.346000000009,
          "fee": 5.0
        },
        {
          "ts_sim": 6837.375,
          "fee": 5.0
        },
        {
          "ts_sim": 9940.221000000009,
          "fee": 5.0
        }
      ],
      "help_income": [],
      "help_expense": [],
      "advance_out": [],
      "advance_return": []
    }
  },
  "orders": {
    "completed_count": 8,
    "timeout_count": 5,
    "avg_stars": 3.5,
    "avg_food_stars": 3.625,
    "temp_ok_rate": 0.25,
    "odor_ok_rate": 0.625,
    "damage_ok_rate": 1.0,
    "method_success_rate": 0.875,
    "total_active_time_s": 9715.400999999958,
    "avg_time_per_order_s": 1214.4251249999948,
    "details": [
      {
        "id": 15,
        "duration_s": 199.07699999999022,
        "on_time": true,
        "temp_ok_all": true,
        "odor_ok_all": true,
        "damage_ok_all": true,
        "stars": {
          "overall": 5,
          "time": 5,
          "food": 4,
          "method": 5
        },
        "earnings": 6.180436909888773,
        "bonus_extra": 3.0,
        "paid_total": 9.180436909888773,
        "pickup": "2nd road (right)",
        "dropoff": "4th road (left)",
        "allowed_delivery_methods": [
          "call"
        ],
        "delivery_method": "call"
      },
      {
        "id": 20,
        "duration_s": 431.38799999998446,
        "on_time": true,
        "temp_ok_all": true,
        "odor_ok_all": true,
        "damage_ok_all": true,
        "stars": {
          "overall": 5,
          "time": 5,
          "food": 4,
          "method": 5
        },
        "earnings": 8.125935221531956,
        "bonus_extra": 3.0,
        "paid_total": 11.125935221531956,
        "pickup": "2nd road (right)",
        "dropoff": "6th road (right)",
        "allowed_delivery_methods": [],
        "delivery_method": "knock"
      },
      {
        "id": 4,
        "duration_s": 1014.3749999999891,
        "on_time": false,
        "temp_ok_all": false,
        "odor_ok_all": false,
        "damage_ok_all": true,
        "stars": {
          "overall": 3,
          "time": 1,
          "food": 3,
          "method": 5
        },
        "earnings": 2.7327678362245886,
        "bonus_extra": 0.0,
        "paid_total": 2.7327678362245886,
        "pickup": "2nd road (right)",
        "dropoff": "7th road (right)",
        "allowed_delivery_methods": [
          "knock"
        ],
        "delivery_method": "knock"
      },
      {
        "id": 18,
        "duration_s": 2510.9039999999914,
        "on_time": false,
        "temp_ok_all": false,
        "odor_ok_all": false,
        "damage_ok_all": true,
        "stars": {
          "overall": 3,
          "time": 1,
          "food": 3,
          "method": 5
        },
        "earnings": 3.1538148689697354,
        "bonus_extra": 0.0,
        "paid_total": 3.1538148689697354,
        "pickup": "2nd road (right)",
        "dropoff": "9th road (right)",
        "allowed_delivery_methods": [],
        "delivery_method": "leave_at_door"
      },
      {
        "id": 59,
        "duration_s": 417.5160000000069,
        "on_time": true,
        "temp_ok_all": false,
        "odor_ok_all": true,
        "damage_ok_all": true,
        "stars": {
          "overall": 3,
          "time": 3,
          "food": 4,
          "method": 1
        },
        "earnings": 3.565661213720966,
        "bonus_extra": 0.0,
        "paid_total": 3.565661213720966,
        "pickup": "9th road (right)",
        "dropoff": "12th road (left)",
        "allowed_delivery_methods": [
          "hand_to_customer"
        ],
        "delivery_method": "knock"
      },
      {
        "id": 62,
        "duration_s": 1780.5929999999971,
        "on_time": false,
        "temp_ok_all": false,
        "odor_ok_all": true,
        "damage_ok_all": true,
        "stars": {
          "overall": 3,
          "time": 1,
          "food": 3,
          "method": 5
        },
        "earnings": 1.3521748431941896,
        "bonus_extra": 0.0,
        "paid_total": 1.3521748431941896,
        "pickup": "9th road (right)",
        "dropoff": "6th road (right)",
        "allowed_delivery_methods": [],
        "delivery_method": "leave_at_door"
      },
      {
        "id": 53,
        "duration_s": 3035.6699999999983,
        "on_time": false,
        "temp_ok_all": false,
        "odor_ok_all": false,
        "damage_ok_all": true,
        "stars": {
          "overall": 3,
          "time": 1,
          "food": 4,
          "method": 5
        },
        "earnings": 3.4630568502374075,
        "bonus_extra": 0.0,
        "paid_total": 3.4630568502374075,
        "pickup": "9th road (right)",
        "dropoff": "2nd road (left)",
        "allowed_delivery_methods": [],
        "delivery_method": "leave_at_door"
      },
      {
        "id": 77,
        "duration_s": 325.8780000000006,
        "on_time": false,
        "temp_ok_all": false,
        "odor_ok_all": true,
        "damage_ok_all": true,
        "stars": {
          "overall": 3,
          "time": 1,
          "food": 4,
          "method": 5
        },
        "earnings": 0.7283821699794643,
        "bonus_extra": 0.0,
        "paid_total": 0.7283821699794643,
        "pickup": "2nd road (right)",
        "dropoff": "2nd road (left)",
        "allowed_delivery_methods": [],
        "delivery_method": "leave_at_door"
      }
    ]
  },
  "activity": {
    "active_time_ratio": 1.348659385178295,
    "orders_per_hour": 3.997919416103882,
    "avg_order_time_s": 1214.4251249999948,
    "mode_time_s": {
      "e-scooter": 615.7949999999873,
      "drag_scooter": 1932.984000000015,
      "walk": 4654.967999999975
    },
    "mode_time_ratio": {
      "e-scooter": 0.08548259676526525,
      "drag_scooter": 0.26833035641035435,
      "walk": 0.6461870468243804
    }
  },
  "interruptions": {
    "scooter_depleted": 1,
    "hospital_rescue": 4,
    "rent_insufficient": 0,
    "charge_insufficient": 0
  },
  "social": {
    "help_posted": 0,
    "help_accepted": 0,
    "help_given": 0,
    "help_received": 0
  },
  "capability_buckets": {
    "high_level_planning": {
      "active_time_ratio": 1.348659385178295,
      "orders_per_hour": 3.997919416103882,
      "avg_order_time_s": 1214.4251249999948,
      "scooter_depleted_events": 1,
      "hospital_rescue_times": 4,
      "rent_insufficient_times": 0,
      "charge_insufficient_times": 0
    },