{
  "meta": {
    "agent_id": "7",
    "model": "openai/gpt-5",
    "lifecycle_hours": 2.0,
    "started_sim_s": 17.811000000103377,
    "ended_sim_s": 12772.5,
    "active_elapsed_s": 6082.9320000007865,
    "active_hours": 1.6897033333335518,
    "wall_finished_ts": 1758606903.4360473
  },
  "money": {
    "totals": {
      "initial_earnings": 100.0,
      "current_balance": 146.41488739240032,
      "net_growth": 46.41488739240032,
      "orders_income": 64.09146239239712,
      "help_income": 0.0,
      "expense_total": 17.67657500000051,
      "base_wage": 46.09146239239712,
      "bonus": 18.0,
      "help_expense": 0.0,
      "expense_breakdown": {
        "purchases": 0.0,
        "charging": 7.676575000000512,
        "rental": 0.0,
        "hospital": 10.0,
        "help_expense": 0.0
      },
      "advances": {
        "out": 0.0,
        "returned": 0.0,
        "net": 0.0
      },
      "observed_agent_balance_end": 146.41488739240032
    },
    "per_hour": {
      "net_growth": 23.20744369620016,
      "orders_income": 32.04573119619856,
      "help_income": 0.0,
      "expense_total": 8.838287500000256,
      "base_wage": 23.04573119619856,
      "bonus": 9.0,
      "initial_earnings": 50.0,
      "current_balance": 73.20744369620016,
      "help_expense": 0.0,
      "observed_agent_balance_end": 73.20744369620016
    },
    "details": {
      "purchases": [],
      "charging": [
        {
          "ts_sim": 12772.5,
          "which": "own",
          "req_id": null,
          "delta_pct": 153.53150000001187,
          "cost": 7.676575000000512,
          "start_ts": 5559.936000000103,
          "end_ts": 12772.5,
          "reason": "lifecycle_end",
          "aggregated": true,
          "target_pct": null
        }
      ],
      "rental": [],
      "hospital": [
        {
          "ts_sim": 3786.1410000000615,
          "fee": 5.0
        },
        {
          "ts_sim": 8295.0,
          "fee": 5.0
        }
      ],
      "help_income": [],
      "help_expense": [],
      "advance_out": [],
      "advance_return": []
    }
  },
  "orders": {
    "completed_count": 20,
    "timeout_count": 13,
    "avg_stars": 3.55,
    "avg_food_stars": 4.1,
    "temp_ok_rate": 0.35,
    "odor_ok_rate": 0.95,
    "damage_ok_rate": 1.0,
    "method_success_rate": 0.85,
    "total_active_time_s": 11699.841000002401,
    "avg_time_per_order_s": 584.9920500001201,
    "details": [
      {
        "id": 20,
        "duration_s": 252.84600000001956,
        "on_time": true,
        "temp_ok_all": false,
        "odor_ok_all": true,
        "damage_ok_all": true,
        "stars": {
          "overall": 4,
          "time": 3,
          "food": 4,
          "method": 5
        },
        "earnings": 1.9749248321510815,
        "bonus_extra": 1.5,
        "paid_total": 3.4749248321510815,
        "pickup": "14th road (right)",
        "dropoff": "3rd road (left)",
        "allowed_delivery_methods": [],
        "delivery_method": "leave_at_door"
      },
      {
        "id": 24,
        "duration_s": 485.4900000002235,
        "on_time": false,
        "temp_ok_all": false,
        "odor_ok_all": true,
        "damage_ok_all": true,
        "stars": {
          "overall": 3,
          "time": 1,
          "food": 4,
          "method": 5
        },
        "earnings": 1.4784243459230066,
        "bonus_extra": 0.0,
        "paid_total": 1.4784243459230066,
        "pickup": "14th road (right)",
        "dropoff": "3rd road (left)",
        "allowed_delivery_methods": [],
        "delivery_method": "leave_at_door"
      },
      {
        "id": 16,
        "duration_s": 348.19200000021374,
        "on_time": true,
        "temp_ok_all": false,
        "odor_ok_all": true,
        "damage_ok_all": true,
        "stars": {
          "overall": 4,
          "time": 3,
          "food": 4,
          "method": 5
        },
        "earnings": 4.844936408044308,
        "bonus_extra": 1.5,
        "paid_total": 6.344936408044308,
        "pickup": "4th road (left)",
        "dropoff": "6th road (left)",
        "allowed_delivery_methods": [],
        "delivery_method": "leave_at_door"
      },
      {
        "id": 25,
        "duration_s": 456.3300000001327,
        "on_time": true,
        "temp_ok_all": false,
        "odor_ok_all": true,
        "damage_ok_all": true,
        "stars": {
          "overall": 3,
          "time": 3,
          "food": 4,
          "method": 1
        },
        "earnings": 4.0314374498872425,
        "bonus_extra": 0.0,
        "paid_total": 4.0314374498872425,
        "pickup": "14th road (right)",
        "dropoff": "4th road (left)",
        "allowed_delivery_methods": [
          "hand_to_customer"
        ],
        "delivery_method": "knock"
      },
      {
        "id": 29,
        "duration_s": 615.006000000285,
        "on_time": false,
        "temp_ok_all": false,
        "odor_ok_all": false,
        "damage_ok_all": true,
        "stars": {
          "overall": 3,
          "time": 1,
          "food": 4,
          "method": 5
        },
        "earnings": 2.363289074262336,
        "bonus_extra": 0.0,
        "paid_total": 2.363289074262336,
        "pickup": "4th road (left)",
        "dropoff": "1st road (right)",
        "allowed_delivery_methods": [
          "knock"
        ],
        "delivery_method": "knock"
      },
      {
        "id": 39,
        "duration_s": 1532.6729999998352,
        "on_time": false,
        "temp_ok_all": false,
        "odor_ok_all": true,
        "damage_ok_all": true,
        "stars": {
          "overall": 3,
          "time": 1,
          "food": 4,
          "method": 5
        },
        "earnings": 0.25160450933286677,
        "bonus_extra": 0.0,
        "paid_total": 0.25160450933286677,
        "pickup": "7th road (right)",
        "dropoff": "7th road (right)",
        "allowed_delivery_methods": [],
        "delivery_method": "leave_at_door"
      },
      {
        "id": 46,
        "duration_s": 1690.829999999958,
        "on_time": false,
        "temp_ok_all": false,
        "odor_ok_all": true,
        "damage_ok_all": true,
        "stars": {
          "overall": 3,
          "time": 1,
          "food": 3,
          "method": 5
        },
        "earnings": 0.879824457219462,
        "bonus_extra": 0.0,
        "paid_total": 0.879824457219462,
        "pickup": "7th road (right)",
        "dropoff": "11th road (left)",
        "allowed_delivery_methods": [],
        "delivery_method": "leave_at_door"
      },
      {
        "id": 72,
        "duration_s": 575.1090000002878,
        "on_time": false,
        "temp_ok_all": true,
        "odor_ok_all": true,
        "damage_ok_all": true,
        "stars": {
          "overall": 4,
          "time": 1,
          "food": 5,
          "method": 5
        },
        "earnings": 0.24363314482890533,
        "bonus_extra": 1.5,
        "paid_total": 1.7436331448289053,
        "pickup": "7th road (right)",
        "dropoff": "7th road (right)",
        "allowed_delivery_methods": [],
        "delivery_method": "leave_at_door"
      },
      {
        "id": 70,
        "duration_s": 619.4070000002976,
        "on_time": false,
        "temp_ok_all": false,
        "odor_ok_all": true,
        "damage_ok_all": true,
        "stars": {
          "overall": 2,
          "time": 1,
          "food": 4,
          "method": 1
        },
        "earnings": 1.0356446886470216,
        "bonus_extra": 0.0,
        "paid_total": 1.0356446886470216,
        "pickup": "7th road (right)",
        "dropoff": "6th road (right)",
        "allowed_delivery_methods": [
          "knock",
          "hand_to_customer"
        ],
        "delivery_method": "call"
      },
      {
        "id": 76,
        "duration_s": 666.7050000003073,
        "on_time": false,
        "temp_ok_all": false,
        "odor_ok_all": true,
        "damage_ok_all": true,
        "stars": {
          "overall": 3,
          "time": 1,