{
  "meta": {
    "agent_id": "6",
    "model": "openai/gpt-5",
    "lifecycle_hours": 2.0,
    "started_sim_s": 17.625,
    "ended_sim_s": 11407.968000000052,
    "active_elapsed_s": 7200.876000000222,
    "active_hours": 2.000243333333395,
    "wall_finished_ts": 1758606448.5859876
  },
  "money": {
    "totals": {
      "initial_earnings": 100.0,
      "current_balance": 134.893462908425,
      "net_growth": 34.89346290842499,
      "orders_income": 58.51298790842339,
      "help_income": 0.0,
      "expense_total": 23.619524999998976,
      "base_wage": 42.01298790842339,
      "bonus": 16.5,
      "help_expense": 0.0,
      "expense_breakdown": {
        "purchases": 0.0,
        "charging": 3.619524999998975,
        "rental": 0.0,
        "hospital": 20.0,
        "help_expense": 0.0
      },
      "advances": {
        "out": 0.0,
        "returned": 0.0,
        "net": 0.0
      },
      "observed_agent_balance_end": 134.893462908425
    },
    "per_hour": {
      "net_growth": 17.446731454212497,
      "orders_income": 29.256493954211695,
      "help_income": 0.0,
      "expense_total": 11.809762499999488,
      "base_wage": 21.006493954211695,
      "bonus": 8.25,
      "initial_earnings": 50.0,
      "current_balance": 67.4467314542125,
      "help_expense": 0.0,
      "observed_agent_balance_end": 67.4467314542125
    },
    "details": {
      "purchases": [],
      "charging": [
        {
          "ts_sim": 11407.968000000052,
          "which": "own",
          "req_id": null,
          "delta_pct": 72.39049999997951,
          "cost": 3.619524999998975,
          "start_ts": 1753.3590000001132,
          "end_ts": 11407.968000000052,
          "reason": "lifecycle_end",
          "aggregated": true,
          "target_pct": null
        }
      ],
      "rental": [],
      "hospital": [
        {
          "ts_sim": 4595.718000000052,
          "fee": 5.0
        },
        {
          "ts_sim": 7156.77899999998,
          "fee": 5.0
        },
        {
          "ts_sim": 9372.936000000103,
          "fee": 5.0
        },
        {
          "ts_sim": 11124.234000000113,
          "fee": 5.0
        }
      ],
      "help_income": [],
      "help_expense": [],
      "advance_out": [],
      "advance_return": []
    }
  },
  "orders": {
    "completed_count": 12,
    "timeout_count": 6,
    "avg_stars": 3.9166666666666665,
    "avg_food_stars": 3.9166666666666665,
    "temp_ok_rate": 0.16666666666666666,
    "odor_ok_rate": 0.9166666666666666,
    "damage_ok_rate": 1.0,
    "method_success_rate": 0.9166666666666666,
    "total_active_time_s": 8868.780000001076,
    "avg_time_per_order_s": 739.0650000000896,
    "details": [
      {
        "id": 1,
        "duration_s": 193.6380000000936,
        "on_time": true,
        "temp_ok_all": false,
        "odor_ok_all": true,
        "damage_ok_all": true,
        "stars": {
          "overall": 5,
          "time": 5,
          "food": 4,
          "method": 5
        },
        "earnings": 4.280100406010516,
        "bonus_extra": 3.0,
        "paid_total": 7.280100406010516,
        "pickup": "4th road (left)",
        "dropoff": "1st road (right)",
        "allowed_delivery_methods": [],
        "delivery_method": "call"
      },
      {
        "id": 0,
        "duration_s": 369.27900000015507,
        "on_time": true,
        "temp_ok_all": false,
        "odor_ok_all": true,
        "damage_ok_all": true,
        "stars": {
          "overall": 5,
          "time": 5,
          "food": 4,
          "method": 5
        },
        "earnings": 5.56193752404164,
        "bonus_extra": 3.0,
        "paid_total": 8.561937524041639,
        "pickup": "4th road (left)",
        "dropoff": "1st road (right)",
        "allowed_delivery_methods": [
          "call"
        ],
        "delivery_method": "call"
      },
      {
        "id": 23,
        "duration_s": 567.8910000002361,
        "on_time": true,
        "temp_ok_all": false,
        "odor_ok_all": true,
        "damage_ok_all": true,
        "stars": {
          "overall": 5,
          "time": 5,
          "food": 4,
          "method": 5
        },
        "earnings": 6.788274499153637,
        "bonus_extra": 3.0,
        "paid_total": 9.788274499153637,
        "pickup": "4th road (left)",
        "dropoff": "1st road (right)",
        "allowed_delivery_methods": [
          "call"
        ],
        "delivery_method": "call"
      },
      {
        "id": 26,
        "duration_s": 1281.5160000000615,
        "on_time": false,
        "temp_ok_all": false,
        "odor_ok_all": true,
        "damage_ok_all": true,
        "stars": {
          "overall": 3,
          "time": 1,
          "food": 4,
          "method": 5
        },
        "earnings": 3.277133435196215,
        "bonus_extra": 0.0,
        "paid_total": 3.277133435196215,
        "pickup": "4th road (left)",
        "dropoff": "1st road (right)",
        "allowed_delivery_methods": [
          "leave_at_door"
        ],
        "delivery_method": "leave_at_door"
      },
      {
        "id": 21,
        "duration_s": 1301.3910000000615,
        "on_time": false,
        "temp_ok_all": false,
        "odor_ok_all": false,
        "damage_ok_all": true,
        "stars": {
          "overall": 3,
          "time": 1,
          "food": 3,
          "method": 5
        },
        "earnings": 2.816835630102,
        "bonus_extra": 0.0,
        "paid_total": 2.816835630102,
        "pickup": "4th road (left)",
        "dropoff": "1st road (left)",
        "allowed_delivery_methods": [
          "call"
        ],
        "delivery_method": "call"
      },
      {
        "id": 56,
        "duration_s": 259.9230000001844,
        "on_time": true,
        "temp_ok_all": false,
        "odor_ok_all": true,
        "damage_ok_all": true,
        "stars": {
          "overall": 3,
          "time": 5,
          "food": 4,
          "method": 1
        },
        "earnings": 2.626752094355187,
        "bonus_extra": 0.0,
        "paid_total": 2.626752094355187,
        "pickup": "14th road (right)",
        "dropoff": "9th road (right)",
        "allowed_delivery_methods": [
          "hand_to_customer"
        ],
        "delivery_method": "knock"
      },
      {
        "id": 55,
        "duration_s": 305.6730000001844,
        "on_time": true,
        "temp_ok_all": true,
        "odor_ok_all": true,
        "damage_ok_all": true,
        "stars": {
          "overall": 5,
          "time": 5,
          "food": 5,
          "method": 5
        },
        "earnings": 5.205781330735764,
        "bonus_extra": 3.0,
        "paid_total": 8.205781330735764,
        "pickup": "14th road (right)",
        "dropoff": "8th road (right)",
        "allowed_delivery_methods": [],
        "delivery_method": "leave_at_door"
      },
      {
        "id": 49,
        "duration_s": 541.0800000001327,
        "on_time": true,
        "temp_ok_all": false,
        "odor_ok_all": true,
        "damage_ok_all": true,
        "stars": {
          "overall": 5,
          "time": 5,
          "food": 4,
          "method": 5
        },
        "earnings": 5.7904846172070235,
        "bonus_extra": 3.0,
        "paid_total": 8.790484617207024,
        "pickup": "14th road (right)",
        "dropoff": "1st road (right)",
        "allowed_delivery_methods": [],
        "delivery_method": "leave_at_door"
      },
      {
        "id": 71,
        "duration_s": 314.29200000007404,
        "on_time": false,
        "temp_ok_all": false,
        "odor_ok_all": true,
        "damage_ok_all": true,
        "stars": {
          "overall": 4,
          "time": 2,
          "food": 4,
          "method": 5
        },
        "earnings": 2.0307974425304267,
        "bonus_extra": 1.5,
        "paid_total": 3.5307974425304267,
        "pickup": "14th road (right)",
        "dropoff": "9th road (right)",
        "allowed_delivery_methods": [
          "knock"
        ],