{
  "meta": {
    "agent_id": "7",
    "model": "gpt-4o-mini",
    "lifecycle_hours": 2.0,
    "started_sim_s": 45.515999999974156,
    "ended_sim_s": 19806.140999999974,
    "active_elapsed_s": 4379.396999999997,
    "active_hours": 1.2164991666666658,
    "wall_finished_ts": 1758339495.1371694
  },
  "money": {
    "totals": {
      "initial_earnings": 100.0,
      "current_balance": 68.45514816903936,
      "net_growth": -31.54485183096064,
      "orders_income": 8.455148169039367,
      "help_income": 0.0,
      "expense_total": 40.0,
      "base_wage": 6.955148169039367,
      "bonus": 1.5,
      "help_expense": 0.0,
      "expense_breakdown": {
        "purchases": 0.0,
        "charging": 0.0,
        "rental": 0.0,
        "hospital": 40.0,
        "help_expense": 0.0
      },
      "advances": {
        "out": 0.0,
        "returned": 0.0,
        "net": 0.0
      },
      "observed_agent_balance_end": 68.45514816903936
    },
    "per_hour": {
      "net_growth": -25.9308454089589,
      "orders_income": 6.950393720537723,
      "help_income": 0.0,
      "expense_total": 32.88123912949662,
      "base_wage": 5.717347253181599,
      "bonus": 1.2330464673561232,
      "initial_earnings": 82.20309782374154,
      "current_balance": 56.27225241478265,
      "help_expense": 0.0,
      "observed_agent_balance_end": 56.27225241478265
    },
    "details": {
      "purchases": [],
      "charging": [],
      "rental": [],
      "hospital": [
        {
          "ts_sim": 3763.640999999974,
          "fee": 20.0
        },
        {
          "ts_sim": 5560.688999999984,
          "fee": 20.0
        }
      ],
      "help_income": [],
      "help_expense": [],
      "advance_out": [],
      "advance_return": []
    }
  },
  "orders": {
    "completed_count": 1,
    "timeout_count": 0,
    "avg_stars": 4.0,
    "avg_food_stars": 3.0,
    "temp_ok_rate": 0.0,
    "odor_ok_rate": 1.0,
    "damage_ok_rate": 1.0,
    "method_success_rate": 1.0,
    "total_active_time_s": 592.5450000000419,
    "avg_time_per_order_s": 592.5450000000419,
    "details": [
      {
        "id": 0,
        "duration_s": 592.5450000000419,
        "on_time": true,
        "temp_ok_all": false,
        "odor_ok_all": true,
        "damage_ok_all": true,
        "stars": {
          "overall": 4,
          "time": 5,
          "food": 3,
          "method": 5
        },
        "earnings": 6.955148169039367,
        "bonus_extra": 1.5,
        "paid_total": 8.455148169039367,
        "pickup": "12th road (left)",
        "dropoff": "4th road (right)",
        "allowed_delivery_methods": [
          "hand_to_customer"
        ],
        "delivery_method": "hand_to_customer"
      }
    ]
  },
  "activity": {
    "active_time_ratio": 0.13530287388881215,
    "orders_per_hour": 0.8220309782374154,
    "avg_order_time_s": 592.5450000000419,
    "mode_time_s": {
      "e-scooter": 1236.8010000001523,
      "drag_scooter": 3142.595999999845
    },
    "mode_time_ratio": {
      "e-scooter": 0.2824135377542052,
      "drag_scooter": 0.7175864622457948
    }
  },
  "interruptions": {
    "scooter_depleted": 1,
    "hospital_rescue": 2,
    "rent_insufficient": 0,
    "charge_insufficient": 0
  },
  "social": {
    "help_posted": 0,
    "help_accepted": 0,
    "help_given": 0,
    "help_received": 0
  },
  "capability_buckets": {
    "high_level_planning": {
      "active_time_ratio": 0.13530287388881215,
      "orders_per_hour": 0.8220309782374154,
      "avg_order_time_s": 592.5450000000419,
      "scooter_depleted_events": 1,
      "hospital_rescue_times": 2,
      "rent_insufficient_times": 0,
      "charge_insufficient_times": 0
    },
    "common_sense_reasoning": {
      "temp_ok_rate": 0.0,
      "odor_ok_rate": 1.0,
      "damage_ok_rate": 1.0,
      "method_success_rate": 1.0
    },
    "social_reasoning": {
      "help_posted": 0,
      "help_accepted": 0,
      "help_given": 0,
      "help_received": 0,
      "say": 0
    }
  },
  "actions": {
    "view_orders": {
      "attempts": 2,
      "successes": 2,
      "success_rate": 1.0
    },
    "accept_order": {
      "attempts": 2,
      "successes": 2,
      "success_rate": 1.0
    },
    "move_to": {
      "attempts": 189,
      "successes": 186,
      "success_rate": 0.9841269841269841
    },
    "wait": {
      "attempts": 1,
      "successes": 1,
      "success_rate": 1.0
    },
    "pickup": {
      "attempts": 2,
      "successes": 2,
      "success_rate": 1.0
    },
    "place_food_in_bag": {
      "attempts": 2,
      "successes": 2,
      "success_rate": 1.0
    },
    "drop_off": {
      "attempts": 2,
      "successes": 1,
      "success_rate": 0.5
    }
  },
  "vlm": {
    "total_calls": 200,
    "successes": 200,
    "parse_failures": 0,
    "retries": 0,
    "success_rate": 1.0,
    "parse_success_rate": 1.0
  }
}