{
  "meta": {
    "agent_id": "4",
    "model": "google/gemini-2.5-flash",
    "lifecycle_hours": 2.0,
    "started_sim_s": 69.51600000001781,
    "ended_sim_s": 12006.234000000026,
    "active_elapsed_s": 7226.250000000087,
    "active_hours": 2.007291666666691,
    "wall_finished_ts": 1758680298.7574205
  },
  "money": {
    "totals": {
      "initial_earnings": 100.0,
      "current_balance": 115.4506717463298,
      "net_growth": 15.450671746329803,
      "orders_income": 25.4506717463298,
      "help_income": 0.0,
      "expense_total": 10.0,
      "base_wage": 19.4506717463298,
      "bonus": 6.0,
      "help_expense": 0.0,
      "expense_breakdown": {
        "purchases": 0.0,
        "charging": 0.0,
        "rental": 0.0,
        "hospital": 10.0,
        "help_expense": 0.0
      },
      "advances": {
        "out": 0.0,
        "returned": 0.0,
        "net": 0.0
      },
      "observed_agent_balance_end": 115.4506717463298
    },
    "per_hour": {
      "net_growth": 7.697272899053674,
      "orders_income": 12.679109951466689,
      "help_income": 0.0,
      "expense_total": 4.981837052413017,
      "base_wage": 9.69000772001888,
      "bonus": 2.98910223144781,
      "initial_earnings": 49.81837052413017,
      "current_balance": 57.51564342318384,
      "help_expense": 0.0,
      "observed_agent_balance_end": 57.51564342318384
    },
    "details": {
      "purchases": [],
      "charging": [],
      "rental": [],
      "hospital": [
        {
          "ts_sim": 8738.625,
          "fee": 5.0
        },
        {
          "ts_sim": 10561.92300000001,
          "fee": 5.0
        }
      ],
      "help_income": [],
      "help_expense": [],
      "advance_out": [],
      "advance_return": []
    }
  },
  "orders": {
    "completed_count": 9,
    "timeout_count": 9,
    "avg_stars": 3.4444444444444446,
    "avg_food_stars": 4.222222222222222,
    "temp_ok_rate": 0.4444444444444444,
    "odor_ok_rate": 0.5555555555555556,
    "damage_ok_rate": 1.0,
    "method_success_rate": 1.0,
    "total_active_time_s": 8976.321000000098,
    "avg_time_per_order_s": 997.3690000000109,
    "details": [
      {
        "id": 0,
        "duration_s": 512.8109999999724,
        "on_time": false,
        "temp_ok_all": true,
        "odor_ok_all": true,
        "damage_ok_all": true,
        "stars": {
          "overall": 4,
          "time": 2,
          "food": 5,
          "method": 5
        },
        "earnings": 3.3624345791412646,
        "bonus_extra": 1.5,
        "paid_total": 4.862434579141265,
        "pickup": "5th road (left)",
        "dropoff": "1st road (left)",
        "allowed_delivery_methods": [
          "call"
        ],
        "delivery_method": "call"
      },
      {
        "id": 1,
        "duration_s": 755.9039999999804,
        "on_time": false,
        "temp_ok_all": true,
        "odor_ok_all": true,
        "damage_ok_all": true,
        "stars": {
          "overall": 4,
          "time": 1,
          "food": 5,
          "method": 5
        },
        "earnings": 2.451242070028909,
        "bonus_extra": 1.5,
        "paid_total": 3.951242070028909,
        "pickup": "5th road (left)",
        "dropoff": "1st road (left)",
        "allowed_delivery_methods": [],
        "delivery_method": "leave_at_door"
      },
      {
        "id": 15,
        "duration_s": 833.25,
        "on_time": false,
        "temp_ok_all": false,
        "odor_ok_all": false,
        "damage_ok_all": true,
        "stars": {
          "overall": 3,
          "time": 1,
          "food": 4,
          "method": 5
        },
        "earnings": 2.01909228601145,
        "bonus_extra": 0.0,
        "paid_total": 2.01909228601145,
        "pickup": "5th road (left)",
        "dropoff": "14th road (right)",
        "allowed_delivery_methods": [],
        "delivery_method": "leave_at_door"
      },
      {
        "id": 16,
        "duration_s": 1214.7630000000063,
        "on_time": false,
        "temp_ok_all": false,
        "odor_ok_all": false,
        "damage_ok_all": true,
        "stars": {
          "overall": 3,
          "time": 1,
          "food": 4,
          "method": 5
        },
        "earnings": 0.7417074086131804,
        "bonus_extra": 0.0,
        "paid_total": 0.7417074086131804,
        "pickup": "5th road (left)",
        "dropoff": "4th road (right)",
        "allowed_delivery_methods": [
          "leave_at_door"
        ],
        "delivery_method": "leave_at_door"
      },
      {
        "id": 7,
        "duration_s": 1422.279000000024,
        "on_time": false,
        "temp_ok_all": false,
        "odor_ok_all": true,
        "damage_ok_all": true,
        "stars": {
          "overall": 3,
          "time": 1,
          "food": 4,
          "method": 5
        },
        "earnings": 1.7546755190609393,
        "bonus_extra": 0.0,
        "paid_total": 1.7546755190609393,
        "pickup": "5th road (left)",
        "dropoff": "7th road (left)",
        "allowed_delivery_methods": [],
        "delivery_method": "leave_at_door"
      },
      {
        "id": 10,
        "duration_s": 1562.8590000000258,
        "on_time": false,
        "temp_ok_all": true,
        "odor_ok_all": true,
        "damage_ok_all": true,
        "stars": {
          "overall": 3,
          "time": 1,
          "food": 4,
          "method": 5
        },
        "earnings": 1.8074467161899128,
        "bonus_extra": 0.0,
        "paid_total": 1.8074467161899128,
        "pickup": "5th road (left)",
        "dropoff": "4th road (left)",
        "allowed_delivery_methods": [
          "call"
        ],
        "delivery_method": "call"
      },
      {
        "id": 41,
        "duration_s": 790.0350000000471,
        "on_time": false,
        "temp_ok_all": true,
        "odor_ok_all": true,
        "damage_ok_all": true,
        "stars": {
          "overall": 4,
          "time": 1,
          "food": 5,
          "method": 5
        },
        "earnings": 1.4979490733225347,
        "bonus_extra": 1.5,
        "paid_total": 2.997949073322535,
        "pickup": "5th road (left)",
        "dropoff": "4th road (left)",
        "allowed_delivery_methods": [],
        "delivery_method": "leave_at_door"
      },
      {
        "id": 19,
        "duration_s": 1243.8300000000454,
        "on_time": false,
        "temp_ok_all": false,
        "odor_ok_all": false,
        "damage_ok_all": true,
        "stars": {
          "overall": 3,
          "time": 1,
          "food": 3,
          "method": 5
        },
        "earnings": 2.542412236742255,
        "bonus_extra": 0.0,
        "paid_total": 2.542412236742255,
        "pickup": "5th road (left)",
        "dropoff": "3rd road (left)",
        "allowed_delivery_methods": [
          "leave_at_door",
          "knock"
        ],
        "delivery_method": "leave_at_door"
      },
      {
        "id": 55,
        "duration_s": 640.5899999999965,
        "on_time": false,
        "temp_ok_all": false,
        "odor_ok_all": false,
        "damage_ok_all": true,
        "stars": {
          "overall": 4,
          "time": 2,
          "food": 4,
          "method": 5
        },
        "earnings": 3.2737118572193524,
        "bonus_extra": 1.5,
        "paid_total": 4.773711857219352,
        "pickup": "14th road (right)",
        "dropoff": "1st road (right)",
        "allowed_delivery_methods": [],
        "delivery_method": "leave_at_door"
      }
    ]
  },
  "activity": {
    "active_time_ratio": 1.2421824597820432,
    "orders_per_hour": 4.483653347171715,
    "avg_order_time_s": 997.3690000000109,
    "mode_time_s": {
      "e-scooter": 2353.878000000099,
      "drag_scooter": 1099.3590000000258,
      "walk": 3773.0129999999626
    },
    "mode_time_ratio": {
      "e-scooter": 0.325739906590565,
      "drag_scooter": 0.1521340944473292,
      "walk": 0.5221259989621058
    }
  },
  "interruptions": {
    "scooter_depleted": 1,
    "hospital_rescue": 2,
    "rent_insufficient": 0,