{
  "meta": {
    "agent_id": "6",
    "model": "gpt-4o",
    "lifecycle_hours": 2.0,
    "started_sim_s": 25.82699999999022,
    "ended_sim_s": 10372.310999999929,
    "active_elapsed_s": 7200.000000000349,
    "active_hours": 2.000000000000097,
    "wall_finished_ts": 1758610613.4462068
  },
  "money": {
    "totals": {
      "initial_earnings": 100.0,
      "current_balance": 104.81677634890347,
      "net_growth": 4.816776348903474,
      "orders_income": 19.816776348903474,
      "help_income": 0.0,
      "expense_total": 15.0,
      "base_wage": 15.316776348903472,
      "bonus": 4.5,
      "help_expense": 0.0,
      "expense_breakdown": {
        "purchases": 0.0,
        "charging": 0.0,
        "rental": 0.0,
        "hospital": 15.0,
        "help_expense": 0.0
      },
      "advances": {
        "out": 0.0,
        "returned": 0.0,
        "net": 0.0
      },
      "observed_agent_balance_end": 104.81677634890347
    },
    "per_hour": {
      "net_growth": 2.408388174451737,
      "orders_income": 9.908388174451737,
      "help_income": 0.0,
      "expense_total": 7.5,
      "base_wage": 7.658388174451736,
      "bonus": 2.25,
      "initial_earnings": 50.0,
      "current_balance": 52.40838817445174,
      "help_expense": 0.0,
      "observed_agent_balance_end": 52.40838817445174
    },
    "details": {
      "purchases": [],
      "charging": [],
      "rental": [],
      "hospital": [
        {
          "ts_sim": 3619.82699999999,
          "fee": 5.0
        },
        {
          "ts_sim": 6188.390999999887,
          "fee": 5.0
        },
        {
          "ts_sim": 9628.733999999939,
          "fee": 5.0
        }
      ],
      "help_income": [],
      "help_expense": [],
      "advance_out": [],
      "advance_return": []
    }
  },
  "orders": {
    "completed_count": 7,
    "timeout_count": 5,
    "avg_stars": 3.2857142857142856,
    "avg_food_stars": 4.142857142857143,
    "temp_ok_rate": 0.2857142857142857,
    "odor_ok_rate": 0.8571428571428571,
    "damage_ok_rate": 1.0,
    "method_success_rate": 0.8571428571428571,
    "total_active_time_s": 6681.000000000349,
    "avg_time_per_order_s": 954.4285714286214,
    "details": [
      {
        "id": 13,
        "duration_s": 657.1470000001718,
        "on_time": false,
        "temp_ok_all": false,
        "odor_ok_all": true,
        "damage_ok_all": true,
        "stars": {
          "overall": 3,
          "time": 1,
          "food": 4,
          "method": 5
        },
        "earnings": 2.0582684502365263,
        "bonus_extra": 0.0,
        "paid_total": 2.0582684502365263,
        "pickup": "12th road (right)",
        "dropoff": "13th road (right)",
        "allowed_delivery_methods": [],
        "delivery_method": "leave_at_door"
      },
      {
        "id": 28,
        "duration_s": 286.3110000001034,
        "on_time": true,
        "temp_ok_all": false,
        "odor_ok_all": false,
        "damage_ok_all": true,
        "stars": {
          "overall": 4,
          "time": 5,
          "food": 3,
          "method": 5
        },
        "earnings": 4.014743176328212,
        "bonus_extra": 1.5,
        "paid_total": 5.514743176328212,
        "pickup": "14th road (right)",
        "dropoff": "11th road (right)",
        "allowed_delivery_methods": [
          "hand_to_customer"
        ],
        "delivery_method": "hand_to_customer"
      },
      {
        "id": 24,
        "duration_s": 2093.109000000113,
        "on_time": false,
        "temp_ok_all": false,
        "odor_ok_all": true,
        "damage_ok_all": true,
        "stars": {
          "overall": 3,
          "time": 1,
          "food": 4,
          "method": 5
        },
        "earnings": 1.4784243459230066,
        "bonus_extra": 0.0,
        "paid_total": 1.4784243459230066,
        "pickup": "14th road (right)",
        "dropoff": "3rd road (left)",
        "allowed_delivery_methods": [],
        "delivery_method": "leave_at_door"
      },
      {
        "id": 50,
        "duration_s": 759.6569999999483,
        "on_time": false,
        "temp_ok_all": false,
        "odor_ok_all": true,
        "damage_ok_all": true,
        "stars": {
          "overall": 3,
          "time": 1,
          "food": 4,
          "method": 5
        },
        "earnings": 0.928237623728201,
        "bonus_extra": 0.0,
        "paid_total": 0.928237623728201,
        "pickup": "12th road (right)",
        "dropoff": "12th road (left)",
        "allowed_delivery_methods": [],
        "delivery_method": "leave_at_door"
      },
      {
        "id": 54,
        "duration_s": 1986.2339999999385,
        "on_time": false,
        "temp_ok_all": false,
        "odor_ok_all": true,
        "damage_ok_all": true,
        "stars": {
          "overall": 3,
          "time": 1,
          "food": 4,
          "method": 5
        },
        "earnings": 2.1139372478408927,
        "bonus_extra": 0.0,
        "paid_total": 2.1139372478408927,
        "pickup": "12th road (right)",
        "dropoff": "9th road (right)",
        "allowed_delivery_methods": [],
        "delivery_method": "leave_at_door"
      },
      {
        "id": 60,
        "duration_s": 419.10599999997066,
        "on_time": true,
        "temp_ok_all": true,
        "odor_ok_all": true,
        "damage_ok_all": true,
        "stars": {
          "overall": 5,
          "time": 5,
          "food": 5,
          "method": 5
        },
        "earnings": 4.158485923902144,
        "bonus_extra": 3.0,
        "paid_total": 7.158485923902144,
        "pickup": "12th road (right)",
        "dropoff": "3rd road (left)",
        "allowed_delivery_methods": [
          "leave_at_door"
        ],
        "delivery_method": "leave_at_door"
      },
      {
        "id": 72,
        "duration_s": 479.4360000001034,
        "on_time": false,
        "temp_ok_all": true,
        "odor_ok_all": true,
        "damage_ok_all": true,
        "stars": {
          "overall": 2,
          "time": 1,
          "food": 5,
          "method": 1
        },
        "earnings": 0.5646795809444912,
        "bonus_extra": 0.0,
        "paid_total": 0.5646795809444912,
        "pickup": "12th road (right)",
        "dropoff": "8th road (right)",
        "allowed_delivery_methods": [
          "knock",
          "hand_to_customer"
        ],
        "delivery_method": "leave_at_door"
      }
    ]
  },
  "activity": {
    "active_time_ratio": 0.9279166666666702,
    "orders_per_hour": 3.5,
    "avg_order_time_s": 954.4285714286214,
    "mode_time_s": {
      "e-scooter": 1231.9710000001942,
      "drag_scooter": 1532.5350000000908,
      "walk": 4435.494000000064
    },
    "mode_time_ratio": {
      "e-scooter": 0.171107083333352,
      "drag_scooter": 0.2128520833333356,
      "walk": 0.6160408333333124
    }
  },
  "interruptions": {
    "scooter_depleted": 1,
    "hospital_rescue": 3,
    "rent_insufficient": 0,
    "charge_insufficient": 0
  },
  "social": {
    "help_posted": 0,
    "help_accepted": 0,
    "help_given": 0,
    "help_received": 0
  },
  "capability_buckets": {
    "high_level_planning": {
      "active_time_ratio": 0.9279166666666702,
      "orders_per_hour": 3.499999999999831,
      "avg_order_time_s": 954.4285714286214,
      "scooter_depleted_events": 1,
      "hospital_rescue_times": 3,
      "rent_insufficient_times": 0,
      "charge_insufficient_times": 0
    },
    "common_sense_reasoning": {
      "temp_ok_rate": 0.2857142857142857,
      "odor_ok_rate": 0.8571428571428571,
      "damage_ok_rate": 1.0,
      "method_success_rate": 0.8571428571428571
    },
    "social_reasoning": {
      "help_posted": 0,
      "help_accepted": 0,
      "help_given": 0,
      "help_received": 0,
      "say": 0
    }
  },
  "actions": {
    "view_orders": {
      "attempts": 6,
      "successes": 6,
      "success_rate": 1.0
    },
    "accept_order": {
      "attempts": 6,
      "successes": 5,
      "success_rate": 0.8333333333333334
    },