{
  "meta": {
    "agent_id": "1",
    "model": "openai/gpt-5",
    "lifecycle_hours": 2.0,
    "started_sim_s": 89.81400000000576,
    "ended_sim_s": 15321.234000000004,
    "active_elapsed_s": 7201.229999999901,
    "active_hours": 2.0003416666666394,
    "wall_finished_ts": 1760132660.533685
  },
  "money": {
    "totals": {
      "initial_earnings": 100.0,
      "current_balance": 118.7398936837705,
      "net_growth": 18.739893683770504,
      "orders_income": 39.01409368377067,
      "help_income": 0.0,
      "expense_total": 6.274200000000026,
      "base_wage": 28.514093683770668,
      "bonus": 10.5,
      "help_expense": 0.0,
      "expense_breakdown": {
        "purchases": 0.0,
        "charging": 6.274200000000026,
        "rental": 0.0,
        "hospital": 0.0,
        "help_expense": 0.0
      },
      "advances": {
        "out": 6.0,
        "returned": 0.0,
        "net": 6.0
      },
      "observed_agent_balance_end": 118.7398936837705
    },
    "per_hour": {
      "net_growth": 9.368346416039307,
      "orders_income": 19.50371495724707,
      "help_income": 0.0,
      "expense_total": 3.136564170287632,
      "base_wage": 14.254611679057023,
      "bonus": 5.249103278190048,
      "initial_earnings": 49.991459792286165,
      "current_balance": 59.35980620832547,
      "help_expense": 0.0,
      "observed_agent_balance_end": 59.35980620832547
    },
    "details": {
      "purchases": [],
      "charging": [
        {
          "ts_sim": 15321.234000000004,
          "which": "own",
          "req_id": null,
          "delta_pct": 125.4840000000004,
          "cost": 6.274200000000026,
          "start_ts": 3259.265999999996,
          "end_ts": 15321.234000000004,
          "reason": "lifecycle_end",
          "aggregated": true,
          "target_pct": null
        }
      ],
      "rental": [],
      "hospital": [],
      "help_income": [],
      "help_expense": [],
      "advance_out": [
        {
          "ts_sim": 8310.515999999996,
          "req_id": 1,
          "category": "buy",
          "amount": 6.0
        }
      ],
      "advance_return": []
    }
  },
  "energy": {
    "personal_consumed_pct": 99.5389146111743,
    "scooter_batt_consumed_pct": 87.56627939998715,
    "personal_remaining_pct": 0.46108538882566963,
    "scooter_remaining_pct": 0.0
  },
  "orders": {
    "completed_count": 5,
    "timeout_count": 5,
    "ontime_rate": 0.0,
    "avg_stars": 4.4,
    "avg_food_stars": 4.4,
    "temp_ok_rate": 0.8,
    "odor_ok_rate": 1.0,
    "damage_ok_rate": 1.0,
    "method_success_rate": 1.0,
    "total_active_time_s": 3766.121999999923,
    "avg_time_per_order_s": 753.2243999999846,
    "open_count": 0,
    "open_overdue_count": 0,
    "open_not_due_count": 0,
    "completed_order_details": [
      {
        "id": 1,
        "duration_s": 1063.265999999996,
        "time_limit_s": 349.15320000983826,
        "deadline_slack_s": -714.1127999901578,
        "is_overdue": true,
        "temp_ok_all": true,
        "odor_ok_all": true,
        "damage_ok_all": true,
        "pick_score": 3.6666666666666665,
        "stars": {
          "overall": 4,
          "time": 1,
          "food": 5,
          "method": 5
        },
        "earnings": 2.571085853451422,
        "bonus_extra": 1.5,
        "paid_total": 4.071085853451422,
        "pickup": "7th road (left)",
        "dropoff": "26th road (left)",
        "allowed_delivery_methods": [],
        "delivery_method": "leave_at_door"
      },
      {
        "id": 7,
        "duration_s": 1242.0479999999661,
        "time_limit_s": 1052.9167054499626,
        "deadline_slack_s": -189.13129455000353,
        "is_overdue": true,
        "temp_ok_all": true,
        "odor_ok_all": true,
        "damage_ok_all": true,
        "pick_score": 3.5185185185185186,
        "stars": {
          "overall": 4,
          "time": 3,
          "food": 4,
          "method": 5
        },
        "earnings": 11.008608838712162,
        "bonus_extra": 1.5,
        "paid_total": 12.508608838712162,
        "pickup": "10th road (right)",
        "dropoff": "15th road (left)",
        "allowed_delivery_methods": [
          "leave_at_door",
          "knock"
        ],
        "delivery_method": "leave_at_door"
      },
      {
        "id": 6,
        "duration_s": 228.37199999998847,
        "time_limit_s": 219.1498159347385,
        "deadline_slack_s": -9.222184065249962,
        "is_overdue": true,
        "temp_ok_all": false,
        "odor_ok_all": true,
        "damage_ok_all": true,
        "pick_score": 4.4074074074074066,
        "stars": {
          "overall": 4,
          "time": 4,
          "food": 3,
          "method": 5
        },
        "earnings": 2.2375463971344076,
        "bonus_extra": 1.5,
        "paid_total": 3.7375463971344076,
        "pickup": "1st road (left)",
        "dropoff": "5th road (right)",
        "allowed_delivery_methods": [
          "leave_at_door"
        ],
        "delivery_method": "leave_at_door"
      },
      {
        "id": 5,
        "duration_s": 593.3429999999862,
        "time_limit_s": 591.799036325681,
        "deadline_slack_s": -1.543963674305246,
        "is_overdue": true,
        "temp_ok_all": true,
        "odor_ok_all": true,
        "damage_ok_all": true,
        "pick_score": 2.185185185185185,
        "stars": {
          "overall": 5,
          "time": 4,
          "food": 5,
          "method": 5
        },
        "earnings": 4.429271649142449,
        "bonus_extra": 3.0,
        "paid_total": 7.429271649142449,
        "pickup": "1st road (left)",
        "dropoff": "20th road (left)",
        "allowed_delivery_methods": [],
        "delivery_method": "leave_at_door"
      },
      {
        "id": 11,
        "duration_s": 639.0929999999862,
        "time_limit_s": 607.7848919035621,
        "deadline_slack_s": -31.30810809642412,
        "is_overdue": true,
        "temp_ok_all": true,
        "odor_ok_all": true,
        "damage_ok_all": true,
        "pick_score": 2.9259259259259265,
        "stars": {
          "overall": 5,
          "time": 4,
          "food": 5,
          "method": 5
        },
        "earnings": 8.267580945330225,
        "bonus_extra": 3.0,
        "paid_total": 11.267580945330225,
        "pickup": "1st road (left)",
        "dropoff": "22nd road (right)",
        "allowed_delivery_methods": [],
        "delivery_method": "leave_at_door"
      }
    ],
    "open_order_details": []
  },
  "activity": {
    "effective_time_ratio": 0.667351989167504,
    "inactive_time_s_breakdown": {
      "wait": 2395.4748350472614
    },
    "inactive_total_time_s": 2395.4748350472614,
    "orders_per_hour": 2.4995729896143084,
    "avg_order_time_s": 753.2243999999846,
    "mode_time_s": {
      "e-scooter": 5767.697999999931,
      "walk": 1099.172999999988,
      "drag_scooter": 334.3589999999822
    },
    "mode_time_ratio": {
      "e-scooter": 0.8009323407251275,
      "walk": 0.15263684120629434,
      "drag_scooter": 0.046430818068578114
    }
  },
  "interruptions": {
    "scooter_depleted": 1,
    "hospital_rescue": 0,
    "rent_insufficient": 0,
    "charge_insufficient": 0,
    "total": 1
  },
  "prevention": {
    "total": 3,
    "by_kind": {
      "early_charge": 3
    },
    "prevention_rate": 0.75
  },
  "social": {
    "help_posted": 1,
    "help_accepted": 0,
    "help_given": 0,
    "help_received": 0
  },
  "capability_buckets": {
    "high_level_planning": {
      "active_time_ratio": 0.5229831570440014,
      "orders_per_hour": 2.4995729896143084,
      "avg_order_time_s": 753.2243999999846,
      "scooter_depleted_events": 1,
      "hospital_rescue_times": 0,
      "rent_insufficient_times": 0,
      "charge_insufficient_times": 0
    },
    "common_sense_reasoning": {
      "temp_ok_rate": 0.8,
      "odor_ok_rate": 1.0,
      "damage_ok_rate": 1.0,
      "method_success_rate": 1.0
    },
    "social_reasoning": {
      "help_posted": 1,
      "help_accepted": 0,