{
  "meta": {
    "agent_id": "5",
    "model": "google/gemini-2.5-flash",
    "lifecycle_hours": 2.0,
    "started_sim_s": 37.5,
    "ended_sim_s": 10121.484000000004,
    "active_elapsed_s": 7200.008999999991,
    "active_hours": 2.0000024999999977,
    "wall_finished_ts": 1758623785.3345773
  },
  "money": {
    "totals": {
      "initial_earnings": 100.0,
      "current_balance": 124.93294314313295,
      "net_growth": 24.932943143132945,
      "orders_income": 39.93294314313294,
      "help_income": 0.0,
      "expense_total": 15.0,
      "base_wage": 33.93294314313294,
      "bonus": 6.0,
      "help_expense": 0.0,
      "expense_breakdown": {
        "purchases": 0.0,
        "charging": 0.0,
        "rental": 0.0,
        "hospital": 15.0,
        "help_expense": 0.0
      },
      "advances": {
        "out": 0.0,
        "returned": 0.0,
        "net": 0.0
      },
      "observed_agent_balance_end": 124.93294314313295
    },
    "per_hour": {
      "net_growth": 12.466455988496502,
      "orders_income": 19.966446613508225,
      "help_income": 0.0,
      "expense_total": 7.499990625011727,
      "base_wage": 16.966450363503533,
      "bonus": 2.999996250004691,
      "initial_earnings": 49.99993750007818,
      "current_balance": 62.46639348857468,
      "help_expense": 0.0,
      "observed_agent_balance_end": 62.46639348857468
    },
    "details": {
      "purchases": [],
      "charging": [],
      "rental": [],
      "hospital": [
        {
          "ts_sim": 2390.625,
          "fee": 5.0
        },
        {
          "ts_sim": 6407.391000000001,
          "fee": 5.0
        },
        {
          "ts_sim": 8520.0,
          "fee": 5.0
        }
      ],
      "help_income": [],
      "help_expense": [],
      "advance_out": [],
      "advance_return": []
    }
  },
  "orders": {
    "completed_count": 9,
    "timeout_count": 7,
    "avg_stars": 3.4444444444444446,
    "avg_food_stars": 3.888888888888889,
    "temp_ok_rate": 0.1111111111111111,
    "odor_ok_rate": 1.0,
    "damage_ok_rate": 1.0,
    "method_success_rate": 1.0,
    "total_active_time_s": 8876.87699999998,
    "avg_time_per_order_s": 986.3196666666645,
    "details": [
      {
        "id": 10,
        "duration_s": 326.38800000000083,
        "on_time": true,
        "temp_ok_all": false,
        "odor_ok_all": true,
        "damage_ok_all": true,
        "stars": {
          "overall": 5,
          "time": 5,
          "food": 4,
          "method": 5
        },
        "earnings": 6.380812644580729,
        "bonus_extra": 3.0,
        "paid_total": 9.380812644580729,
        "pickup": "9th road (right)",
        "dropoff": "2nd road (right)",
        "allowed_delivery_methods": [],
        "delivery_method": "leave_at_door"
      },
      {
        "id": 28,
        "duration_s": 330.4229999999934,
        "on_time": true,
        "temp_ok_all": false,
        "odor_ok_all": true,
        "damage_ok_all": true,
        "stars": {
          "overall": 4,
          "time": 5,
          "food": 3,
          "method": 5
        },
        "earnings": 8.279793145876283,
        "bonus_extra": 1.5,
        "paid_total": 9.779793145876283,
        "pickup": "2nd road (right)",
        "dropoff": "8th road (right)",
        "allowed_delivery_methods": [],
        "delivery_method": "leave_at_door"
      },
      {
        "id": 31,
        "duration_s": 1059.6149999999889,
        "on_time": false,
        "temp_ok_all": false,
        "odor_ok_all": true,
        "damage_ok_all": true,
        "stars": {
          "overall": 4,
          "time": 2,
          "food": 4,
          "method": 5
        },
        "earnings": 6.593289458042066,
        "bonus_extra": 1.5,
        "paid_total": 8.093289458042065,
        "pickup": "1st road (right)",
        "dropoff": "5th road (right)",
        "allowed_delivery_methods": [],
        "delivery_method": "leave_at_door"
      },
      {
        "id": 62,
        "duration_s": 540.2850000000035,
        "on_time": false,
        "temp_ok_all": false,
        "odor_ok_all": true,
        "damage_ok_all": true,
        "stars": {
          "overall": 3,
          "time": 1,
          "food": 4,
          "method": 5
        },
        "earnings": 1.3521748431941896,
        "bonus_extra": 0.0,
        "paid_total": 1.3521748431941896,
        "pickup": "9th road (right)",
        "dropoff": "6th road (right)",
        "allowed_delivery_methods": [],
        "delivery_method": "leave_at_door"
      },
      {
        "id": 57,
        "duration_s": 605.6310000000012,
        "on_time": false,
        "temp_ok_all": false,
        "odor_ok_all": true,
        "damage_ok_all": true,
        "stars": {
          "overall": 3,
          "time": 1,
          "food": 4,
          "method": 5
        },
        "earnings": 2.601397058961446,
        "bonus_extra": 0.0,
        "paid_total": 2.601397058961446,
        "pickup": "9th road (right)",
        "dropoff": "7th road (right)",
        "allowed_delivery_methods": [],
        "delivery_method": "leave_at_door"
      },
      {
        "id": 76,
        "duration_s": 620.1540000000023,
        "on_time": false,
        "temp_ok_all": false,
        "odor_ok_all": true,
        "damage_ok_all": true,
        "stars": {
          "overall": 3,
          "time": 1,
          "food": 4,
          "method": 5
        },
        "earnings": 1.0373311315463714,
        "bonus_extra": 0.0,
        "paid_total": 1.0373311315463714,
        "pickup": "9th road (right)",
        "dropoff": "11th road (left)",
        "allowed_delivery_methods": [],
        "delivery_method": "leave_at_door"
      },
      {
        "id": 72,
        "duration_s": 752.9040000000023,
        "on_time": false,
        "temp_ok_all": true,
        "odor_ok_all": true,
        "damage_ok_all": true,
        "stars": {
          "overall": 3,
          "time": 1,
          "food": 4,
          "method": 5
        },
        "earnings": 2.287509387746354,
        "bonus_extra": 0.0,
        "paid_total": 2.287509387746354,
        "pickup": "9th road (right)",
        "dropoff": "12th road (left)",
        "allowed_delivery_methods": [
          "knock"
        ],
        "delivery_method": "knock"
      },
      {
        "id": 64,
        "duration_s": 1730.81699999999,
        "on_time": false,
        "temp_ok_all": false,
        "odor_ok_all": true,
        "damage_ok_all": true,
        "stars": {
          "overall": 3,
          "time": 1,
          "food": 4,
          "method": 5
        },
        "earnings": 2.5976310488687857,
        "bonus_extra": 0.0,
        "paid_total": 2.5976310488687857,
        "pickup": "1st road (right)",
        "dropoff": "12th road (left)",
        "allowed_delivery_methods": [],
        "delivery_method": "leave_at_door"
      },
      {
        "id": 80,
        "duration_s": 2910.659999999998,
        "on_time": false,
        "temp_ok_all": false,
        "odor_ok_all": true,
        "damage_ok_all": true,
        "stars": {
          "overall": 3,
          "time": 1,
          "food": 4,
          "method": 5
        },
        "earnings": 2.8030044243167165,
        "bonus_extra": 0.0,
        "paid_total": 2.8030044243167165,
        "pickup": "2nd road (right)",
        "dropoff": "10th road (right)",
        "allowed_delivery_methods": [],
        "delivery_method": "leave_at_door"
      }
    ]
  },
  "activity": {
    "active_time_ratio": 1.2328980422107794,
    "orders_per_hour": 4.499994375007036,
    "avg_order_time_s": 986.3196666666645,
    "mode_time_s": {
      "e-scooter": 673.7309999999925,
      "drag_scooter": 232.97099999999773,
      "walk": 6293.307000000001
    },
    "mode_time_ratio": {
      "e-scooter": 0.09357363303295778,
      "drag_scooter": 0.03235704288702945,
      "walk": 0.8740693240800128
    }
  },
  "interruptions": {
    "scooter_depleted": 1,
    "hospital_rescue": 3,
    "rent_insufficient": 0,