{
  "meta": {
    "agent_id": "1",
    "model": "google/gemini-2.5-flash",
    "lifecycle_hours": 2.0,
    "started_sim_s": 42.09300000005169,
    "ended_sim_s": 17807.484000000026,
    "active_elapsed_s": 7128.230999999709,
    "active_hours": 1.9800641666665857,
    "wall_finished_ts": 1758416648.579135
  },
  "money": {
    "totals": {
      "initial_earnings": 100.0,
      "current_balance": 114.92522841730425,
      "net_growth": 14.925228417304254,
      "orders_income": 29.925228417304268,
      "help_income": 0.0,
      "expense_total": 15.0,
      "base_wage": 30.425228417304268,
      "bonus": -0.5,
      "help_expense": 0.0,
      "expense_breakdown": {
        "purchases": 0.0,
        "charging": 0.0,
        "rental": 0.0,
        "hospital": 15.0,
        "help_expense": 0.0
      },
      "advances": {
        "out": 0.0,
        "returned": 0.0,
        "net": 0.0
      },
      "observed_agent_balance_end": 114.92522841730425
    },
    "per_hour": {
      "net_growth": 7.53774987122296,
      "orders_income": 15.113261944274782,
      "help_income": 0.0,
      "expense_total": 7.575512073051814,
      "base_wage": 15.365779013376509,
      "bonus": -0.25251706910172717,
      "initial_earnings": 50.50341382034543,
      "current_balance": 58.04116369156839,
      "help_expense": 0.0,
      "observed_agent_balance_end": 58.04116369156839
    },
    "details": {
      "purchases": [],
      "charging": [],
      "rental": [],
      "hospital": [
        {
          "ts_sim": 3758.57699999999,
          "fee": 5.0
        },
        {
          "ts_sim": 5914.359000000026,
          "fee": 5.0
        },
        {
          "ts_sim": 7906.5,
          "fee": 5.0
        }
      ],
      "help_income": [],
      "help_expense": [],
      "advance_out": [],
      "advance_return": []
    }
  },
  "orders": {
    "completed_count": 6,
    "timeout_count": 6,
    "avg_stars": 2.6666666666666665,
    "avg_food_stars": 3.1666666666666665,
    "temp_ok_rate": 0.3333333333333333,
    "odor_ok_rate": 0.5,
    "damage_ok_rate": 1.0,
    "method_success_rate": 0.6666666666666666,
    "total_active_time_s": 29374.067999999388,
    "avg_time_per_order_s": 4895.677999999898,
    "details": [
      {
        "id": 17,
        "duration_s": 3413.1570000000356,
        "on_time": false,
        "temp_ok_all": true,
        "odor_ok_all": true,
        "damage_ok_all": true,
        "stars": {
          "overall": 3,
          "time": 1,
          "food": 4,
          "method": 5
        },
        "earnings": 6.130270175825435,
        "bonus_extra": 0.0,
        "paid_total": 6.130270175825435,
        "pickup": "28th road (right)",
        "dropoff": "8th road (right)",
        "allowed_delivery_methods": [],
        "delivery_method": "leave_at_door"
      },
      {
        "id": 19,
        "duration_s": 3413.1570000000356,
        "on_time": false,
        "temp_ok_all": false,
        "odor_ok_all": true,
        "damage_ok_all": true,
        "stars": {
          "overall": 3,
          "time": 1,
          "food": 3,
          "method": 5
        },
        "earnings": 4.387650564978648,
        "bonus_extra": 0.0,
        "paid_total": 4.387650564978648,
        "pickup": "28th road (right)",
        "dropoff": "8th road (right)",
        "allowed_delivery_methods": [],
        "delivery_method": "leave_at_door"
      },
      {
        "id": 23,
        "duration_s": 3413.1570000000356,
        "on_time": false,
        "temp_ok_all": false,
        "odor_ok_all": false,
        "damage_ok_all": true,
        "stars": {
          "overall": 3,
          "time": 1,
          "food": 2,
          "method": 5
        },
        "earnings": 6.569170948751358,
        "bonus_extra": 0.0,
        "paid_total": 6.569170948751358,
        "pickup": "28th road (right)",
        "dropoff": "8th road (right)",
        "allowed_delivery_methods": [],
        "delivery_method": "leave_at_door"
      },
      {
        "id": 11,
        "duration_s": 5316.323999999848,
        "on_time": false,
        "temp_ok_all": true,
        "odor_ok_all": true,
        "damage_ok_all": true,
        "stars": {
          "overall": 4,
          "time": 1,
          "food": 5,
          "method": 5
        },
        "earnings": 6.397264676818585,
        "bonus_extra": 1.5,
        "paid_total": 7.897264676818585,
        "pickup": "1st road (left)",
        "dropoff": "26th road (right)",
        "allowed_delivery_methods": [],
        "delivery_method": "leave_at_door"
      },
      {
        "id": 18,
        "duration_s": 6690.041999999725,
        "on_time": false,
        "temp_ok_all": false,
        "odor_ok_all": false,
        "damage_ok_all": true,
        "stars": {
          "overall": 1,
          "time": 1,
          "food": 2,
          "method": 1
        },
        "earnings": 4.062406253581803,
        "bonus_extra": -2.0,
        "paid_total": 2.062406253581803,
        "pickup": "28th road (right)",
        "dropoff": "4th road (left)",
        "allowed_delivery_methods": [
          "knock",
          "hand_to_customer"
        ],
        "delivery_method": "leave_at_door"
      },
      {
        "id": 24,
        "duration_s": 7128.230999999709,
        "on_time": false,
        "temp_ok_all": false,
        "odor_ok_all": false,
        "damage_ok_all": true,
        "stars": {
          "overall": 2,
          "time": 1,
          "food": 3,
          "method": 1
        },
        "earnings": 2.878465797348437,
        "bonus_extra": 0.0,
        "paid_total": 2.878465797348437,
        "pickup": "28th road (right)",
        "dropoff": "10th road (left)",
        "allowed_delivery_methods": [
          "hand_to_customer"
        ],
        "delivery_method": "leave_at_door"
      }
    ]
  },
  "activity": {
    "active_time_ratio": 4.120807532752599,
    "orders_per_hour": 3.0302048292207258,
    "avg_order_time_s": 4895.677999999898,
    "mode_time_s": {
      "e-scooter": 898.268999999942,
      "drag_scooter": 723.4199999999546,
      "walk": 5506.541999999812
    },
    "mode_time_ratio": {
      "e-scooter": 0.12601569730273593,
      "drag_scooter": 0.10148661007197776,
      "walk": 0.7724976926252863
    }
  },
  "interruptions": {
    "scooter_depleted": 1,
    "hospital_rescue": 3,
    "rent_insufficient": 0,
    "charge_insufficient": 0
  },
  "social": {
    "help_posted": 0,
    "help_accepted": 0,
    "help_given": 0,
    "help_received": 0
  },
  "capability_buckets": {
    "high_level_planning": {
      "active_time_ratio": 4.120807532752599,
      "orders_per_hour": 3.0302048292207258,
      "avg_order_time_s": 4895.677999999898,
      "scooter_depleted_events": 1,
      "hospital_rescue_times": 3,
      "rent_insufficient_times": 0,
      "charge_insufficient_times": 0
    },
    "common_sense_reasoning": {
      "temp_ok_rate": 0.3333333333333333,
      "odor_ok_rate": 0.5,
      "damage_ok_rate": 1.0,
      "method_success_rate": 0.6666666666666666
    },
    "social_reasoning": {
      "help_posted": 0,
      "help_accepted": 0,
      "help_given": 0,
      "help_received": 0,
      "say": 0
    }
  },
  "actions": {
    "view_orders": {
      "attempts": 19,
      "successes": 19,
      "success_rate": 1.0
    },
    "accept_order": {
      "attempts": 1,
      "successes": 1,
      "success_rate": 1.0
    },
    "move_to": {
      "attempts": 16,
      "successes": 12,
      "success_rate": 0.75
    },
    "pickup": {
      "attempts": 3,
      "successes": 3,
      "success_rate": 1.0
    },
    "place_food_in_bag": {
      "attempts": 3,
      "successes": 3,
      "success_rate": 1.0
    },
    "switch_transport": {
      "attempts": 2,
      "successes": 1,
      "success_rate": 0.5
    },
    "drop_off": {
      "attempts": 9,
      "successes": 6,
      "success_rate": 0.6666666666666666
    },
    "wait": {
      "attempts": 3,
      "successes": 3,
      "success_rate": 1.0
    },