{
  "meta": {
    "agent_id": "1",
    "model": "openai/gpt-5",
    "lifecycle_hours": 2.0,
    "started_sim_s": 60.27900000000227,
    "ended_sim_s": 15352.685999999994,
    "active_elapsed_s": 7200.095999999932,
    "active_hours": 2.0000266666666477,
    "wall_finished_ts": 1760208066.8363028
  },
  "money": {
    "totals": {
      "initial_earnings": 100.0,
      "current_balance": 141.01055285802184,
      "net_growth": 41.01055285802184,
      "orders_income": 65.50665285802182,
      "help_income": 0.0,
      "expense_total": 24.49610000000012,
      "base_wage": 55.006652858021816,
      "bonus": 10.5,
      "help_expense": 0.0,
      "expense_breakdown": {
        "purchases": 6.0,
        "charging": 8.496100000000117,
        "rental": 0.0,
        "hospital": 10.0,
        "help_expense": 0.0
      },
      "advances": {
        "out": 0.0,
        "returned": 0.0,
        "net": 0.0
      },
      "observed_agent_balance_end": 141.01055285802184
    },
    "per_hour": {
      "net_growth": 20.505003028970727,
      "orders_income": 32.7528897238149,
      "help_income": 0.0,
      "expense_total": 12.247886694844244,
      "base_wage": 27.50295972288153,
      "bonus": 5.249930000933371,
      "initial_earnings": 49.99933334222258,
      "current_balance": 70.5043363711933,
      "help_expense": 0.0,
      "observed_agent_balance_end": 70.5043363711933
    },
    "details": {
      "purchases": [
        {
          "ts_sim": 14203.125,
          "items": "1 x energy_drink",
          "cost": 6.0
        }
      ],
      "charging": [
        {
          "ts_sim": 11510.763000000006,
          "which": "own",
          "req_id": null,
          "delta_pct": 169.9220000000023,
          "cost": 8.496100000000117,
          "start_ts": 6720.32699999999,
          "end_ts": 11510.763000000006,
          "reason": "finished",
          "aggregated": true,
          "target_pct": 80.0
        }
      ],
      "rental": [],
      "hospital": [
        {
          "ts_sim": 3813.234000000004,
          "fee": 5.0
        },
        {
          "ts_sim": 11245.125,
          "fee": 5.0
        }
      ],
      "help_income": [],
      "help_expense": [],
      "advance_out": [],
      "advance_return": []
    }
  },
  "energy": {
    "personal_consumed_pct": 338.04514497659,
    "scooter_batt_consumed_pct": 69.52555522391732,
    "personal_remaining_pct": 11.954855023409948,
    "scooter_remaining_pct": 80.0
  },
  "orders": {
    "completed_count": 9,
    "timeout_count": 6,
    "ontime_rate": 0.4,
    "avg_stars": 3.7777777777777777,
    "avg_food_stars": 3.6666666666666665,
    "temp_ok_rate": 0.2222222222222222,
    "odor_ok_rate": 0.7777777777777778,
    "damage_ok_rate": 1.0,
    "method_success_rate": 1.0,
    "total_active_time_s": 7524.5699999999415,
    "avg_time_per_order_s": 836.0633333333268,
    "open_count": 1,
    "open_overdue_count": 1,
    "open_not_due_count": 0,
    "completed_order_details": [
      {
        "id": 1,
        "duration_s": 728.390999999996,
        "time_limit_s": 1008.4037699744524,
        "deadline_slack_s": 280.01276997445643,
        "is_overdue": false,
        "temp_ok_all": true,
        "odor_ok_all": true,
        "damage_ok_all": true,
        "pick_score": 3.5185185185185186,
        "stars": {
          "overall": 5,
          "time": 5,
          "food": 5,
          "method": 5
        },
        "earnings": 9.068962377375485,
        "bonus_extra": 3.0,
        "paid_total": 12.068962377375485,
        "pickup": "11th road (left)",
        "dropoff": "4th road (right)",
        "allowed_delivery_methods": [],
        "delivery_method": "leave_at_door"
      },
      {
        "id": 3,
        "duration_s": 2968.45199999999,
        "time_limit_s": 871.3414169332948,
        "deadline_slack_s": -2097.1105830666957,
        "is_overdue": true,
        "temp_ok_all": false,
        "odor_ok_all": false,
        "damage_ok_all": true,
        "pick_score": 3.814814814814815,
        "stars": {
          "overall": 3,
          "time": 1,
          "food": 3,
          "method": 5
        },
        "earnings": 6.159501887621641,
        "bonus_extra": 0.0,
        "paid_total": 6.159501887621641,
        "pickup": "11th road (left)",
        "dropoff": "4th road (right)",
        "allowed_delivery_methods": [],
        "delivery_method": "leave_at_door"
      },
      {
        "id": 6,
        "duration_s": 210.2339999999822,
        "time_limit_s": 64.6529154709583,
        "deadline_slack_s": -145.58108452902388,
        "is_overdue": true,
        "temp_ok_all": false,
        "odor_ok_all": true,
        "damage_ok_all": true,
        "pick_score": 4.4074074074074066,
        "stars": {
          "overall": 3,
          "time": 1,
          "food": 4,
          "method": 5
        },
        "earnings": 0.33005708323149624,
        "bonus_extra": 0.0,
        "paid_total": 0.33005708323149624,
        "pickup": "5th road (left)",
        "dropoff": "5th road (left)",
        "allowed_delivery_methods": [
          "leave_at_door"
        ],
        "delivery_method": "leave_at_door"
      },
      {
        "id": 4,
        "duration_s": 441.9839999999822,
        "time_limit_s": 57.42043172865377,
        "deadline_slack_s": -384.56356827132845,
        "is_overdue": true,
        "temp_ok_all": false,
        "odor_ok_all": true,
        "damage_ok_all": true,
        "pick_score": 2.481481481481482,
        "stars": {
          "overall": 3,
          "time": 1,
          "food": 3,
          "method": 5
        },
        "earnings": 0.3125629883138048,
        "bonus_extra": 0.0,
        "paid_total": 0.3125629883138048,
        "pickup": "8th road (right)",
        "dropoff": "8th road (right)",
        "allowed_delivery_methods": [],
        "delivery_method": "leave_at_door"
      },
      {
        "id": 5,
        "duration_s": 420.6089999999822,
        "time_limit_s": 429.6730841664858,
        "deadline_slack_s": 9.06408416650362,
        "is_overdue": false,
        "temp_ok_all": true,
        "odor_ok_all": true,
        "damage_ok_all": true,
        "pick_score": 2.7777777777777777,
        "stars": {
          "overall": 5,
          "time": 5,
          "food": 4,
          "method": 5
        },
        "earnings": 3.21585317528444,
        "bonus_extra": 3.0,
        "paid_total": 6.21585317528444,
        "pickup": "5th road (left)",
        "dropoff": "12th road (left)",
        "allowed_delivery_methods": [],
        "delivery_method": "leave_at_door"
      },
      {
        "id": 13,
        "duration_s": 655.3139999999839,
        "time_limit_s": 1226.6121054590496,
        "deadline_slack_s": 571.2981054590657,
        "is_overdue": false,
        "temp_ok_all": false,
        "odor_ok_all": true,
        "damage_ok_all": true,
        "pick_score": 3.2222222222222223,
        "stars": {
          "overall": 5,
          "time": 5,
          "food": 4,
          "method": 5
        },
        "earnings": 14.167349143379417,
        "bonus_extra": 3.0,
        "paid_total": 17.16734914337942,
        "pickup": "5th road (left)",
        "dropoff": "17th road (right)",
        "allowed_delivery_methods": [
          "leave_at_door"
        ],
        "delivery_method": "leave_at_door"
      },
      {
        "id": 11,
        "duration_s": 744.0,
        "time_limit_s": 1230.6545003290114,
        "deadline_slack_s": 486.6545003290114,
        "is_overdue": false,
        "temp_ok_all": false,
        "odor_ok_all": false,
        "damage_ok_all": true,
        "pick_score": 3.2222222222222223,
        "stars": {
          "overall": 4,
          "time": 5,
          "food": 2,
          "method": 5
        },
        "earnings": 16.153582234012703,
        "bonus_extra": 1.5,
        "paid_total": 17.653582234012703,
        "pickup": "5th road (left)",
        "dropoff": "17th road (left)",