{
  "meta": {
    "agent_id": "2",
    "model": "openai/gpt-4o",
    "lifecycle_hours": 2.0,
    "started_sim_s": 64.125,
    "ended_sim_s": 14609.625,
    "active_elapsed_s": 7207.073999999935,
    "active_hours": 2.001964999999982,
    "wall_finished_ts": 1760207819.1608622
  },
  "money": {
    "totals": {
      "initial_earnings": 100.0,
      "current_balance": 146.1381904235487,
      "net_growth": 46.13819042354871,
      "orders_income": 83.58704042354874,
      "help_income": 0.0,
      "expense_total": 37.44885000000004,
      "base_wage": 71.58704042354874,
      "bonus": 12.0,
      "help_expense": 0.0,
      "expense_breakdown": {
        "purchases": 6.0,
        "charging": 26.448850000000043,
        "rental": 0.0,
        "hospital": 5.0,
        "help_expense": 0.0
      },
      "advances": {
        "out": 0.0,
        "returned": 0.0,
        "net": 0.0
      },
      "observed_agent_balance_end": 146.1381904235487
    },
    "per_hour": {
      "net_growth": 23.046452072613217,
      "orders_income": 41.75249838211432,
      "help_income": 0.0,
      "expense_total": 18.706046309501104,
      "base_wage": 35.75838759596166,
      "bonus": 5.994110786152659,
      "initial_earnings": 49.95092321793882,
      "current_balance": 72.99737529055204,
      "help_expense": 0.0,
      "observed_agent_balance_end": 72.99737529055204
    },
    "details": {
      "purchases": [
        {
          "ts_sim": 11979.654000000002,
          "items": "1 x energy_drink",
          "cost": 6.0
        }
      ],
      "charging": [
        {
          "ts_sim": 6828.375,
          "which": "own",
          "req_id": null,
          "delta_pct": 173.25000000000003,
          "cost": 8.6625,
          "start_ts": 1218.234000000004,
          "end_ts": 6828.375,
          "reason": "finished",
          "aggregated": true,
          "target_pct": 100.0
        },
        {
          "ts_sim": 14551.169999999998,
          "which": "own",
          "req_id": null,
          "delta_pct": 355.72700000000265,
          "cost": 17.786350000000045,
          "start_ts": 8574.044999999998,
          "end_ts": 14551.169999999998,
          "reason": "finished",
          "aggregated": true,
          "target_pct": 100.0
        }
      ],
      "rental": [],
      "hospital": [
        {
          "ts_sim": 14394.70199999999,
          "fee": 5.0
        }
      ],
      "help_income": [],
      "help_expense": [],
      "advance_out": [],
      "advance_return": []
    }
  },
  "energy": {
    "personal_consumed_pct": 243.98416875811444,
    "scooter_batt_consumed_pct": 239.37296545725317,
    "personal_remaining_pct": 0.0,
    "scooter_remaining_pct": 100.0
  },
  "orders": {
    "completed_count": 7,
    "timeout_count": 3,
    "ontime_rate": 0.5714285714285714,
    "avg_stars": 4.142857142857143,
    "avg_food_stars": 3.7142857142857144,
    "temp_ok_rate": 0.42857142857142855,
    "odor_ok_rate": 0.7142857142857143,
    "damage_ok_rate": 1.0,
    "method_success_rate": 1.0,
    "total_active_time_s": 5922.509999999951,
    "avg_time_per_order_s": 846.0728571428501,
    "open_count": 1,
    "open_overdue_count": 0,
    "open_not_due_count": 1,
    "completed_order_details": [
      {
        "id": 2,
        "duration_s": 1197.70499999998,
        "time_limit_s": 234.0519317714048,
        "deadline_slack_s": -963.6530682285751,
        "is_overdue": true,
        "temp_ok_all": false,
        "odor_ok_all": true,
        "damage_ok_all": true,
        "pick_score": 4.4074074074074066,
        "stars": {
          "overall": 3,
          "time": 1,
          "food": 3,
          "method": 5
        },
        "earnings": 1.371782840961786,
        "bonus_extra": 0.0,
        "paid_total": 1.371782840961786,
        "pickup": "14th road (right)",
        "dropoff": "15th road (right)",
        "allowed_delivery_methods": [
          "leave_at_door",
          "knock"
        ],
        "delivery_method": "leave_at_door"
      },
      {
        "id": 0,
        "duration_s": 521.5289999999804,
        "time_limit_s": 103.75305195068216,
        "deadline_slack_s": -417.7759480492983,
        "is_overdue": true,
        "temp_ok_all": true,
        "odor_ok_all": true,
        "damage_ok_all": true,
        "pick_score": 3.3703703703703707,
        "stars": {
          "overall": 4,
          "time": 1,
          "food": 5,
          "method": 5
        },
        "earnings": 0.6485143229380047,
        "bonus_extra": 1.5,
        "paid_total": 2.148514322938005,
        "pickup": "14th road (right)",
        "dropoff": "14th road (right)",
        "allowed_delivery_methods": [],
        "delivery_method": "leave_at_door"
      },
      {
        "id": 3,
        "duration_s": 1333.2630000000063,
        "time_limit_s": 871.3414169332948,
        "deadline_slack_s": -461.9215830667115,
        "is_overdue": true,
        "temp_ok_all": true,
        "odor_ok_all": true,
        "damage_ok_all": true,
        "pick_score": 2.9259259259259256,
        "stars": {
          "overall": 3,
          "time": 1,
          "food": 4,
          "method": 5
        },
        "earnings": 8.050968342125326,
        "bonus_extra": 0.0,
        "paid_total": 8.050968342125326,
        "pickup": "11th road (left)",
        "dropoff": "4th road (right)",
        "allowed_delivery_methods": [],
        "delivery_method": "leave_at_door"
      },
      {
        "id": 7,
        "duration_s": 552.7470000000103,
        "time_limit_s": 1600.0995997029852,
        "deadline_slack_s": 1047.3525997029749,
        "is_overdue": false,
        "temp_ok_all": true,
        "odor_ok_all": true,
        "damage_ok_all": true,
        "pick_score": 2.185185185185185,
        "stars": {
          "overall": 5,
          "time": 5,
          "food": 4,
          "method": 5
        },
        "earnings": 19.73466708822826,
        "bonus_extra": 3.0,
        "paid_total": 22.73466708822826,
        "pickup": "12th road (right)",
        "dropoff": "17th road (left)",
        "allowed_delivery_methods": [
          "leave_at_door",
          "knock"
        ],
        "delivery_method": "leave_at_door"
      },
      {
        "id": 10,
        "duration_s": 567.7949999999983,
        "time_limit_s": 1271.6743425766967,
        "deadline_slack_s": 703.8793425766985,
        "is_overdue": false,
        "temp_ok_all": false,
        "odor_ok_all": false,
        "damage_ok_all": true,
        "pick_score": 3.5185185185185186,
        "stars": {
          "overall": 5,
          "time": 5,
          "food": 4,
          "method": 5
        },
        "earnings": 11.460176451903248,
        "bonus_extra": 3.0,
        "paid_total": 14.460176451903248,
        "pickup": "11th road (left)",
        "dropoff": "7th road (right)",
        "allowed_delivery_methods": [
          "knock"
        ],
        "delivery_method": "knock"
      },
      {
        "id": 11,
        "duration_s": 882.0959999999977,
        "time_limit_s": 1230.6545003290114,
        "deadline_slack_s": 348.55850032901367,
        "is_overdue": false,
        "temp_ok_all": false,
        "odor_ok_all": false,
        "damage_ok_all": true,
        "pick_score": 3.2222222222222223,
        "stars": {
          "overall": 4,
          "time": 5,
          "food": 2,
          "method": 5
        },
        "earnings": 16.153582234012703,
        "bonus_extra": 1.5,
        "paid_total": 17.653582234012703,
        "pickup": "5th road (left)",
        "dropoff": "17th road (left)",
        "allowed_delivery_methods": [
          "leave_at_door"
        ],
        "delivery_method": "leave_at_door"
      },
      {
        "id": 13,
        "duration_s": 867.3749999999782,
        "time_limit_s": 1226.6121054590496,
        "deadline_slack_s": 359.2371054590715,
        "is_overdue": false,
        "temp_ok_all": false,
        "odor_ok_all": true,
        "damage_ok_all": true,
        "pick_score": 4.111111111111111,