{
  "meta": {
    "agent_id": "3",
    "model": "anthropic/claude-3.7-sonnet",
    "lifecycle_hours": 2.0,
    "started_sim_s": 71.43599999999424,
    "ended_sim_s": 16954.781999999992,
    "active_elapsed_s": 7200.263999999945,
    "active_hours": 2.000073333333318,
    "wall_finished_ts": 1760125296.499105
  },
  "money": {
    "totals": {
      "initial_earnings": 100.0,
      "current_balance": 148.94307748641927,
      "net_growth": 48.94307748641927,
      "orders_income": 73.69347748642382,
      "help_income": 0.0,
      "expense_total": 24.750400000000113,
      "base_wage": 52.69347748642382,
      "bonus": 21.0,
      "help_expense": 0.0,
      "expense_breakdown": {
        "purchases": 3.0,
        "charging": 21.750400000000113,
        "rental": 0.0,
        "hospital": 0.0,
        "help_expense": 0.0
      },
      "advances": {
        "out": 0.0,
        "returned": 0.0,
        "net": 0.0
      },
      "observed_agent_balance_end": 148.94307748641927
    },
    "per_hour": {
      "net_growth": 24.470641486355326,
      "orders_income": 36.84538774566152,
      "help_income": 0.0,
      "expense_total": 12.374746259303977,
      "base_wage": 26.34577273154529,
      "bonus": 10.49961501411623,
      "initial_earnings": 49.99816673388681,
      "current_balance": 74.46880822024214,
      "help_expense": 0.0,
      "observed_agent_balance_end": 74.46880822024214
    },
    "details": {
      "purchases": [
        {
          "ts_sim": 14693.906999999992,
          "items": "1 x ice_pack",
          "cost": 3.0
        }
      ],
      "charging": [
        {
          "ts_sim": 16954.781999999992,
          "which": "own",
          "req_id": null,
          "delta_pct": 435.007999999998,
          "cost": 21.750400000000113,
          "start_ts": 2908.6859999999942,
          "end_ts": 16954.781999999992,
          "reason": "lifecycle_end",
          "aggregated": true,
          "target_pct": null
        }
      ],
      "rental": [],
      "hospital": [],
      "help_income": [],
      "help_expense": [],
      "advance_out": [],
      "advance_return": []
    }
  },
  "energy": {
    "personal_consumed_pct": 99.20999737641091,
    "scooter_batt_consumed_pct": 193.96418842301944,
    "personal_remaining_pct": 63.33129041943386,
    "scooter_remaining_pct": 97.0796231539595
  },
  "orders": {
    "completed_count": 12,
    "timeout_count": 9,
    "ontime_rate": 0.25,
    "avg_stars": 4.166666666666667,
    "avg_food_stars": 4.083333333333333,
    "temp_ok_rate": 0.25,
    "odor_ok_rate": 0.9166666666666666,
    "damage_ok_rate": 1.0,
    "method_success_rate": 1.0,
    "total_active_time_s": 6372.782999999974,
    "avg_time_per_order_s": 531.0652499999978,
    "open_count": 0,
    "open_overdue_count": 0,
    "open_not_due_count": 0,
    "completed_order_details": [
      {
        "id": 8,
        "duration_s": 667.4969999999885,
        "time_limit_s": 472.50271617885176,
        "deadline_slack_s": -194.99428382113672,
        "is_overdue": true,
        "temp_ok_all": false,
        "odor_ok_all": true,
        "damage_ok_all": true,
        "pick_score": 3.814814814814815,
        "stars": {
          "overall": 4,
          "time": 2,
          "food": 4,
          "method": 5
        },
        "earnings": 2.3776160250201985,
        "bonus_extra": 1.5,
        "paid_total": 3.8776160250201985,
        "pickup": "14th road (left)",
        "dropoff": "5th road (right)",
        "allowed_delivery_methods": [
          "knock"
        ],
        "delivery_method": "knock"
      },
      {
        "id": 7,
        "duration_s": 663.2310000000143,
        "time_limit_s": 575.0356293886648,
        "deadline_slack_s": -88.19537061134952,
        "is_overdue": true,
        "temp_ok_all": true,
        "odor_ok_all": true,
        "damage_ok_all": true,
        "pick_score": 3.814814814814815,
        "stars": {
          "overall": 4,
          "time": 3,
          "food": 4,
          "method": 5
        },
        "earnings": 6.149042287207404,
        "bonus_extra": 1.5,
        "paid_total": 7.649042287207404,
        "pickup": "14th road (left)",
        "dropoff": "17th road (right)",
        "allowed_delivery_methods": [
          "leave_at_door",
          "knock"
        ],
        "delivery_method": "leave_at_door"
      },
      {
        "id": 2,
        "duration_s": 644.6760000000213,
        "time_limit_s": 499.17592440235944,
        "deadline_slack_s": -145.50007559766186,
        "is_overdue": true,
        "temp_ok_all": false,
        "odor_ok_all": true,
        "damage_ok_all": true,
        "pick_score": 4.555555555555555,
        "stars": {
          "overall": 4,
          "time": 2,
          "food": 4,
          "method": 5
        },
        "earnings": 4.511516456653541,
        "bonus_extra": 1.5,
        "paid_total": 6.011516456653541,
        "pickup": "17th road (left)",
        "dropoff": "8th road (left)",
        "allowed_delivery_methods": [],
        "delivery_method": "leave_at_door"
      },
      {
        "id": 1,
        "duration_s": 520.2209999999977,
        "time_limit_s": 804.9708841514387,
        "deadline_slack_s": 284.74988415144094,
        "is_overdue": false,
        "temp_ok_all": true,
        "odor_ok_all": true,
        "damage_ok_all": true,
        "pick_score": 2.7777777777777777,
        "stars": {
          "overall": 5,
          "time": 5,
          "food": 5,
          "method": 5
        },
        "earnings": 7.239412307469881,
        "bonus_extra": 3.0,
        "paid_total": 10.23941230746988,
        "pickup": "8th road (left)",
        "dropoff": "3rd road (left)",
        "allowed_delivery_methods": [],
        "delivery_method": "leave_at_door"
      },
      {
        "id": 6,
        "duration_s": 536.9009999999689,
        "time_limit_s": 248.49359538550632,
        "deadline_slack_s": -288.4074046144626,
        "is_overdue": true,
        "temp_ok_all": false,
        "odor_ok_all": true,
        "damage_ok_all": true,
        "pick_score": 4.703703703703704,
        "stars": {
          "overall": 3,
          "time": 1,
          "food": 4,
          "method": 5
        },
        "earnings": 1.26857498532281,
        "bonus_extra": 0.0,
        "paid_total": 1.26857498532281,
        "pickup": "4th road (left)",
        "dropoff": "5th road (left)",
        "allowed_delivery_methods": [
          "leave_at_door"
        ],
        "delivery_method": "leave_at_door"
      },
      {
        "id": 5,
        "duration_s": 447.1829999999827,
        "time_limit_s": 373.38429701877266,
        "deadline_slack_s": -73.79870298121006,
        "is_overdue": true,
        "temp_ok_all": true,
        "odor_ok_all": true,
        "damage_ok_all": true,
        "pick_score": 3.2222222222222223,
        "stars": {
          "overall": 4,
          "time": 3,
          "food": 4,
          "method": 5
        },
        "earnings": 2.3333768056636908,
        "bonus_extra": 1.5,
        "paid_total": 3.8333768056636908,
        "pickup": "4th road (left)",
        "dropoff": "11th road (left)",
        "allowed_delivery_methods": [],
        "delivery_method": "leave_at_door"
      },
      {
        "id": 11,
        "duration_s": 422.9070000000138,
        "time_limit_s": 354.51750579146494,
        "deadline_slack_s": -68.38949420854885,
        "is_overdue": true,
        "temp_ok_all": false,
        "odor_ok_all": true,
        "damage_ok_all": true,
        "pick_score": 3.2222222222222228,
        "stars": {
          "overall": 4,
          "time": 3,
          "food": 4,
          "method": 5
        },
        "earnings": 4.042583992128575,
        "bonus_extra": 1.5,
        "paid_total": 5.542583992128575,
        "pickup": "4th road (left)",
        "dropoff": "22nd road (right)",
        "allowed_delivery_methods": [],
        "delivery_method": "leave_at_door"
      },
      {
        "id": 14,
        "duration_s": 408.7530000000115,