{
  "meta": {
    "agent_id": "5",
    "model": "qwen/qwen2.5-vl-72b-instruct",
    "lifecycle_hours": 2.0,
    "started_sim_s": 75.375,
    "ended_sim_s": 11024.906999999992,
    "active_elapsed_s": 7211.484000000048,
    "active_hours": 2.0031900000000133,
    "wall_finished_ts": 1760123319.8701825
  },
  "money": {
    "totals": {
      "initial_earnings": 100.0,
      "current_balance": 96.04187580348137,
      "net_growth": -3.958124196518625,
      "orders_income": 16.04187580348138,
      "help_income": 0.0,
      "expense_total": 20.0,
      "base_wage": 13.041875803481378,
      "bonus": 3.0,
      "help_expense": 0.0,
      "expense_breakdown": {
        "purchases": 0.0,
        "charging": 0.0,
        "rental": 0.0,
        "hospital": 20.0,
        "help_expense": 0.0
      },
      "advances": {
        "out": 0.0,
        "returned": 0.0,
        "net": 0.0
      },
      "observed_agent_balance_end": 96.04187580348137
    },
    "per_hour": {
      "net_growth": -1.975910520978339,
      "orders_income": 8.008164878759015,
      "help_income": 0.0,
      "expense_total": 9.984075399737351,
      "base_wage": 6.510553568798413,
      "bonus": 1.4976113099606028,
      "initial_earnings": 49.92037699868676,
      "current_balance": 47.944466477708424,
      "help_expense": 0.0,
      "observed_agent_balance_end": 47.944466477708424
    },
    "details": {
      "purchases": [],
      "charging": [],
      "rental": [],
      "hospital": [
        {
          "ts_sim": 2209.781999999992,
          "fee": 5.0
        },
        {
          "ts_sim": 4445.483999999982,
          "fee": 5.0
        },
        {
          "ts_sim": 6875.531999999992,
          "fee": 5.0
        },
        {
          "ts_sim": 9212.108999999982,
          "fee": 5.0
        }
      ],
      "help_income": [],
      "help_expense": [],
      "advance_out": [],
      "advance_return": []
    }
  },
  "energy": {
    "personal_consumed_pct": 457.87467563903493,
    "scooter_batt_consumed_pct": 24.95613101806841,
    "personal_remaining_pct": 42.12532436096437,
    "scooter_remaining_pct": 0.0
  },
  "orders": {
    "completed_count": 2,
    "timeout_count": 1,
    "ontime_rate": 0.5,
    "avg_stars": 4.0,
    "avg_food_stars": 4.0,
    "temp_ok_rate": 0.5,
    "odor_ok_rate": 1.0,
    "damage_ok_rate": 1.0,
    "method_success_rate": 1.0,
    "total_active_time_s": 3041.3460000000196,
    "avg_time_per_order_s": 1520.6730000000098,
    "open_count": 0,
    "open_overdue_count": 0,
    "open_not_due_count": 0,
    "completed_order_details": [
      {
        "id": 0,
        "duration_s": 589.781999999992,
        "time_limit_s": 753.7064507145321,
        "deadline_slack_s": 163.92445071454017,
        "is_overdue": false,
        "temp_ok_all": false,
        "odor_ok_all": true,
        "damage_ok_all": true,
        "pick_score": 2.7777777777777777,
        "stars": {
          "overall": 5,
          "time": 5,
          "food": 4,
          "method": 5
        },
        "earnings": 9.422169649746438,
        "bonus_extra": 3.0,
        "paid_total": 12.422169649746438,
        "pickup": "17th road (left)",
        "dropoff": "13th road (left)",
        "allowed_delivery_methods": [],
        "delivery_method": "leave_at_door"
      },
      {
        "id": 1,
        "duration_s": 2451.5640000000276,
        "time_limit_s": 804.9708841514387,
        "deadline_slack_s": -1646.593115848589,
        "is_overdue": true,
        "temp_ok_all": true,
        "odor_ok_all": true,
        "damage_ok_all": true,
        "pick_score": 2.185185185185185,
        "stars": {
          "overall": 3,
          "time": 1,
          "food": 4,
          "method": 5
        },
        "earnings": 3.6197061537349406,
        "bonus_extra": 0.0,
        "paid_total": 3.6197061537349406,
        "pickup": "8th road (left)",
        "dropoff": "3rd road (left)",
        "allowed_delivery_methods": [],
        "delivery_method": "leave_at_door"
      }
    ],
    "open_order_details": []
  },
  "activity": {
    "effective_time_ratio": 0.45919591584756003,
    "inactive_time_s_breakdown": {
      "wait": 300.0,
      "hospital": 3600.0
    },
    "inactive_total_time_s": 3900.0,
    "orders_per_hour": 0.9984075399737352,
    "avg_order_time_s": 1520.6730000000098,
    "mode_time_s": {
      "e-scooter": 590.765999999996,
      "walk": 6620.718000000052
    },
    "mode_time_ratio": {
      "e-scooter": 0.08192017066112774,
      "walk": 0.9180798293388722
    }
  },
  "interruptions": {
    "scooter_depleted": 0,
    "hospital_rescue": 4,
    "rent_insufficient": 0,
    "charge_insufficient": 0,
    "total": 4
  },
  "prevention": {
    "total": 0,
    "by_kind": {},
    "prevention_rate": 0.0
  },
  "social": {
    "help_posted": 0,
    "help_accepted": 0,
    "help_given": 0,
    "help_received": 0
  },
  "capability_buckets": {
    "high_level_planning": {
      "active_time_ratio": 0.42173649695402493,
      "orders_per_hour": 0.9984075399737352,
      "avg_order_time_s": 1520.6730000000098,
      "scooter_depleted_events": 0,
      "hospital_rescue_times": 4,
      "rent_insufficient_times": 0,
      "charge_insufficient_times": 0
    },
    "common_sense_reasoning": {
      "temp_ok_rate": 0.5,
      "odor_ok_rate": 1.0,
      "damage_ok_rate": 1.0,
      "method_success_rate": 1.0
    },
    "social_reasoning": {
      "help_posted": 0,
      "help_accepted": 0,
      "help_given": 0,
      "help_received": 0,
      "say": 0
    }
  },
  "actions": {
    "view_orders": {
      "attempts": 1,
      "successes": 1,
      "success_rate": 1.0
    },
    "accept_order": {
      "attempts": 1,
      "successes": 1,
      "success_rate": 1.0
    },
    "move_to": {
      "attempts": 30,
      "successes": 25,
      "success_rate": 0.8333333333333334
    },
    "wait": {
      "attempts": 1,
      "successes": 1,
      "success_rate": 1.0
    },
    "pickup": {
      "attempts": 2,
      "successes": 2,
      "success_rate": 1.0
    },
    "place_food_in_bag": {
      "attempts": 2,
      "successes": 2,
      "success_rate": 1.0
    },
    "drop_off": {
      "attempts": 2,
      "successes": 2,
      "success_rate": 1.0
    },
    "switch_transport": {
      "attempts": 1,
      "successes": 1,
      "success_rate": 1.0
    },
    "charge_escooter": {
      "attempts": 12,
      "successes": 0,
      "success_rate": 0.0
    },
    "rest": {
      "attempts": 1,
      "successes": 0,
      "success_rate": 0.0
    }
  },
  "vlm": {
    "total_calls": 53,
    "successes": 53,
    "parse_failures": 0,
    "retries": 0,
    "success_rate": 1.0,
    "parse_success_rate": 1.0
  }
}