{
  "meta": {
    "agent_id": "2",
    "model": "openai/gpt-5",
    "lifecycle_hours": 2.0,
    "started_sim_s": 17.061000000103377,
    "ended_sim_s": 10937.718000000052,
    "active_elapsed_s": 7200.177000000724,
    "active_hours": 2.0000491666668676,
    "wall_finished_ts": 1758606291.8418756
  },
  "money": {
    "totals": {
      "initial_earnings": 100.0,
      "current_balance": 99.21103963220362,
      "net_growth": -0.7889603677963777,
      "orders_income": 35.211039632203615,
      "help_income": 0.0,
      "expense_total": 36.0,
      "base_wage": 27.711039632203615,
      "bonus": 7.5,
      "help_expense": 0.0,
      "expense_breakdown": {
        "purchases": 16.0,
        "charging": 0.0,
        "rental": 0.0,
        "hospital": 20.0,
        "help_expense": 0.0
      },
      "advances": {
        "out": 0.0,
        "returned": 0.0,
        "net": 0.0
      },
      "observed_agent_balance_end": 99.21103963220362
    },
    "per_hour": {
      "net_growth": -0.39447048649868943,
      "orders_income": 17.605087024377355,
      "help_income": 0.0,
      "expense_total": 17.99955751087605,
      "base_wage": 13.855179209611512,
      "bonus": 3.7499078147658436,
      "initial_earnings": 49.99877086354458,
      "current_balance": 49.604300377045895,
      "help_expense": 0.0,
      "observed_agent_balance_end": 49.604300377045895
    },
    "details": {
      "purchases": [
        {
          "ts_sim": 2958.8910000000615,
          "items": "1 x escooter_battery_pack, 1 x energy_drink",
          "cost": 16.0
        }
      ],
      "charging": [],
      "rental": [],
      "hospital": [
        {
          "ts_sim": 4393.545000000042,
          "fee": 5.0
        },
        {
          "ts_sim": 6387.045000000042,
          "fee": 5.0
        },
        {
          "ts_sim": 8338.77899999998,
          "fee": 5.0
        },
        {
          "ts_sim": 10295.391000000061,
          "fee": 5.0
        }
      ],
      "help_income": [],
      "help_expense": [],
      "advance_out": [],
      "advance_return": []
    }
  },
  "orders": {
    "completed_count": 10,
    "timeout_count": 8,
    "avg_stars": 3.5,
    "avg_food_stars": 3.8,
    "temp_ok_rate": 0.2,
    "odor_ok_rate": 0.8,
    "damage_ok_rate": 1.0,
    "method_success_rate": 1.0,
    "total_active_time_s": 11984.982000001415,
    "avg_time_per_order_s": 1198.4982000001414,
    "details": [
      {
        "id": 8,
        "duration_s": 343.0800000001327,
        "on_time": true,
        "temp_ok_all": false,
        "odor_ok_all": true,
        "damage_ok_all": true,
        "stars": {
          "overall": 5,
          "time": 5,
          "food": 4,
          "method": 5
        },
        "earnings": 7.106688909848825,
        "bonus_extra": 3.0,
        "paid_total": 10.106688909848824,
        "pickup": "7th road (right)",
        "dropoff": "8th road (right)",
        "allowed_delivery_methods": [],
        "delivery_method": "leave_at_door"
      },
      {
        "id": 11,
        "duration_s": 492.5160000002361,
        "on_time": false,
        "temp_ok_all": true,
        "odor_ok_all": true,
        "damage_ok_all": true,
        "stars": {
          "overall": 3,
          "time": 1,
          "food": 4,
          "method": 5
        },
        "earnings": 1.2001725742869735,
        "bonus_extra": 0.0,
        "paid_total": 1.2001725742869735,
        "pickup": "7th road (right)",
        "dropoff": "10th road (left)",
        "allowed_delivery_methods": [],
        "delivery_method": "leave_at_door"
      },
      {
        "id": 30,
        "duration_s": 337.6410000002361,
        "on_time": true,
        "temp_ok_all": true,
        "odor_ok_all": false,
        "damage_ok_all": true,
        "stars": {
          "overall": 5,
          "time": 5,
          "food": 4,
          "method": 5
        },
        "earnings": 4.271581870100313,
        "bonus_extra": 3.0,
        "paid_total": 7.271581870100313,
        "pickup": "4th road (left)",
        "dropoff": "15th road (left)",
        "allowed_delivery_methods": [],
        "delivery_method": "call"
      },
      {
        "id": 32,
        "duration_s": 728.4360000004526,
        "on_time": false,
        "temp_ok_all": false,
        "odor_ok_all": true,
        "damage_ok_all": true,
        "stars": {
          "overall": 3,
          "time": 1,
          "food": 4,
          "method": 5
        },
        "earnings": 0.8647000726171475,
        "bonus_extra": 0.0,
        "paid_total": 0.8647000726171475,
        "pickup": "7th road (right)",
        "dropoff": "4th road (left)",
        "allowed_delivery_methods": [
          "call"
        ],
        "delivery_method": "call"
      },
      {
        "id": 63,
        "duration_s": 489.28200000012293,
        "on_time": false,
        "temp_ok_all": false,
        "odor_ok_all": true,
        "damage_ok_all": true,
        "stars": {
          "overall": 4,
          "time": 3,
          "food": 4,
          "method": 5
        },
        "earnings": 2.6950075466321395,
        "bonus_extra": 1.5,
        "paid_total": 4.195007546632139,
        "pickup": "7th road (right)",
        "dropoff": "5th road (right)",
        "allowed_delivery_methods": [],
        "delivery_method": "leave_at_door"
      },
      {
        "id": 58,
        "duration_s": 1896.8430000002263,
        "on_time": false,
        "temp_ok_all": false,
        "odor_ok_all": false,
        "damage_ok_all": true,
        "stars": {
          "overall": 3,
          "time": 1,
          "food": 3,
          "method": 5
        },
        "earnings": 1.890475140146475,
        "bonus_extra": 0.0,
        "paid_total": 1.890475140146475,
        "pickup": "4th road (left)",
        "dropoff": "10th road (left)",
        "allowed_delivery_methods": [],
        "delivery_method": "leave_at_door"
      },
      {
        "id": 61,
        "duration_s": 1943.9970000002068,
        "on_time": false,
        "temp_ok_all": false,
        "odor_ok_all": true,
        "damage_ok_all": true,
        "stars": {
          "overall": 3,
          "time": 1,
          "food": 4,
          "method": 5
        },
        "earnings": 2.439567855536083,
        "bonus_extra": 0.0,
        "paid_total": 2.439567855536083,
        "pickup": "4th road (left)",
        "dropoff": "10th road (right)",
        "allowed_delivery_methods": [],
        "delivery_method": "leave_at_door"
      },
      {
        "id": 80,
        "duration_s": 1263.1829999999609,
        "on_time": false,
        "temp_ok_all": false,
        "odor_ok_all": true,
        "damage_ok_all": true,
        "stars": {
          "overall": 3,
          "time": 1,
          "food": 4,
          "method": 5
        },
        "earnings": 2.6252871727510088,
        "bonus_extra": 0.0,
        "paid_total": 2.6252871727510088,
        "pickup": "14th road (right)",
        "dropoff": "5th road (right)",
        "allowed_delivery_methods": [],
        "delivery_method": "leave_at_door"
      },
      {
        "id": 85,
        "duration_s": 1514.759999999951,
        "on_time": false,
        "temp_ok_all": false,
        "odor_ok_all": true,
        "damage_ok_all": true,
        "stars": {
          "overall": 3,
          "time": 1,
          "food": 4,
          "method": 5
        },
        "earnings": 1.3427048675049158,
        "bonus_extra": 0.0,
        "paid_total": 1.3427048675049158,
        "pickup": "14th road (right)",
        "dropoff": "7th road (left)",
        "allowed_delivery_methods": [
          "knock"
        ],
        "delivery_method": "knock"
      },
      {
        "id": 73,
        "duration_s": 2975.2439999998896,
        "on_time": false,
        "temp_ok_all": false,
        "odor_ok_all": true,
        "damage_ok_all": true,
        "stars": {
          "overall": 3,
          "time": 1,
          "food": 3,
          "method": 5
        },
        "earnings": 3.2748536227797334,