{
  "meta": {
    "agent_id": "5",
    "model": "qwen/qwen2.5-vl-72b-instruct",
    "lifecycle_hours": 2.0,
    "started_sim_s": 44.765999999974156,
    "ended_sim_s": 9772.734000000026,
    "active_elapsed_s": 7201.5030000001425,
    "active_hours": 2.0004175000000397,
    "wall_finished_ts": 1758394284.3551583
  },
  "money": {
    "totals": {
      "initial_earnings": 100.0,
      "current_balance": 107.03109530053659,
      "net_growth": 7.031095300536592,
      "orders_income": 31.97874530053702,
      "help_income": 0.0,
      "expense_total": 24.94765000000043,
      "base_wage": 27.47874530053702,
      "bonus": 4.5,
      "help_expense": 0.0,
      "expense_breakdown": {
        "purchases": 0.0,
        "charging": 4.947650000000429,
        "rental": 0.0,
        "hospital": 20.0,
        "help_expense": 0.0
      },
      "advances": {
        "out": 0.0,
        "returned": 0.0,
        "net": 0.0
      },
      "observed_agent_balance_end": 107.03109530053659
    },
    "per_hour": {
      "net_growth": 3.515547650268296,
      "orders_income": 15.98937265026851,
      "help_income": 0.0,
      "expense_total": 12.473825000000215,
      "base_wage": 13.73937265026851,
      "bonus": 2.25,
      "initial_earnings": 50.0,
      "current_balance": 53.515547650268296,
      "help_expense": 0.0,
      "observed_agent_balance_end": 53.515547650268296
    },
    "details": {
      "purchases": [],
      "charging": [
        {
          "ts_sim": 9772.734000000026,
          "which": "own",
          "req_id": null,
          "delta_pct": 98.95300000000861,
          "cost": 4.947650000000429,
          "start_ts": 1781.9069999999483,
          "end_ts": 9772.734000000026,
          "reason": "lifecycle_end",
          "aggregated": true,
          "target_pct": null
        }
      ],
      "rental": [],
      "hospital": [
        {
          "ts_sim": 4655.20199999999,
          "fee": 5.0
        },
        {
          "ts_sim": 6338.765999999974,
          "fee": 5.0
        },
        {
          "ts_sim": 8028.0,
          "fee": 5.0
        },
        {
          "ts_sim": 9672.656999999948,
          "fee": 5.0
        }
      ],
      "help_income": [],
      "help_expense": [],
      "advance_out": [],
      "advance_return": []
    }
  },
  "orders": {
    "completed_count": 3,
    "timeout_count": 1,
    "avg_stars": 4.0,
    "avg_food_stars": 3.6666666666666665,
    "temp_ok_rate": 0.0,
    "odor_ok_rate": 1.0,
    "damage_ok_rate": 1.0,
    "method_success_rate": 0.6666666666666666,
    "total_active_time_s": 1981.3589999999385,
    "avg_time_per_order_s": 660.4529999999795,
    "details": [
      {
        "id": 0,
        "duration_s": 626.6249999999127,
        "on_time": true,
        "temp_ok_all": false,
        "odor_ok_all": true,
        "damage_ok_all": true,
        "stars": {
          "overall": 3,
          "time": 5,
          "food": 3,
          "method": 1
        },
        "earnings": 6.883996871816448,
        "bonus_extra": 0.0,
        "paid_total": 6.883996871816448,
        "pickup": "12th road (left)",
        "dropoff": "4th road (right)",
        "allowed_delivery_methods": [
          "hand_to_customer"
        ],
        "delivery_method": "leave_at_door"
      },
      {
        "id": 11,
        "duration_s": 1080.5159999999742,
        "on_time": false,
        "temp_ok_all": false,
        "odor_ok_all": true,
        "damage_ok_all": true,
        "stars": {
          "overall": 4,
          "time": 3,
          "food": 4,
          "method": 5
        },
        "earnings": 9.9899884242644,
        "bonus_extra": 1.5,
        "paid_total": 11.4899884242644,
        "pickup": "5th road (right)",
        "dropoff": "25th road (left)",
        "allowed_delivery_methods": [],
        "delivery_method": "leave_at_door"
      },
      {
        "id": 17,
        "duration_s": 274.2180000000517,
        "on_time": true,
        "temp_ok_all": false,
        "odor_ok_all": true,
        "damage_ok_all": true,
        "stars": {
          "overall": 5,
          "time": 5,
          "food": 4,
          "method": 5
        },
        "earnings": 10.604760004456177,
        "bonus_extra": 3.0,
        "paid_total": 13.604760004456177,
        "pickup": "7th road (left)",
        "dropoff": "9th road (left)",
        "allowed_delivery_methods": [
          "call"
        ],
        "delivery_method": "call"
      }
    ]
  },
  "activity": {
    "active_time_ratio": 0.27513131633770055,
    "orders_per_hour": 1.5,
    "avg_order_time_s": 660.4529999999795,
    "mode_time_s": {
      "e-scooter": 1646.256000000023,
      "drag_scooter": 5083.920000000129,
      "walk": 471.3269999999902
    },
    "mode_time_ratio": {
      "e-scooter": 0.22859894663655497,
      "drag_scooter": 0.705952632387993,
      "walk": 0.06544842097545206
    }
  },
  "interruptions": {
    "scooter_depleted": 2,
    "hospital_rescue": 4,
    "rent_insufficient": 0,
    "charge_insufficient": 0
  },
  "social": {
    "help_posted": 0,
    "help_accepted": 0,
    "help_given": 0,
    "help_received": 0
  },
  "capability_buckets": {
    "high_level_planning": {
      "active_time_ratio": 0.27513131633770055,
      "orders_per_hour": 1.499686940351172,
      "avg_order_time_s": 660.4529999999795,
      "scooter_depleted_events": 2,
      "hospital_rescue_times": 4,
      "rent_insufficient_times": 0,
      "charge_insufficient_times": 0
    },
    "common_sense_reasoning": {
      "temp_ok_rate": 0.0,
      "odor_ok_rate": 1.0,
      "damage_ok_rate": 1.0,
      "method_success_rate": 0.6666666666666666
    },
    "social_reasoning": {
      "help_posted": 0,
      "help_accepted": 0,
      "help_given": 0,
      "help_received": 0,
      "say": 0
    }
  },
  "actions": {
    "view_orders": {
      "attempts": 4,
      "successes": 4,
      "success_rate": 1.0
    },
    "accept_order": {
      "attempts": 4,
      "successes": 4,
      "success_rate": 1.0
    },
    "move_to": {
      "attempts": 18,
      "successes": 11,
      "success_rate": 0.6111111111111112
    },
    "pickup": {
      "attempts": 4,
      "successes": 4,
      "success_rate": 1.0
    },
    "place_food_in_bag": {
      "attempts": 4,
      "successes": 4,
      "success_rate": 1.0
    },
    "drop_off": {
      "attempts": 5,
      "successes": 3,
      "success_rate": 0.6
    },
    "charge_escooter": {
      "attempts": 1,
      "successes": 1,
      "success_rate": 1.0
    },
    "wait": {
      "attempts": 1,
      "successes": 1,
      "success_rate": 1.0
    },
    "switch_transport": {
      "attempts": 1,
      "successes": 1,
      "success_rate": 1.0
    }
  },
  "vlm": {
    "total_calls": 42,
    "successes": 42,
    "parse_failures": 0,
    "retries": 0,
    "success_rate": 1.0,
    "parse_success_rate": 1.0
  }
}