{
  "meta": {
    "agent_id": "8",
    "model": "qwen/qwen2.5-vl-32b-instruct",
    "lifecycle_hours": 2.0,
    "started_sim_s": 54.887999999918975,
    "ended_sim_s": 13464.0,
    "active_elapsed_s": 7200.986999999906,
    "active_hours": 2.0002741666666406,
    "wall_finished_ts": 1758687420.187755
  },
  "money": {
    "totals": {
      "initial_earnings": 100.0,
      "current_balance": 105.34298386501659,
      "net_growth": 5.342983865016592,
      "orders_income": 25.342983865016382,
      "help_income": 0.0,
      "expense_total": 20.0,
      "base_wage": 19.342983865016382,
      "bonus": 6.0,
      "help_expense": 0.0,
      "expense_breakdown": {
        "purchases": 0.0,
        "charging": 4.999999999999998,
        "rental": 0.0,
        "hospital": 15.0,
        "help_expense": 0.0
      },
      "advances": {
        "out": 0.0,
        "returned": 0.0,
        "net": 0.0
      },
      "observed_agent_balance_end": 105.34298386501659
    },
    "per_hour": {
      "net_growth": 2.6711257656846183,
      "orders_income": 12.669755120243956,
      "help_income": 0.0,
      "expense_total": 9.998629354559442,
      "base_wage": 9.670166313876123,
      "bonus": 2.9995888063678326,
      "initial_earnings": 49.99314677279721,
      "current_balance": 52.66427253848183,
      "help_expense": 0.0,
      "observed_agent_balance_end": 52.66427253848183
    },
    "details": {
      "purchases": [],
      "charging": [
        {
          "ts_sim": 3784.545000000042,
          "which": "own",
          "req_id": null,
          "delta_pct": 100.0,
          "cost": 4.999999999999998,
          "start_ts": 3094.45199999999,
          "end_ts": 3784.545000000042,
          "reason": "finished",
          "aggregated": true,
          "target_pct": 100.0
        }
      ],
      "rental": [],
      "hospital": [
        {
          "ts_sim": 5436.375,
          "fee": 5.0
        },
        {
          "ts_sim": 7598.012999999919,
          "fee": 5.0
        },
        {
          "ts_sim": 9992.435999999929,
          "fee": 5.0
        }
      ],
      "help_income": [],
      "help_expense": [],
      "advance_out": [],
      "advance_return": []
    }
  },
  "orders": {
    "completed_count": 6,
    "timeout_count": 4,
    "avg_stars": 3.6666666666666665,
    "avg_food_stars": 4.0,
    "temp_ok_rate": 0.0,
    "odor_ok_rate": 1.0,
    "damage_ok_rate": 1.0,
    "method_success_rate": 1.0,
    "total_active_time_s": 6034.031999999948,
    "avg_time_per_order_s": 1005.6719999999914,
    "details": [
      {
        "id": 1,
        "duration_s": 225.32699999999022,
        "on_time": true,
        "temp_ok_all": false,
        "odor_ok_all": true,
        "damage_ok_all": true,
        "stars": {
          "overall": 4,
          "time": 5,
          "food": 3,
          "method": 5
        },
        "earnings": 3.999011252532702,
        "bonus_extra": 1.5,
        "paid_total": 5.499011252532702,
        "pickup": "6th road (left)",
        "dropoff": "2nd road (right)",
        "allowed_delivery_methods": [],
        "delivery_method": "leave_at_door"
      },
      {
        "id": 7,
        "duration_s": 419.6699999998673,
        "on_time": true,
        "temp_ok_all": false,
        "odor_ok_all": true,
        "damage_ok_all": true,
        "stars": {
          "overall": 5,
          "time": 5,
          "food": 4,
          "method": 5
        },
        "earnings": 5.968560064011528,
        "bonus_extra": 3.0,
        "paid_total": 8.968560064011527,
        "pickup": "7th road (right)",
        "dropoff": "23rd road (right)",
        "allowed_delivery_methods": [],
        "delivery_method": "leave_at_door"
      },
      {
        "id": 23,
        "duration_s": 1084.8780000001425,
        "on_time": false,
        "temp_ok_all": false,
        "odor_ok_all": true,
        "damage_ok_all": true,
        "stars": {
          "overall": 3,
          "time": 1,
          "food": 4,
          "method": 5
        },
        "earnings": 0.15038881153423989,
        "bonus_extra": 0.0,
        "paid_total": 0.15038881153423989,
        "pickup": "8th road (right)",
        "dropoff": "8th road (right)",
        "allowed_delivery_methods": [],
        "delivery_method": "leave_at_door"
      },
      {
        "id": 19,
        "duration_s": 1902.1920000000391,
        "on_time": false,
        "temp_ok_all": false,
        "odor_ok_all": true,
        "damage_ok_all": true,
        "stars": {
          "overall": 3,
          "time": 1,
          "food": 4,
          "method": 5
        },
        "earnings": 4.957324581227959,
        "bonus_extra": 0.0,
        "paid_total": 4.957324581227959,
        "pickup": "8th road (right)",
        "dropoff": "22nd road (left)",
        "allowed_delivery_methods": [
          "leave_at_door"
        ],
        "delivery_method": "leave_at_door"
      },
      {
        "id": 38,
        "duration_s": 1678.8269999999902,
        "on_time": false,
        "temp_ok_all": false,
        "odor_ok_all": true,
        "damage_ok_all": true,
        "stars": {
          "overall": 3,
          "time": 1,
          "food": 4,
          "method": 5
        },
        "earnings": 1.355350942985853,
        "bonus_extra": 0.0,
        "paid_total": 1.355350942985853,
        "pickup": "23rd road (right)",
        "dropoff": "23rd road (left)",
        "allowed_delivery_methods": [],
        "delivery_method": "leave_at_door"
      },
      {
        "id": 46,
        "duration_s": 723.137999999919,
        "on_time": false,
        "temp_ok_all": false,
        "odor_ok_all": true,
        "damage_ok_all": true,
        "stars": {
          "overall": 4,
          "time": 1,
          "food": 5,
          "method": 5
        },
        "earnings": 2.9123482127240967,
        "bonus_extra": 1.5,
        "paid_total": 4.412348212724097,
        "pickup": "12th road (left)",
        "dropoff": "19th road (left)",
        "allowed_delivery_methods": [
          "call"
        ],
        "delivery_method": "call"
      }
    ]
  },
  "activity": {
    "active_time_ratio": 0.8379451316882015,
    "orders_per_hour": 2.9995888063678326,
    "avg_order_time_s": 1005.6719999999914,
    "mode_time_s": {
      "e-scooter": 789.3239999998477,
      "drag_scooter": 154.64100000006147,
      "walk": 6257.021999999997
    },
    "mode_time_ratio": {
      "e-scooter": 0.10961330717578827,
      "drag_scooter": 0.021474972805820017,
      "walk": 0.8689117200183917
    }
  },
  "interruptions": {
    "scooter_depleted": 1,
    "hospital_rescue": 3,
    "rent_insufficient": 0,
    "charge_insufficient": 0
  },
  "social": {
    "help_posted": 0,
    "help_accepted": 0,
    "help_given": 0,
    "help_received": 0
  },
  "capability_buckets": {
    "high_level_planning": {
      "active_time_ratio": 0.8379451316882015,
      "orders_per_hour": 2.9995888063678326,
      "avg_order_time_s": 1005.6719999999914,
      "scooter_depleted_events": 1,
      "hospital_rescue_times": 3,
      "rent_insufficient_times": 0,
      "charge_insufficient_times": 0
    },
    "common_sense_reasoning": {
      "temp_ok_rate": 0.0,
      "odor_ok_rate": 1.0,
      "damage_ok_rate": 1.0,
      "method_success_rate": 1.0
    },
    "social_reasoning": {
      "help_posted": 0,
      "help_accepted": 0,
      "help_given": 0,
      "help_received": 0,
      "say": 0
    }
  },
  "actions": {
    "view_orders": {
      "attempts": 8,
      "successes": 8,
      "success_rate": 1.0
    },
    "accept_order": {
      "attempts": 7,
      "successes": 7,
      "success_rate": 1.0
    },
    "move_to": {
      "attempts": 18,
      "successes": 13,
      "success_rate": 0.7222222222222222
    },
    "wait": {
      "attempts": 9,
      "successes": 9,
      "success_rate": 1.0
    },
    "pickup": {
      "attempts": 6,
      "successes": 6,
      "success_rate": 1.0
    },
    "place_food_in_bag": {
      "attempts": 6,
      "successes": 6,