{
  "meta": {
    "agent_id": "5",
    "model": "qwen/qwen2.5-vl-72b-instruct",
    "lifecycle_hours": 2.0,
    "started_sim_s": 70.5,
    "ended_sim_s": 12637.263000000006,
    "active_elapsed_s": 7201.113000000041,
    "active_hours": 2.000309166666678,
    "wall_finished_ts": 1758703931.9708657
  },
  "money": {
    "totals": {
      "initial_earnings": 100.0,
      "current_balance": 92.20905279102726,
      "net_growth": -7.790947208972739,
      "orders_income": 12.193827791026933,
      "help_income": 0.0,
      "expense_total": 19.984774999999715,
      "base_wage": 10.693827791026933,
      "bonus": 1.5,
      "help_expense": 0.0,
      "expense_breakdown": {
        "purchases": 0.0,
        "charging": 4.984774999999717,
        "rental": 0.0,
        "hospital": 15.0,
        "help_expense": 0.0
      },
      "advances": {
        "out": 0.0,
        "returned": 0.0,
        "net": 0.0
      },
      "observed_agent_balance_end": 92.20905279102726
    },
    "per_hour": {
      "net_growth": -3.894871522263531,
      "orders_income": 6.095971559909796,
      "help_income": 0.0,
      "expense_total": 9.990843082173349,
      "base_wage": 5.346087479490565,
      "bonus": 0.7498840804192309,
      "initial_earnings": 49.99227202794873,
      "current_balance": 46.0974005056852,
      "help_expense": 0.0,
      "observed_agent_balance_end": 46.0974005056852
    },
    "details": {
      "purchases": [],
      "charging": [
        {
          "ts_sim": 12637.263000000006,
          "which": "own",
          "req_id": null,
          "delta_pct": 99.69549999999435,
          "cost": 4.984774999999717,
          "start_ts": 8109.561000000016,
          "end_ts": 12637.263000000006,
          "reason": "lifecycle_end",
          "aggregated": true,
          "target_pct": null
        }
      ],
      "rental": [],
      "hospital": [
        {
          "ts_sim": 4706.625,
          "fee": 5.0
        },
        {
          "ts_sim": 6555.561000000016,
          "fee": 5.0
        },
        {
          "ts_sim": 12439.919999999998,
          "fee": 5.0
        }
      ],
      "help_income": [],
      "help_expense": [],
      "advance_out": [],
      "advance_return": []
    }
  },
  "orders": {
    "completed_count": 7,
    "timeout_count": 7,
    "avg_stars": 3.0,
    "avg_food_stars": 4.142857142857143,
    "temp_ok_rate": 0.14285714285714285,
    "odor_ok_rate": 0.8571428571428571,
    "damage_ok_rate": 1.0,
    "method_success_rate": 0.8571428571428571,
    "total_active_time_s": 7606.254000000146,
    "avg_time_per_order_s": 1086.6077142857353,
    "details": [
      {
        "id": 6,
        "duration_s": 545.4360000000597,
        "on_time": false,
        "temp_ok_all": true,
        "odor_ok_all": true,
        "damage_ok_all": true,
        "stars": {
          "overall": 4,
          "time": 1,
          "food": 5,
          "method": 5
        },
        "earnings": 1.6487138853169117,
        "bonus_extra": 1.5,
        "paid_total": 3.1487138853169117,
        "pickup": "8th road (right)",
        "dropoff": "4th road (right)",
        "allowed_delivery_methods": [],
        "delivery_method": "leave_at_door"
      },
      {
        "id": 7,
        "duration_s": 801.606000000058,
        "on_time": false,
        "temp_ok_all": false,
        "odor_ok_all": true,
        "damage_ok_all": true,
        "stars": {
          "overall": 3,
          "time": 1,
          "food": 4,
          "method": 5
        },
        "earnings": 1.8127034182733024,
        "bonus_extra": 0.0,
        "paid_total": 1.8127034182733024,
        "pickup": "5th road (left)",
        "dropoff": "7th road (left)",
        "allowed_delivery_methods": [],
        "delivery_method": "leave_at_door"
      },
      {
        "id": 24,
        "duration_s": 536.4389999999839,
        "on_time": false,
        "temp_ok_all": false,
        "odor_ok_all": true,
        "damage_ok_all": true,
        "stars": {
          "overall": 3,
          "time": 1,
          "food": 4,
          "method": 5
        },
        "earnings": 1.1358326796457408,
        "bonus_extra": 0.0,
        "paid_total": 1.1358326796457408,
        "pickup": "8th road (right)",
        "dropoff": "7th road (left)",
        "allowed_delivery_methods": [
          "leave_at_door"
        ],
        "delivery_method": "leave_at_door"
      },
      {
        "id": 22,
        "duration_s": 3320.9550000000454,
        "on_time": false,
        "temp_ok_all": false,
        "odor_ok_all": true,
        "damage_ok_all": true,
        "stars": {
          "overall": 2,
          "time": 1,
          "food": 4,
          "method": 1
        },
        "earnings": 1.296340513639105,
        "bonus_extra": 0.0,
        "paid_total": 1.296340513639105,
        "pickup": "5th road (left)",
        "dropoff": "4th road (right)",
        "allowed_delivery_methods": [
          "knock",
          "hand_to_customer"
        ],
        "delivery_method": "leave_at_door"
      },
      {
        "id": 35,
        "duration_s": 642.1379999999626,
        "on_time": false,
        "temp_ok_all": false,
        "odor_ok_all": true,
        "damage_ok_all": true,
        "stars": {
          "overall": 3,
          "time": 1,
          "food": 4,
          "method": 5
        },
        "earnings": 1.057543309019958,
        "bonus_extra": 0.0,
        "paid_total": 1.057543309019958,
        "pickup": "11th road (left)",
        "dropoff": "6th road (left)",
        "allowed_delivery_methods": [],
        "delivery_method": "leave_at_door"
      },
      {
        "id": 44,
        "duration_s": 625.7310000000143,
        "on_time": false,
        "temp_ok_all": false,
        "odor_ok_all": false,
        "damage_ok_all": true,
        "stars": {
          "overall": 3,
          "time": 1,
          "food": 4,
          "method": 5
        },
        "earnings": 1.5986458790726863,
        "bonus_extra": 0.0,
        "paid_total": 1.5986458790726863,
        "pickup": "11th road (left)",
        "dropoff": "20th road (right)",
        "allowed_delivery_methods": [
          "call"
        ],
        "delivery_method": "call"
      },
      {
        "id": 37,
        "duration_s": 1133.9490000000224,
        "on_time": false,
        "temp_ok_all": false,
        "odor_ok_all": true,
        "damage_ok_all": true,
        "stars": {
          "overall": 3,
          "time": 1,
          "food": 4,
          "method": 5
        },
        "earnings": 2.1440481060592296,
        "bonus_extra": 0.0,
        "paid_total": 2.1440481060592296,
        "pickup": "14th road (right)",
        "dropoff": "7th road (right)",
        "allowed_delivery_methods": [
          "call"
        ],
        "delivery_method": "call"
      }
    ]
  },
  "activity": {
    "active_time_ratio": 1.0562608863380012,
    "orders_per_hour": 3.499459041956411,
    "avg_order_time_s": 1086.6077142857353,
    "mode_time_s": {
      "e-scooter": 2643.8310000000056,
      "drag_scooter": 4142.72100000002,
      "walk": 414.56100000001607
    },
    "mode_time_ratio": {
      "e-scooter": 0.3671419959664555,
      "drag_scooter": 0.575288986577491,
      "walk": 0.05756901745605349
    }
  },
  "interruptions": {
    "scooter_depleted": 2,
    "hospital_rescue": 3,
    "rent_insufficient": 0,
    "charge_insufficient": 0
  },
  "social": {
    "help_posted": 0,
    "help_accepted": 0,
    "help_given": 0,
    "help_received": 0
  },
  "capability_buckets": {
    "high_level_planning": {
      "active_time_ratio": 1.0562608863380012,
      "orders_per_hour": 3.499459041956411,
      "avg_order_time_s": 1086.6077142857353,
      "scooter_depleted_events": 2,
      "hospital_rescue_times": 3,
      "rent_insufficient_times": 0,
      "charge_insufficient_times": 0
    },
    "common_sense_reasoning": {
      "temp_ok_rate": 0.14285714285714285,
      "odor_ok_rate": 0.8571428571428571,
      "damage_ok_rate": 1.0,