{
  "meta": {
    "agent_id": "8",
    "model": "qwen/qwen2.5-vl-72b-instruct",
    "lifecycle_hours": 2.0,
    "started_sim_s": 76.26300000000629,
    "ended_sim_s": 17479.5,
    "active_elapsed_s": 6745.362000000081,
    "active_hours": 1.873711666666689,
    "wall_finished_ts": 1758705546.0361226
  },
  "money": {
    "totals": {
      "initial_earnings": 100.0,
      "current_balance": 108.46112141706786,
      "net_growth": 8.461121417067858,
      "orders_income": 28.461121417067783,
      "help_income": 0.0,
      "expense_total": 20.0,
      "base_wage": 25.461121417067783,
      "bonus": 3.0,
      "help_expense": 0.0,
      "expense_breakdown": {
        "purchases": 0.0,
        "charging": 4.999999999999998,
        "rental": 0.0,
        "hospital": 15.0,
        "help_expense": 0.0
      },
      "advances": {
        "out": 0.0,
        "returned": 0.0,
        "net": 0.0
      },
      "observed_agent_balance_end": 108.46112141706786
    },
    "per_hour": {
      "net_growth": 4.515700877350085,
      "orders_income": 15.189701768628991,
      "help_income": 0.0,
      "expense_total": 10.674000891278947,
      "base_wage": 13.58860163493715,
      "bonus": 1.601100133691842,
      "initial_earnings": 53.37000445639473,
      "current_balance": 57.885705333744816,
      "help_expense": 0.0,
      "observed_agent_balance_end": 57.885705333744816
    },
    "details": {
      "purchases": [],
      "charging": [
        {
          "ts_sim": 4485.0,
          "which": "own",
          "req_id": null,
          "delta_pct": 100.0,
          "cost": 4.999999999999998,
          "start_ts": 3743.718000000008,
          "end_ts": 4485.0,
          "reason": "finished",
          "aggregated": true,
          "target_pct": 100.0
        }
      ],
      "rental": [],
      "hospital": [
        {
          "ts_sim": 4577.483999999982,
          "fee": 5.0
        },
        {
          "ts_sim": 6784.07699999999,
          "fee": 5.0
        },
        {
          "ts_sim": 11131.686000000016,
          "fee": 5.0
        }
      ],
      "help_income": [],
      "help_expense": [],
      "advance_out": [],
      "advance_return": []
    }
  },
  "orders": {
    "completed_count": 4,
    "timeout_count": 3,
    "avg_stars": 3.5,
    "avg_food_stars": 3.75,
    "temp_ok_rate": 0.0,
    "odor_ok_rate": 0.75,
    "damage_ok_rate": 1.0,
    "method_success_rate": 1.0,
    "total_active_time_s": 6943.259999999995,
    "avg_time_per_order_s": 1735.8149999999987,
    "details": [
      {
        "id": 0,
        "duration_s": 2293.6830000000045,
        "on_time": false,
        "temp_ok_all": false,
        "odor_ok_all": true,
        "damage_ok_all": true,
        "stars": {
          "overall": 3,
          "time": 1,
          "food": 4,
          "method": 5
        },
        "earnings": 2.1117354539692395,
        "bonus_extra": 0.0,
        "paid_total": 2.1117354539692395,
        "pickup": "5th road (left)",
        "dropoff": "1st road (left)",
        "allowed_delivery_methods": [
          "call"
        ],
        "delivery_method": "call"
      },
      {
        "id": 1,
        "duration_s": 2348.7599999999948,
        "on_time": false,
        "temp_ok_all": false,
        "odor_ok_all": true,
        "damage_ok_all": true,
        "stars": {
          "overall": 3,
          "time": 1,
          "food": 3,
          "method": 5
        },
        "earnings": 2.0199042838928074,
        "bonus_extra": 0.0,
        "paid_total": 2.0199042838928074,
        "pickup": "5th road (left)",
        "dropoff": "1st road (left)",
        "allowed_delivery_methods": [],
        "delivery_method": "call"
      },
      {
        "id": 26,
        "duration_s": 1679.906999999992,
        "on_time": false,
        "temp_ok_all": false,
        "odor_ok_all": true,
        "damage_ok_all": true,
        "stars": {
          "overall": 3,
          "time": 1,
          "food": 4,
          "method": 5
        },
        "earnings": 2.034130989652285,
        "bonus_extra": 0.0,
        "paid_total": 2.034130989652285,
        "pickup": "14th road (right)",
        "dropoff": "7th road (right)",
        "allowed_delivery_methods": [],
        "delivery_method": "leave_at_door"
      },
      {
        "id": 34,
        "duration_s": 620.9100000000035,
        "on_time": true,
        "temp_ok_all": false,
        "odor_ok_all": false,
        "damage_ok_all": true,
        "stars": {
          "overall": 5,
          "time": 5,
          "food": 4,
          "method": 5
        },
        "earnings": 19.29535068955345,
        "bonus_extra": 3.0,
        "paid_total": 22.29535068955345,
        "pickup": "8th road (right)",
        "dropoff": "18th road (left)",
        "allowed_delivery_methods": [
          "leave_at_door"
        ],
        "delivery_method": "leave_at_door"
      }
    ]
  },
  "activity": {
    "active_time_ratio": 1.0293383809497416,
    "orders_per_hour": 2.1348001782557895,
    "avg_order_time_s": 1735.8149999999987,
    "mode_time_s": {
      "e-scooter": 1785.0060000000667,
      "drag_scooter": 1740.0480000000534,
      "walk": 3220.307999999961
    },
    "mode_time_ratio": {
      "e-scooter": 0.2646271615963747,
      "drag_scooter": 0.2579621375398433,
      "walk": 0.477410700863782
    }
  },
  "interruptions": {
    "scooter_depleted": 2,
    "hospital_rescue": 3,
    "rent_insufficient": 0,
    "charge_insufficient": 0
  },
  "social": {
    "help_posted": 0,
    "help_accepted": 0,
    "help_given": 0,
    "help_received": 0
  },
  "capability_buckets": {
    "high_level_planning": {
      "active_time_ratio": 1.0293383809497416,
      "orders_per_hour": 2.1348001782557895,
      "avg_order_time_s": 1735.8149999999987,
      "scooter_depleted_events": 2,
      "hospital_rescue_times": 3,
      "rent_insufficient_times": 0,
      "charge_insufficient_times": 0
    },
    "common_sense_reasoning": {
      "temp_ok_rate": 0.0,
      "odor_ok_rate": 0.75,
      "damage_ok_rate": 1.0,
      "method_success_rate": 1.0
    },
    "social_reasoning": {
      "help_posted": 0,
      "help_accepted": 0,
      "help_given": 0,
      "help_received": 0,
      "say": 0
    }
  },
  "actions": {
    "view_orders": {
      "attempts": 4,
      "successes": 4,
      "success_rate": 1.0
    },
    "accept_order": {
      "attempts": 4,
      "successes": 4,
      "success_rate": 1.0
    },
    "move_to": {
      "attempts": 28,
      "successes": 20,
      "success_rate": 0.7142857142857143
    },
    "pickup": {
      "attempts": 4,
      "successes": 4,
      "success_rate": 1.0
    },
    "place_food_in_bag": {
      "attempts": 4,
      "successes": 4,
      "success_rate": 1.0
    },
    "charge_escooter": {
      "attempts": 98,
      "successes": 50,
      "success_rate": 0.5102040816326531
    },
    "switch_transport": {
      "attempts": 51,
      "successes": 51,
      "success_rate": 1.0
    },
    "drop_off": {
      "attempts": 5,
      "successes": 4,
      "success_rate": 0.8
    },
    "wait": {
      "attempts": 1,
      "successes": 1,
      "success_rate": 1.0
    }
  },
  "vlm": {
    "total_calls": 200,
    "successes": 199,
    "parse_failures": 1,
    "retries": 1,
    "success_rate": 0.995,
    "parse_success_rate": 0.995
  }
}