{
  "meta": {
    "agent_id": "6",
    "model": "qwen/qwen2.5-vl-72b-instruct",
    "lifecycle_hours": 2.0,
    "started_sim_s": 72.375,
    "ended_sim_s": 11450.483999999982,
    "active_elapsed_s": 7200.4710000001505,
    "active_hours": 2.000130833333375,
    "wall_finished_ts": 1758703536.3231103
  },
  "money": {
    "totals": {
      "initial_earnings": 100.0,
      "current_balance": 119.81351653774371,
      "net_growth": 19.81351653774371,
      "orders_income": 39.80296653774394,
      "help_income": 0.0,
      "expense_total": 19.989450000000215,
      "base_wage": 35.30296653774394,
      "bonus": 4.5,
      "help_expense": 0.0,
      "expense_breakdown": {
        "purchases": 0.0,
        "charging": 4.9894500000002155,
        "rental": 0.0,
        "hospital": 15.0,
        "help_expense": 0.0
      },
      "advances": {
        "out": 0.0,
        "returned": 0.0,
        "net": 0.0
      },
      "observed_agent_balance_end": 119.81351653774371
    },
    "per_hour": {
      "net_growth": 9.906110244159843,
      "orders_income": 19.90018146533403,
      "help_income": 0.0,
      "expense_total": 9.99407122117418,
      "base_wage": 17.65032864320619,
      "bonus": 2.249852822127839,
      "initial_earnings": 49.99672938061864,
      "current_balance": 59.90283962477848,
      "help_expense": 0.0,
      "observed_agent_balance_end": 59.90283962477848
    },
    "details": {
      "purchases": [],
      "charging": [
        {
          "ts_sim": 11450.483999999982,
          "which": "own",
          "req_id": null,
          "delta_pct": 99.78900000000431,
          "cost": 4.9894500000002155,
          "start_ts": 8195.95199999999,
          "end_ts": 11450.483999999982,
          "reason": "lifecycle_end",
          "aggregated": true,
          "target_pct": null
        }
      ],
      "rental": [],
      "hospital": [
        {
          "ts_sim": 1894.5,
          "fee": 5.0
        },
        {
          "ts_sim": 4129.77899999998,
          "fee": 5.0
        },
        {
          "ts_sim": 6653.669999999998,
          "fee": 5.0
        }
      ],
      "help_income": [],
      "help_expense": [],
      "advance_out": [],
      "advance_return": []
    }
  },
  "orders": {
    "completed_count": 4,
    "timeout_count": 2,
    "avg_stars": 3.75,
    "avg_food_stars": 3.25,
    "temp_ok_rate": 0.0,
    "odor_ok_rate": 0.75,
    "damage_ok_rate": 1.0,
    "method_success_rate": 1.0,
    "total_active_time_s": 14013.282000000341,
    "avg_time_per_order_s": 3503.3205000000853,
    "details": [
      {
        "id": 3,
        "duration_s": 6211.359000000113,
        "on_time": false,
        "temp_ok_all": false,
        "odor_ok_all": true,
        "damage_ok_all": true,
        "stars": {
          "overall": 3,
          "time": 1,
          "food": 3,
          "method": 5
        },
        "earnings": 10.020571693388074,
        "bonus_extra": 0.0,
        "paid_total": 10.020571693388074,
        "pickup": "8th road (right)",
        "dropoff": "17th road (left)",
        "allowed_delivery_methods": [
          "leave_at_door"
        ],
        "delivery_method": "leave_at_door"
      },
      {
        "id": 2,
        "duration_s": 6318.420000000129,
        "on_time": false,
        "temp_ok_all": false,
        "odor_ok_all": true,
        "damage_ok_all": true,
        "stars": {
          "overall": 3,
          "time": 1,
          "food": 3,
          "method": 5
        },
        "earnings": 5.406421045435657,
        "bonus_extra": 0.0,
        "paid_total": 5.406421045435657,
        "pickup": "14th road (right)",
        "dropoff": "17th road (left)",
        "allowed_delivery_methods": [],
        "delivery_method": "leave_at_door"
      },
      {
        "id": 36,
        "duration_s": 697.1730000000534,
        "on_time": true,
        "temp_ok_all": false,
        "odor_ok_all": true,
        "damage_ok_all": true,
        "stars": {
          "overall": 5,
          "time": 5,
          "food": 4,
          "method": 5
        },
        "earnings": 11.31605398392978,
        "bonus_extra": 3.0,
        "paid_total": 14.31605398392978,
        "pickup": "11th road (left)",
        "dropoff": "8th road (left)",
        "allowed_delivery_methods": [],
        "delivery_method": "leave_at_door"
      },
      {
        "id": 40,
        "duration_s": 786.3300000000454,
        "on_time": true,
        "temp_ok_all": false,
        "odor_ok_all": false,
        "damage_ok_all": true,
        "stars": {
          "overall": 4,
          "time": 5,
          "food": 3,
          "method": 5
        },
        "earnings": 8.559919814990426,
        "bonus_extra": 1.5,
        "paid_total": 10.059919814990426,
        "pickup": "11th road (left)",
        "dropoff": "14th road (left)",
        "allowed_delivery_methods": [
          "knock"
        ],
        "delivery_method": "knock"
      }
    ]
  },
  "activity": {
    "active_time_ratio": 1.9461618552453095,
    "orders_per_hour": 1.9998691752247455,
    "avg_order_time_s": 3503.3205000000853,
    "mode_time_s": {
      "e-scooter": 1824.5640000000276,
      "drag_scooter": 3197.4810000001016,
      "walk": 2178.4260000000213
    },
    "mode_time_ratio": {
      "e-scooter": 0.25339509040450126,
      "drag_scooter": 0.4440655340463193,
      "walk": 0.3025393755491795
    }
  },
  "interruptions": {
    "scooter_depleted": 1,
    "hospital_rescue": 3,
    "rent_insufficient": 0,
    "charge_insufficient": 0
  },
  "social": {
    "help_posted": 0,
    "help_accepted": 0,
    "help_given": 0,
    "help_received": 0
  },
  "capability_buckets": {
    "high_level_planning": {
      "active_time_ratio": 1.9461618552453095,
      "orders_per_hour": 1.9998691752247455,
      "avg_order_time_s": 3503.3205000000853,
      "scooter_depleted_events": 1,
      "hospital_rescue_times": 3,
      "rent_insufficient_times": 0,
      "charge_insufficient_times": 0
    },
    "common_sense_reasoning": {
      "temp_ok_rate": 0.0,
      "odor_ok_rate": 0.75,
      "damage_ok_rate": 1.0,
      "method_success_rate": 1.0
    },
    "social_reasoning": {
      "help_posted": 0,
      "help_accepted": 0,
      "help_given": 0,
      "help_received": 0,
      "say": 0
    }
  },
  "actions": {
    "view_orders": {
      "attempts": 3,
      "successes": 3,
      "success_rate": 1.0
    },
    "accept_order": {
      "attempts": 3,
      "successes": 3,
      "success_rate": 1.0
    },
    "move_to": {
      "attempts": 29,
      "successes": 23,
      "success_rate": 0.7931034482758621
    },
    "pickup": {
      "attempts": 6,
      "successes": 3,
      "success_rate": 0.5
    },
    "place_food_in_bag": {
      "attempts": 4,
      "successes": 4,
      "success_rate": 1.0
    },
    "charge_escooter": {
      "attempts": 2,
      "successes": 2,
      "success_rate": 1.0
    },
    "switch_transport": {
      "attempts": 4,
      "successes": 4,
      "success_rate": 1.0
    },
    "use_battery_pack": {
      "attempts": 2,
      "successes": 0,
      "success_rate": 0.0
    },
    "wait": {
      "attempts": 2,
      "successes": 2,
      "success_rate": 1.0
    },
    "drop_off": {
      "attempts": 7,
      "successes": 4,
      "success_rate": 0.5714285714285714
    }
  },
  "vlm": {
    "total_calls": 62,
    "successes": 62,
    "parse_failures": 0,
    "retries": 0,
    "success_rate": 1.0,
    "parse_success_rate": 1.0
  }
}