{
  "meta": {
    "agent_id": "1",
    "model": "openai/gpt-5",
    "lifecycle_hours": 2.0,
    "started_sim_s": 106.78199999999998,
    "ended_sim_s": 18208.266,
    "active_elapsed_s": 7225.136999999998,
    "active_hours": 2.0069824999999994,
    "wall_finished_ts": 1760163166.6700654
  },
  "money": {
    "totals": {
      "initial_earnings": 100.0,
      "current_balance": 109.32809030827876,
      "net_growth": 9.32809030827876,
      "orders_income": 28.091765308278767,
      "help_income": 0.0,
      "expense_total": 18.763675,
      "base_wage": 25.091765308278767,
      "bonus": 3.0,
      "help_expense": 0.0,
      "expense_breakdown": {
        "purchases": 6.0,
        "charging": 2.763675000000001,
        "rental": 0.0,
        "hospital": 10.0,
        "help_expense": 0.0
      },
      "advances": {
        "out": 0.0,
        "returned": 0.0,
        "net": 0.0
      },
      "observed_agent_balance_end": 109.32809030827876
    },
    "per_hour": {
      "net_growth": 4.647818457948071,
      "orders_income": 13.997015573518341,
      "help_income": 0.0,
      "expense_total": 9.349197115570268,
      "base_wage": 12.502234228887783,
      "bonus": 1.494781344630559,
      "initial_earnings": 49.826044821018634,
      "current_balance": 54.473863278966704,
      "help_expense": 0.0,
      "observed_agent_balance_end": 54.473863278966704
    },
    "details": {
      "purchases": [
        {
          "ts_sim": 5589.516,
          "items": "1 x energy_drink",
          "cost": 6.0
        }
      ],
      "charging": [
        {
          "ts_sim": 18208.266,
          "which": "own",
          "req_id": null,
          "delta_pct": 55.27350000000001,
          "cost": 2.763675000000001,
          "start_ts": 3462.657,
          "end_ts": 18208.266,
          "reason": "lifecycle_end",
          "aggregated": true,
          "target_pct": null
        }
      ],
      "rental": [],
      "hospital": [
        {
          "ts_sim": 7151.157,
          "fee": 5.0
        },
        {
          "ts_sim": 10474.173,
          "fee": 5.0
        }
      ],
      "help_income": [],
      "help_expense": [],
      "advance_out": [],
      "advance_return": []
    }
  },
  "energy": {
    "personal_consumed_pct": 339.6994536820514,
    "scooter_batt_consumed_pct": 52.46982041592188,
    "personal_remaining_pct": 10.300546317947981,
    "scooter_remaining_pct": 0.0
  },
  "orders": {
    "completed_count": 5,
    "timeout_count": 5,
    "ontime_rate": 0.0,
    "avg_stars": 3.4,
    "avg_food_stars": 3.6,
    "temp_ok_rate": 0.4,
    "odor_ok_rate": 0.8,
    "damage_ok_rate": 1.0,
    "method_success_rate": 1.0,
    "total_active_time_s": 6564.9,
    "avg_time_per_order_s": 1312.98,
    "open_count": 1,
    "open_overdue_count": 0,
    "open_not_due_count": 1,
    "completed_order_details": [
      {
        "id": 1,
        "duration_s": 980.3910000000001,
        "time_limit_s": 933.000753681106,
        "deadline_slack_s": -47.39024631889413,
        "is_overdue": true,
        "temp_ok_all": true,
        "odor_ok_all": true,
        "damage_ok_all": true,
        "pick_score": 2.9259259259259265,
        "stars": {
          "overall": 5,
          "time": 4,
          "food": 5,
          "method": 5
        },
        "earnings": 13.740816575539982,
        "bonus_extra": 3.0,
        "paid_total": 16.74081657553998,
        "pickup": "20th road (right)",
        "dropoff": "25th road (left)",
        "allowed_delivery_methods": [],
        "delivery_method": "leave_at_door"
      },
      {
        "id": 5,
        "duration_s": 989.9549999999981,
        "time_limit_s": 571.4280788207074,
        "deadline_slack_s": -418.52692117929075,
        "is_overdue": true,
        "temp_ok_all": true,
        "odor_ok_all": true,
        "damage_ok_all": true,
        "pick_score": 2.9259259259259256,
        "stars": {
          "overall": 3,
          "time": 1,
          "food": 4,
          "method": 5
        },
        "earnings": 2.4686854835548893,
        "bonus_extra": 0.0,
        "paid_total": 2.4686854835548893,
        "pickup": "14th road (right)",
        "dropoff": "10th road (right)",
        "allowed_delivery_methods": [],
        "delivery_method": "leave_at_door"
      },
      {
        "id": 3,
        "duration_s": 2283.756000000001,
        "time_limit_s": 790.8761143372069,
        "deadline_slack_s": -1492.8798856627943,
        "is_overdue": true,
        "temp_ok_all": false,
        "odor_ok_all": false,
        "damage_ok_all": true,
        "pick_score": 2.9259259259259265,
        "stars": {
          "overall": 3,
          "time": 1,
          "food": 2,
          "method": 5
        },
        "earnings": 5.590693641397081,
        "bonus_extra": 0.0,
        "paid_total": 5.590693641397081,
        "pickup": "24th road (right)",
        "dropoff": "3rd road (right)",
        "allowed_delivery_methods": [],
        "delivery_method": "leave_at_door"
      },
      {
        "id": 6,
        "duration_s": 1956.705,
        "time_limit_s": 475.02074302333614,
        "deadline_slack_s": -1481.6842569766638,
        "is_overdue": true,
        "temp_ok_all": false,
        "odor_ok_all": true,
        "damage_ok_all": true,
        "pick_score": 4.111111111111111,
        "stars": {
          "overall": 3,
          "time": 1,
          "food": 3,
          "method": 5
        },
        "earnings": 2.425009912927543,
        "bonus_extra": 0.0,
        "paid_total": 2.425009912927543,
        "pickup": "1st road (left)",
        "dropoff": "5th road (right)",
        "allowed_delivery_methods": [
          "leave_at_door"
        ],
        "delivery_method": "leave_at_door"
      },
      {
        "id": 9,
        "duration_s": 354.09300000000076,
        "time_limit_s": 153.7801178975534,
        "deadline_slack_s": -200.31288210244736,
        "is_overdue": true,
        "temp_ok_all": false,
        "odor_ok_all": true,
        "damage_ok_all": true,
        "pick_score": 4.555555555555555,
        "stars": {
          "overall": 3,
          "time": 1,
          "food": 4,
          "method": 5
        },
        "earnings": 0.8665596948592681,
        "bonus_extra": 0.0,
        "paid_total": 0.8665596948592681,
        "pickup": "28th road (right)",
        "dropoff": "11th road (right)",
        "allowed_delivery_methods": [],
        "delivery_method": "leave_at_door"
      }
    ],
    "open_order_details": [
      {
        "id": 8,
        "elapsed_s": 473.015999999996,
        "time_limit_s": 905.9906666571844,
        "deadline_slack_s": 432.97466665718844,
        "is_overdue": false,
        "pick_score": 3.6666666666666665,
        "pickup": "28th road (right)",
        "dropoff": "4th road (left)",
        "earnings": 6.440300656370901,
        "allowed_delivery_methods": [
          "knock"
        ]
      }
    ]
  },
  "activity": {
    "effective_time_ratio": 0.5902521986780319,
    "inactive_time_s_breakdown": {
      "wait": 1160.4839999999995,
      "hospital": 1800.0
    },
    "inactive_total_time_s": 2960.4839999999995,
    "orders_per_hour": 2.491302241050932,
    "avg_order_time_s": 1312.98,
    "mode_time_s": {
      "e-scooter": 1707.3840000000014,
      "drag_scooter": 2536.5480000000002,
      "walk": 2981.2049999999963
    },
    "mode_time_ratio": {
      "e-scooter": 0.23631164364080595,
      "drag_scooter": 0.35107265094073664,
      "walk": 0.41261570541845743
    }
  },
  "interruptions": {
    "scooter_depleted": 2,
    "hospital_rescue": 2,
    "rent_insufficient": 0,
    "charge_insufficient": 0,
    "total": 4
  },
  "prevention": {
    "total": 5,
    "by_kind": {
      "early_charge": 4,
      "use_energy_drink": 1
    },
    "prevention_rate": 0.5555555555555556
  },
  "social": {
    "help_posted": 0,
    "help_accepted": 0,
    "help_given": 0,
    "help_received": 0
  },