{
  "meta": {
    "agent_id": "1",
    "model": "openai/gpt-5",
    "lifecycle_hours": 2.0,
    "started_sim_s": 101.76300000000083,
    "ended_sim_s": 17067.233999999997,
    "active_elapsed_s": 7262.201999999991,
    "active_hours": 2.017278333333331,
    "wall_finished_ts": 1760169800.0004609
  },
  "money": {
    "totals": {
      "initial_earnings": 100.0,
      "current_balance": 112.61346000046576,
      "net_growth": 12.613460000465764,
      "orders_income": 23.613460000465754,
      "help_income": 0.0,
      "expense_total": 10.0,
      "base_wage": 19.113460000465754,
      "bonus": 4.5,
      "help_expense": 0.0,
      "expense_breakdown": {
        "purchases": 0.0,
        "charging": 0.0,
        "rental": 0.0,
        "hospital": 10.0,
        "help_expense": 0.0
      },
      "advances": {
        "out": 0.0,
        "returned": 0.0,
        "net": 0.0
      },
      "observed_agent_balance_end": 112.61346000046576
    },
    "per_hour": {
      "net_growth": 6.252711781037873,
      "orders_income": 11.705603342027228,
      "help_income": 0.0,
      "expense_total": 4.957174146353963,
      "base_wage": 9.474874976167944,
      "bonus": 2.2307283658592834,
      "initial_earnings": 49.57174146353963,
      "current_balance": 55.824453244577505,
      "help_expense": 0.0,
      "observed_agent_balance_end": 55.824453244577505
    },
    "details": {
      "purchases": [],
      "charging": [],
      "rental": [],
      "hospital": [
        {
          "ts_sim": 7291.919999999998,
          "fee": 5.0
        },
        {
          "ts_sim": 9197.625,
          "fee": 5.0
        }
      ],
      "help_income": [],
      "help_expense": [],
      "advance_out": [],
      "advance_return": []
    }
  },
  "energy": {
    "personal_consumed_pct": 299.3715933924387,
    "scooter_batt_consumed_pct": 24.966271766813726,
    "personal_remaining_pct": 0.6284066075611829,
    "scooter_remaining_pct": 0.0
  },
  "orders": {
    "completed_count": 3,
    "timeout_count": 2,
    "ontime_rate": 0.3333333333333333,
    "avg_stars": 4.0,
    "avg_food_stars": 3.6666666666666665,
    "temp_ok_rate": 0.3333333333333333,
    "odor_ok_rate": 0.6666666666666666,
    "damage_ok_rate": 1.0,
    "method_success_rate": 1.0,
    "total_active_time_s": 3558.0870000000014,
    "avg_time_per_order_s": 1186.0290000000005,
    "open_count": 0,
    "open_overdue_count": 0,
    "open_not_due_count": 0,
    "completed_order_details": [
      {
        "id": 6,
        "duration_s": 323.3850000000057,
        "time_limit_s": 478.29621300669356,
        "deadline_slack_s": 154.9112130066879,
        "is_overdue": false,
        "temp_ok_all": false,
        "odor_ok_all": true,
        "damage_ok_all": true,
        "pick_score": 4.111111111111111,
        "stars": {
          "overall": 4,
          "time": 5,
          "food": 3,
          "method": 5
        },
        "earnings": 4.883462774592795,
        "bonus_extra": 1.5,
        "paid_total": 6.383462774592795,
        "pickup": "6th road (left)",
        "dropoff": "5th road (left)",
        "allowed_delivery_methods": [
          "leave_at_door"
        ],
        "delivery_method": "leave_at_door"
      },
      {
        "id": 1,
        "duration_s": 2493.4649999999965,
        "time_limit_s": 1012.8507057198982,
        "deadline_slack_s": -1480.6142942800984,
        "is_overdue": true,
        "temp_ok_all": true,
        "odor_ok_all": true,
        "damage_ok_all": true,
        "pick_score": 3.5185185185185186,
        "stars": {
          "overall": 4,
          "time": 1,
          "food": 5,
          "method": 5
        },
        "earnings": 7.458405425072265,
        "bonus_extra": 1.5,
        "paid_total": 8.958405425072264,
        "pickup": "12th road (left)",
        "dropoff": "25th road (right)",
        "allowed_delivery_methods": [],
        "delivery_method": "leave_at_door"
      },
      {
        "id": 3,
        "duration_s": 741.2369999999992,
        "time_limit_s": 595.8409051380373,
        "deadline_slack_s": -145.39609486196184,
        "is_overdue": true,
        "temp_ok_all": false,
        "odor_ok_all": false,
        "damage_ok_all": true,
        "pick_score": 4.111111111111111,
        "stars": {
          "overall": 4,
          "time": 3,
          "food": 3,
          "method": 5
        },
        "earnings": 6.771591800800693,
        "bonus_extra": 1.5,
        "paid_total": 8.271591800800692,
        "pickup": "19th road (right)",
        "dropoff": "3rd road (left)",
        "allowed_delivery_methods": [],
        "delivery_method": "leave_at_door"
      }
    ],
    "open_order_details": []
  },
  "activity": {
    "effective_time_ratio": 0.6943075943081722,
    "inactive_time_s_breakdown": {
      "wait": 420.0,
      "hospital": 1800.0
    },
    "inactive_total_time_s": 2220.0,
    "orders_per_hour": 1.487152243906189,
    "avg_order_time_s": 1186.0290000000005,
    "mode_time_s": {
      "e-scooter": 358.5390000000052,
      "drag_scooter": 524.7209999999923,
      "walk": 3360.0959999999977,
      "bus": 3018.845999999996
    },
    "mode_time_ratio": {
      "e-scooter": 0.049370562812767485,
      "drag_scooter": 0.07225370486802665,
      "walk": 0.4626828061240932,
      "bus": 0.41569292619511267
    }
  },
  "interruptions": {
    "scooter_depleted": 1,
    "hospital_rescue": 2,
    "rent_insufficient": 0,
    "charge_insufficient": 0,
    "total": 3
  },
  "prevention": {
    "total": 0,
    "by_kind": {},
    "prevention_rate": 0.0
  },
  "social": {
    "help_posted": 2,
    "help_accepted": 0,
    "help_given": 0,
    "help_received": 0
  },
  "capability_buckets": {
    "high_level_planning": {
      "active_time_ratio": 0.4899460246355039,
      "orders_per_hour": 1.487152243906189,
      "avg_order_time_s": 1186.0290000000005,
      "scooter_depleted_events": 1,
      "hospital_rescue_times": 2,
      "rent_insufficient_times": 0,
      "charge_insufficient_times": 0
    },
    "common_sense_reasoning": {
      "temp_ok_rate": 0.3333333333333333,
      "odor_ok_rate": 0.6666666666666666,
      "damage_ok_rate": 1.0,
      "method_success_rate": 1.0
    },
    "social_reasoning": {
      "help_posted": 2,
      "help_accepted": 0,
      "help_given": 0,
      "help_received": 0,
      "say": 0
    }
  },
  "actions": {
    "view_orders": {
      "attempts": 3,
      "successes": 3,
      "success_rate": 1.0
    },
    "accept_order": {
      "attempts": 2,
      "successes": 2,
      "success_rate": 1.0
    },
    "move_to": {
      "attempts": 17,
      "successes": 14,
      "success_rate": 0.8235294117647058
    },
    "wait": {
      "attempts": 2,
      "successes": 2,
      "success_rate": 1.0
    },
    "pickup": {
      "attempts": 3,
      "successes": 3,
      "success_rate": 1.0
    },
    "place_food_in_bag": {
      "attempts": 3,
      "successes": 3,
      "success_rate": 1.0
    },
    "drop_off": {
      "attempts": 3,
      "successes": 3,
      "success_rate": 1.0
    },
    "view_bus_schedule": {
      "attempts": 10,
      "successes": 10,
      "success_rate": 1.0
    },
    "board_bus": {
      "attempts": 10,
      "successes": 0,
      "success_rate": 0.0
    },
    "rest": {
      "attempts": 13,
      "successes": 0,
      "success_rate": 0.0
    },
    "post_help_request": {
      "attempts": 2,
      "successes": 2,
      "success_rate": 1.0
    },
    "place_temp_box": {
      "attempts": 1,
      "successes": 1,
      "success_rate": 1.0
    }
  },
  "vlm": {
    "total_calls": 69,
    "successes": 69,
    "parse_failures": 0,
    "retries": 0,
    "success_rate": 1.0,
    "parse_success_rate": 1.0
  }
}