{
  "meta": {
    "agent_id": "4",
    "model": "google/gemini-2.5-flash",
    "lifecycle_hours": 2.0,
    "started_sim_s": 109.96799999999985,
    "ended_sim_s": 20165.625,
    "active_elapsed_s": 7200.618000000001,
    "active_hours": 2.000171666666667,
    "wall_finished_ts": 1760170832.7978373
  },
  "money": {
    "totals": {
      "initial_earnings": 100.0,
      "current_balance": 96.3890348160574,
      "net_growth": -3.6109651839425965,
      "orders_income": 6.383462774592795,
      "help_income": 0.0,
      "expense_total": 9.994427958535557,
      "base_wage": 4.883462774592795,
      "bonus": 1.5,
      "help_expense": 0.0,
      "expense_breakdown": {
        "purchases": 0.0,
        "charging": 4.9944279585355575,
        "rental": 0.0,
        "hospital": 5.0,
        "help_expense": 0.0
      },
      "advances": {
        "out": 0.0,
        "returned": 0.0,
        "net": 0.0
      },
      "observed_agent_balance_end": 96.3890348160574
    },
    "per_hour": {
      "net_growth": -1.8053276346826543,
      "orders_income": 3.19145745386494,
      "help_income": 0.0,
      "expense_total": 4.996785088547677,
      "base_wage": 2.4415218233398934,
      "bonus": 0.7499356305250464,
      "initial_earnings": 49.99570870166976,
      "current_balance": 48.19038106698711,
      "help_expense": 0.0,
      "observed_agent_balance_end": 48.19038106698711
    },
    "details": {
      "purchases": [],
      "charging": [
        {
          "ts_sim": 8568.419999999998,
          "which": "own",
          "req_id": null,
          "delta_pct": 99.8885591707112,
          "cost": 4.9944279585355575,
          "start_ts": 7867.029000000002,
          "end_ts": 8568.419999999998,
          "reason": "finished",
          "aggregated": true,
          "target_pct": 100.0
        }
      ],
      "rental": [],
      "hospital": [
        {
          "ts_sim": 8700.375,
          "fee": 5.0
        }
      ],
      "help_income": [],
      "help_expense": [],
      "advance_out": [],
      "advance_return": []
    }
  },
  "energy": {
    "personal_consumed_pct": 151.68308591410883,
    "scooter_batt_consumed_pct": 45.80886019482697,
    "personal_remaining_pct": 48.31691408589119,
    "scooter_remaining_pct": 58.27083878105729
  },
  "orders": {
    "completed_count": 1,
    "timeout_count": 1,
    "ontime_rate": 0.5,
    "avg_stars": 4.0,
    "avg_food_stars": 3.0,
    "temp_ok_rate": 0.0,
    "odor_ok_rate": 1.0,
    "damage_ok_rate": 1.0,
    "method_success_rate": 1.0,
    "total_active_time_s": 282.56099999999697,
    "avg_time_per_order_s": 282.56099999999697,
    "open_count": 1,
    "open_overdue_count": 1,
    "open_not_due_count": 0,
    "completed_order_details": [
      {
        "id": 6,
        "duration_s": 282.56099999999697,
        "time_limit_s": 478.29621300669356,
        "deadline_slack_s": 195.7352130066966,
        "is_overdue": false,
        "temp_ok_all": false,
        "odor_ok_all": true,
        "damage_ok_all": true,
        "pick_score": 4.111111111111111,
        "stars": {
          "overall": 4,
          "time": 5,
          "food": 3,
          "method": 5
        },
        "earnings": 4.883462774592795,
        "bonus_extra": 1.5,
        "paid_total": 6.383462774592795,
        "pickup": "6th road (left)",
        "dropoff": "5th road (left)",
        "allowed_delivery_methods": [
          "leave_at_door"
        ],
        "delivery_method": "leave_at_door"
      }
    ],
    "open_order_details": [
      {
        "id": 2,
        "elapsed_s": 6874.230000000003,
        "time_limit_s": 1672.7161904685688,
        "deadline_slack_s": -5201.513809531434,
        "is_overdue": true,
        "pick_score": 3.0740740740740744,
        "pickup": "29th road (right)",
        "dropoff": "22nd road (right)",
        "earnings": 19.524460724783836,
        "allowed_delivery_methods": []
      }
    ]
  },
  "activity": {
    "effective_time_ratio": 0.8500128738949907,
    "inactive_time_s_breakdown": {
      "wait": 180.0,
      "hospital": 900.0
    },
    "inactive_total_time_s": 1080.0,
    "orders_per_hour": 0.4999570870166976,
    "avg_order_time_s": 282.56099999999697,
    "mode_time_s": {
      "e-scooter": 5170.271999999998,
      "walk": 2030.3460000000032
    },
    "mode_time_ratio": {
      "e-scooter": 0.7180317022788874,
      "walk": 0.28196829772111265
    }
  },
  "interruptions": {
    "scooter_depleted": 0,
    "hospital_rescue": 1,
    "rent_insufficient": 0,
    "charge_insufficient": 0,
    "total": 1
  },
  "prevention": {
    "total": 17,
    "by_kind": {
      "early_charge": 17
    },
    "prevention_rate": 0.9444444444444444
  },
  "social": {
    "help_posted": 0,
    "help_accepted": 0,
    "help_given": 0,
    "help_received": 0
  },
  "capability_buckets": {
    "high_level_planning": {
      "active_time_ratio": 0.03924121512903433,
      "orders_per_hour": 0.4999570870166976,
      "avg_order_time_s": 282.56099999999697,
      "scooter_depleted_events": 0,
      "hospital_rescue_times": 1,
      "rent_insufficient_times": 0,
      "charge_insufficient_times": 0
    },
    "common_sense_reasoning": {
      "temp_ok_rate": 0.0,
      "odor_ok_rate": 1.0,
      "damage_ok_rate": 1.0,
      "method_success_rate": 1.0
    },
    "social_reasoning": {
      "help_posted": 0,
      "help_accepted": 0,
      "help_given": 0,
      "help_received": 0,
      "say": 0
    }
  },
  "actions": {
    "view_orders": {
      "attempts": 10,
      "successes": 10,
      "success_rate": 1.0
    },
    "accept_order": {
      "attempts": 2,
      "successes": 2,
      "success_rate": 1.0
    },
    "move_to": {
      "attempts": 62,
      "successes": 4,
      "success_rate": 0.06451612903225806
    },
    "wait": {
      "attempts": 2,
      "successes": 2,
      "success_rate": 1.0
    },
    "pickup": {
      "attempts": 1,
      "successes": 1,
      "success_rate": 1.0
    },
    "place_food_in_bag": {
      "attempts": 1,
      "successes": 1,
      "success_rate": 1.0
    },
    "drop_off": {
      "attempts": 1,
      "successes": 1,
      "success_rate": 1.0
    },
    "charge_escooter": {
      "attempts": 28,
      "successes": 17,
      "success_rate": 0.6071428571428571
    },
    "switch_transport": {
      "attempts": 18,
      "successes": 17,
      "success_rate": 0.9444444444444444
    },
    "buy": {
      "attempts": 1,
      "successes": 0,
      "success_rate": 0.0
    }
  },
  "vlm": {
    "total_calls": 126,
    "successes": 126,
    "parse_failures": 0,
    "retries": 0,
    "success_rate": 1.0,
    "parse_success_rate": 1.0
  }
}