{
  "meta": {
    "agent_id": "6",
    "model": "anthropic/claude-3.7-sonnet",
    "lifecycle_hours": 2.0,
    "started_sim_s": 17.483999999938533,
    "ended_sim_s": 13387.97100000002,
    "active_elapsed_s": 7200.276000001235,
    "active_hours": 2.0000766666670096,
    "wall_finished_ts": 1758602294.220776
  },
  "money": {
    "totals": {
      "initial_earnings": 100.0,
      "current_balance": 131.79231689752675,
      "net_growth": 31.792316897526746,
      "orders_income": 45.879441897525986,
      "help_income": 0.0,
      "expense_total": 14.087124999999652,
      "base_wage": 35.379441897525986,
      "bonus": 10.5,
      "help_expense": 0.0,
      "expense_breakdown": {
        "purchases": 0.0,
        "charging": 4.087124999999653,
        "rental": 0.0,
        "hospital": 10.0,
        "help_expense": 0.0
      },
      "advances": {
        "out": 0.0,
        "returned": 0.0,
        "net": 0.0
      },
      "observed_agent_balance_end": 131.79231689752675
    },
    "per_hour": {
      "net_growth": 15.895549119377739,
      "orders_income": 22.93884162649671,
      "help_income": 0.0,
      "expense_total": 7.043292507119179,
      "base_wage": 17.689042868783325,
      "bonus": 5.249798757713387,
      "initial_earnings": 49.998083406794166,
      "current_balance": 65.8936325261719,
      "help_expense": 0.0,
      "observed_agent_balance_end": 65.8936325261719
    },
    "details": {
      "purchases": [],
      "charging": [
        {
          "ts_sim": 13387.97100000002,
          "which": "own",
          "req_id": null,
          "delta_pct": 81.74249999999302,
          "cost": 4.087124999999653,
          "start_ts": 3035.3910000000615,
          "end_ts": 13387.97100000002,
          "reason": "lifecycle_end",
          "aggregated": true,
          "target_pct": null
        }
      ],
      "rental": [],
      "hospital": [
        {
          "ts_sim": 8817.189000000071,
          "fee": 5.0
        },
        {
          "ts_sim": 11505.375,
          "fee": 5.0
        }
      ],
      "help_income": [],
      "help_expense": [],
      "advance_out": [],
      "advance_return": []
    }
  },
  "orders": {
    "completed_count": 9,
    "timeout_count": 6,
    "avg_stars": 3.7777777777777777,
    "avg_food_stars": 4.0,
    "temp_ok_rate": 0.2222222222222222,
    "odor_ok_rate": 0.8888888888888888,
    "damage_ok_rate": 1.0,
    "method_success_rate": 1.0,
    "total_active_time_s": 4721.436000000802,
    "avg_time_per_order_s": 524.6040000000891,
    "details": [
      {
        "id": 15,
        "duration_s": 502.2180000000517,
        "on_time": false,
        "temp_ok_all": true,
        "odor_ok_all": true,
        "damage_ok_all": true,
        "stars": {
          "overall": 4,
          "time": 2,
          "food": 5,
          "method": 5
        },
        "earnings": 3.2084192129357403,
        "bonus_extra": 1.5,
        "paid_total": 4.70841921293574,
        "pickup": "7th road (right)",
        "dropoff": "2nd road (right)",
        "allowed_delivery_methods": [],
        "delivery_method": "leave_at_door"
      },
      {
        "id": 16,
        "duration_s": 602.3910000002361,
        "on_time": false,
        "temp_ok_all": false,
        "odor_ok_all": true,
        "damage_ok_all": true,
        "stars": {
          "overall": 3,
          "time": 1,
          "food": 4,
          "method": 5
        },
        "earnings": 2.422468204022154,
        "bonus_extra": 0.0,
        "paid_total": 2.422468204022154,
        "pickup": "4th road (left)",
        "dropoff": "6th road (left)",
        "allowed_delivery_methods": [],
        "delivery_method": "leave_at_door"
      },
      {
        "id": 28,
        "duration_s": 275.0610000001034,
        "on_time": true,
        "temp_ok_all": false,
        "odor_ok_all": false,
        "damage_ok_all": true,
        "stars": {
          "overall": 4,
          "time": 5,
          "food": 3,
          "method": 5
        },
        "earnings": 4.014743176328212,
        "bonus_extra": 1.5,
        "paid_total": 5.514743176328212,
        "pickup": "14th road (right)",
        "dropoff": "11th road (right)",
        "allowed_delivery_methods": [
          "hand_to_customer"
        ],
        "delivery_method": "hand_to_customer"
      },
      {
        "id": 41,
        "duration_s": 493.125,
        "on_time": false,
        "temp_ok_all": false,
        "odor_ok_all": true,
        "damage_ok_all": true,
        "stars": {
          "overall": 3,
          "time": 1,
          "food": 4,
          "method": 5
        },
        "earnings": 0.7103278953342961,
        "bonus_extra": 0.0,
        "paid_total": 0.7103278953342961,
        "pickup": "14th road (right)",
        "dropoff": "6th road (right)",
        "allowed_delivery_methods": [
          "leave_at_door"
        ],
        "delivery_method": "leave_at_door"
      },
      {
        "id": 36,
        "duration_s": 515.4869999999064,
        "on_time": true,
        "temp_ok_all": true,
        "odor_ok_all": true,
        "damage_ok_all": true,
        "stars": {
          "overall": 4,
          "time": 3,
          "food": 4,
          "method": 5
        },
        "earnings": 5.686091499082762,
        "bonus_extra": 1.5,
        "paid_total": 7.186091499082762,
        "pickup": "14th road (right)",
        "dropoff": "10th road (right)",
        "allowed_delivery_methods": [],
        "delivery_method": "leave_at_door"
      },
      {
        "id": 32,
        "duration_s": 500.90100000053644,
        "on_time": true,
        "temp_ok_all": false,
        "odor_ok_all": true,
        "damage_ok_all": true,
        "stars": {
          "overall": 5,
          "time": 5,
          "food": 4,
          "method": 5
        },
        "earnings": 10.997755897302506,
        "bonus_extra": 3.0,
        "paid_total": 13.997755897302506,
        "pickup": "12th road (right)",
        "dropoff": "10th road (right)",
        "allowed_delivery_methods": [],
        "delivery_method": "leave_at_door"
      },
      {
        "id": 58,
        "duration_s": 558.3720000000321,
        "on_time": false,
        "temp_ok_all": false,
        "odor_ok_all": true,
        "damage_ok_all": true,
        "stars": {
          "overall": 4,
          "time": 2,
          "food": 4,
          "method": 5
        },
        "earnings": 2.5663997751796876,
        "bonus_extra": 1.5,
        "paid_total": 4.066399775179688,
        "pickup": "4th road (left)",
        "dropoff": "10th road (left)",
        "allowed_delivery_methods": [],
        "delivery_method": "leave_at_door"
      },
      {
        "id": 64,
        "duration_s": 544.6889999998966,
        "on_time": false,
        "temp_ok_all": false,
        "odor_ok_all": true,
        "damage_ok_all": true,
        "stars": {
          "overall": 4,
          "time": 2,
          "food": 4,
          "method": 5
        },
        "earnings": 3.546020560606891,
        "bonus_extra": 1.5,
        "paid_total": 5.046020560606891,
        "pickup": "14th road (right)",
        "dropoff": "7th road (right)",
        "allowed_delivery_methods": [
          "leave_at_door"
        ],
        "delivery_method": "leave_at_door"
      },
      {
        "id": 57,
        "duration_s": 729.1920000000391,
        "on_time": false,
        "temp_ok_all": false,
        "odor_ok_all": true,
        "damage_ok_all": true,
        "stars": {
          "overall": 3,
          "time": 1,
          "food": 4,
          "method": 5
        },
        "earnings": 2.2272156767337448,
        "bonus_extra": 0.0,
        "paid_total": 2.2272156767337448,
        "pickup": "7th road (right)",
        "dropoff": "15th road (right)",
        "allowed_delivery_methods": [],
        "delivery_method": "leave_at_door"
      }
    ]
  },
  "activity": {
    "active_time_ratio": 0.6557298636885575,
    "orders_per_hour": 4.499827506611475,