{
  "meta": {
    "agent_id": "4",
    "model": "anthropic/claude-3.7-sonnet",
    "lifecycle_hours": 2.0,
    "started_sim_s": 17.20499999995809,
    "ended_sim_s": 13573.97100000002,
    "active_elapsed_s": 7086.462000001164,
    "active_hours": 1.9684616666669899,
    "wall_finished_ts": 1758602356.2174826
  },
  "money": {
    "totals": {
      "initial_earnings": 100.0,
      "current_balance": 119.84754547117753,
      "net_growth": 19.847545471177526,
      "orders_income": 34.84754547117751,
      "help_income": 0.0,
      "expense_total": 15.0,
      "base_wage": 24.34754547117751,
      "bonus": 10.5,
      "help_expense": 0.0,
      "expense_breakdown": {
        "purchases": 0.0,
        "charging": 0.0,
        "rental": 0.0,
        "hospital": 15.0,
        "help_expense": 0.0
      },
      "advances": {
        "out": 0.0,
        "returned": 0.0,
        "net": 0.0
      },
      "observed_agent_balance_end": 119.84754547117753
    },
    "per_hour": {
      "net_growth": 10.082769610029287,
      "orders_income": 17.702933240341718,
      "help_income": 0.0,
      "expense_total": 7.620163630312438,
      "base_wage": 12.368818699123011,
      "bonus": 5.334114541218706,
      "initial_earnings": 50.80109086874958,
      "current_balance": 60.88386047877887,
      "help_expense": 0.0,
      "observed_agent_balance_end": 60.88386047877887
    },
    "details": {
      "purchases": [],
      "charging": [],
      "rental": [],
      "hospital": [
        {
          "ts_sim": 4103.531999999948,
          "fee": 5.0
        },
        {
          "ts_sim": 8205.329999999958,
          "fee": 5.0
        },
        {
          "ts_sim": 11312.25,
          "fee": 5.0
        }
      ],
      "help_income": [],
      "help_expense": [],
      "advance_out": [],
      "advance_return": []
    }
  },
  "orders": {
    "completed_count": 8,
    "timeout_count": 5,
    "avg_stars": 3.875,
    "avg_food_stars": 4.25,
    "temp_ok_rate": 0.375,
    "odor_ok_rate": 0.875,
    "damage_ok_rate": 1.0,
    "method_success_rate": 0.875,
    "total_active_time_s": 3929.0190000014263,
    "avg_time_per_order_s": 491.1273750001783,
    "details": [
      {
        "id": 18,
        "duration_s": 433.35900000011316,
        "on_time": false,
        "temp_ok_all": true,
        "odor_ok_all": true,
        "damage_ok_all": true,
        "stars": {
          "overall": 3,
          "time": 1,
          "food": 4,
          "method": 5
        },
        "earnings": 1.5527782353711246,
        "bonus_extra": 0.0,
        "paid_total": 1.5527782353711246,
        "pickup": "14th road (right)",
        "dropoff": "3rd road (left)",
        "allowed_delivery_methods": [],
        "delivery_method": "leave_at_door"
      },
      {
        "id": 19,
        "duration_s": 483.0480000001844,
        "on_time": true,
        "temp_ok_all": false,
        "odor_ok_all": true,
        "damage_ok_all": true,
        "stars": {
          "overall": 3,
          "time": 4,
          "food": 4,
          "method": 1
        },
        "earnings": 4.204976087034072,
        "bonus_extra": 0.0,
        "paid_total": 4.204976087034072,
        "pickup": "14th road (right)",
        "dropoff": "2nd road (right)",
        "allowed_delivery_methods": [
          "knock",
          "hand_to_customer"
        ],
        "delivery_method": "leave_at_door"
      },
      {
        "id": 21,
        "duration_s": 517.1730000005336,
        "on_time": true,
        "temp_ok_all": false,
        "odor_ok_all": true,
        "damage_ok_all": true,
        "stars": {
          "overall": 5,
          "time": 5,
          "food": 4,
          "method": 5
        },
        "earnings": 5.633671260204,
        "bonus_extra": 3.0,
        "paid_total": 8.633671260204,
        "pickup": "4th road (left)",
        "dropoff": "1st road (left)",
        "allowed_delivery_methods": [
          "call"
        ],
        "delivery_method": "call"
      },
      {
        "id": 23,
        "duration_s": 539.859000000637,
        "on_time": true,
        "temp_ok_all": true,
        "odor_ok_all": true,
        "damage_ok_all": true,
        "stars": {
          "overall": 5,
          "time": 5,
          "food": 5,
          "method": 5
        },
        "earnings": 6.788274499153637,
        "bonus_extra": 3.0,
        "paid_total": 9.788274499153637,
        "pickup": "4th road (left)",
        "dropoff": "1st road (right)",
        "allowed_delivery_methods": [
          "call"
        ],
        "delivery_method": "call"
      },
      {
        "id": 37,
        "duration_s": 547.9290000002948,
        "on_time": false,
        "temp_ok_all": false,
        "odor_ok_all": true,
        "damage_ok_all": true,
        "stars": {
          "overall": 4,
          "time": 1,
          "food": 5,
          "method": 5
        },
        "earnings": 1.1208099029844705,
        "bonus_extra": 1.5,
        "paid_total": 2.6208099029844707,
        "pickup": "4th road (left)",
        "dropoff": "2nd road (left)",
        "allowed_delivery_methods": [
          "leave_at_door"
        ],
        "delivery_method": "leave_at_door"
      },
      {
        "id": 42,
        "duration_s": 754.1219999996829,
        "on_time": false,
        "temp_ok_all": false,
        "odor_ok_all": false,
        "damage_ok_all": true,
        "stars": {
          "overall": 3,
          "time": 2,
          "food": 3,
          "method": 5
        },
        "earnings": 2.917481843167164,
        "bonus_extra": 0.0,
        "paid_total": 2.917481843167164,
        "pickup": "14th road (right)",
        "dropoff": "1st road (right)",
        "allowed_delivery_methods": [
          "knock"
        ],
        "delivery_method": "knock"
      },
      {
        "id": 71,
        "duration_s": 338.43599999992875,
        "on_time": false,
        "temp_ok_all": false,
        "odor_ok_all": true,
        "damage_ok_all": true,
        "stars": {
          "overall": 4,
          "time": 2,
          "food": 4,
          "method": 5
        },
        "earnings": 1.8859204984341431,
        "bonus_extra": 1.5,
        "paid_total": 3.3859204984341433,
        "pickup": "14th road (right)",
        "dropoff": "9th road (right)",
        "allowed_delivery_methods": [
          "knock"
        ],
        "delivery_method": "knock"
      },
      {
        "id": 72,
        "duration_s": 315.0930000000517,
        "on_time": false,
        "temp_ok_all": true,
        "odor_ok_all": true,
        "damage_ok_all": true,
        "stars": {
          "overall": 4,
          "time": 1,
          "food": 5,
          "method": 5
        },
        "earnings": 0.24363314482890533,
        "bonus_extra": 1.5,
        "paid_total": 1.7436331448289053,
        "pickup": "7th road (right)",
        "dropoff": "7th road (right)",
        "allowed_delivery_methods": [],
        "delivery_method": "leave_at_door"
      }
    ]
  },
  "activity": {
    "active_time_ratio": 0.5544401423447668,
    "orders_per_hour": 4.064087269499966,
    "avg_order_time_s": 491.1273750001783,
    "mode_time_s": {
      "e-scooter": 1043.7150000011316,
      "walk": 6042.747000000032
    },
    "mode_time_ratio": {
      "e-scooter": 0.14728294598926236,
      "walk": 0.8527170540107376
    }
  },
  "interruptions": {
    "scooter_depleted": 0,
    "hospital_rescue": 3,
    "rent_insufficient": 0,
    "charge_insufficient": 0
  },
  "social": {
    "help_posted": 0,
    "help_accepted": 0,
    "help_given": 0,
    "help_received": 0
  },
  "capability_buckets": {
    "high_level_planning": {
      "active_time_ratio": 0.5544401423447668,
      "orders_per_hour": 4.064087269499966,
      "avg_order_time_s": 491.1273750001783,
      "scooter_depleted_events": 0,
      "hospital_rescue_times": 3,
      "rent_insufficient_times": 0,
      "charge_insufficient_times": 0
    },
    "common_sense_reasoning": {
      "temp_ok_rate": 0.375,