{
  "meta": {
    "agent_id": "4",
    "model": "qwen/qwen2.5-vl-32b-instruct",
    "lifecycle_hours": 2.0,
    "started_sim_s": 89.0640000000003,
    "ended_sim_s": 14985.047999999999,
    "active_elapsed_s": 7200.954000000014,
    "active_hours": 2.000265000000004,
    "wall_finished_ts": 1758571501.424746
  },
  "money": {
    "totals": {
      "initial_earnings": 100.0,
      "current_balance": 148.5081424585973,
      "net_growth": 48.50814245859729,
      "orders_income": 63.495217458597686,
      "help_income": 0.0,
      "expense_total": 14.987075000000024,
      "base_wage": 51.495217458597686,
      "bonus": 12.0,
      "help_expense": 0.0,
      "expense_breakdown": {
        "purchases": 0.0,
        "charging": 9.987075000000024,
        "rental": 0.0,
        "hospital": 5.0,
        "help_expense": 0.0
      },
      "advances": {
        "out": 0.0,
        "returned": 0.0,
        "net": 0.0
      },
      "observed_agent_balance_end": 148.5081424585973
    },
    "per_hour": {
      "net_growth": 24.254071229298646,
      "orders_income": 31.747608729298843,
      "help_income": 0.0,
      "expense_total": 7.493537500000012,
      "base_wage": 25.747608729298843,
      "bonus": 6.0,
      "initial_earnings": 50.0,
      "current_balance": 74.25407122929865,
      "help_expense": 0.0,
      "observed_agent_balance_end": 74.25407122929865
    },
    "details": {
      "purchases": [],
      "charging": [
        {
          "ts_sim": 14985.047999999999,
          "which": "own",
          "req_id": null,
          "delta_pct": 199.7415000000001,
          "cost": 9.987075000000024,
          "start_ts": 5397.797999999999,
          "end_ts": 14985.047999999999,
          "reason": "lifecycle_end",
          "aggregated": true,
          "target_pct": null
        }
      ],
      "rental": [],
      "hospital": [
        {
          "ts_sim": 8433.939,
          "fee": 5.0
        }
      ],
      "help_income": [],
      "help_expense": [],
      "advance_out": [],
      "advance_return": []
    }
  },
  "orders": {
    "completed_count": 12,
    "timeout_count": 8,
    "avg_stars": 3.5833333333333335,
    "avg_food_stars": 3.8333333333333335,
    "temp_ok_rate": 0.08333333333333333,
    "odor_ok_rate": 1.0,
    "damage_ok_rate": 1.0,
    "method_success_rate": 0.8333333333333334,
    "total_active_time_s": 6542.076000000014,
    "avg_time_per_order_s": 545.1730000000011,
    "details": [
      {
        "id": 2,
        "duration_s": 648.2820000000029,
        "on_time": false,
        "temp_ok_all": false,
        "odor_ok_all": true,
        "damage_ok_all": true,
        "stars": {
          "overall": 3,
          "time": 2,
          "food": 3,
          "method": 5
        },
        "earnings": 4.635350502090743,
        "bonus_extra": 0.0,
        "paid_total": 4.635350502090743,
        "pickup": "6th road (right)",
        "dropoff": "17th road (left)",
        "allowed_delivery_methods": [],
        "delivery_method": "leave_at_door"
      },
      {
        "id": 10,
        "duration_s": 432.98399999999856,
        "on_time": true,
        "temp_ok_all": false,
        "odor_ok_all": true,
        "damage_ok_all": true,
        "stars": {
          "overall": 5,
          "time": 5,
          "food": 4,
          "method": 5
        },
        "earnings": 6.466857967483224,
        "bonus_extra": 3.0,
        "paid_total": 9.466857967483225,
        "pickup": "17th road (left)",
        "dropoff": "16th road (left)",
        "allowed_delivery_methods": [],
        "delivery_method": "leave_at_door"
      },
      {
        "id": 29,
        "duration_s": 165.09300000000803,
        "on_time": true,
        "temp_ok_all": false,
        "odor_ok_all": true,
        "damage_ok_all": true,
        "stars": {
          "overall": 5,
          "time": 5,
          "food": 4,
          "method": 5
        },
        "earnings": 4.302559095252668,
        "bonus_extra": 3.0,
        "paid_total": 7.302559095252668,
        "pickup": "6th road (right)",
        "dropoff": "16th road (left)",
        "allowed_delivery_methods": [],
        "delivery_method": "leave_at_door"
      },
      {
        "id": 27,
        "duration_s": 583.0319999999974,
        "on_time": false,
        "temp_ok_all": false,
        "odor_ok_all": true,
        "damage_ok_all": true,
        "stars": {
          "overall": 4,
          "time": 3,
          "food": 4,
          "method": 5
        },
        "earnings": 4.612718653691937,
        "bonus_extra": 1.5,
        "paid_total": 6.112718653691937,
        "pickup": "14th road (left)",
        "dropoff": "21st road (right)",
        "allowed_delivery_methods": [],
        "delivery_method": "leave_at_door"
      },
      {
        "id": 32,
        "duration_s": 619.784999999998,
        "on_time": false,
        "temp_ok_all": false,
        "odor_ok_all": true,
        "damage_ok_all": true,
        "stars": {
          "overall": 4,
          "time": 2,
          "food": 4,
          "method": 5
        },
        "earnings": 3.8008702353196497,
        "bonus_extra": 1.5,
        "paid_total": 5.30087023531965,
        "pickup": "4th road (left)",
        "dropoff": "10th road (left)",
        "allowed_delivery_methods": [],
        "delivery_method": "leave_at_door"
      },
      {
        "id": 42,
        "duration_s": 489.46500000000196,
        "on_time": false,
        "temp_ok_all": false,
        "odor_ok_all": true,
        "damage_ok_all": true,
        "stars": {
          "overall": 3,
          "time": 1,
          "food": 4,
          "method": 5
        },
        "earnings": 1.5499647429851888,
        "bonus_extra": 0.0,
        "paid_total": 1.5499647429851888,
        "pickup": "6th road (right)",
        "dropoff": "1st road (left)",
        "allowed_delivery_methods": [],
        "delivery_method": "leave_at_door"
      },
      {
        "id": 26,
        "duration_s": 1170.3780000000006,
        "on_time": false,
        "temp_ok_all": false,
        "odor_ok_all": true,
        "damage_ok_all": true,
        "stars": {
          "overall": 4,
          "time": 4,
          "food": 3,
          "method": 5
        },
        "earnings": 8.842205819925097,
        "bonus_extra": 1.5,
        "paid_total": 10.342205819925097,
        "pickup": "6th road (right)",
        "dropoff": "15th road (left)",
        "allowed_delivery_methods": [],
        "delivery_method": "leave_at_door"
      },
      {
        "id": 58,
        "duration_s": 525.4229999999989,
        "on_time": false,
        "temp_ok_all": false,
        "odor_ok_all": true,
        "damage_ok_all": true,
        "stars": {
          "overall": 3,
          "time": 1,
          "food": 4,
          "method": 5
        },
        "earnings": 1.6681547294923664,
        "bonus_extra": 0.0,
        "paid_total": 1.6681547294923664,
        "pickup": "14th road (left)",
        "dropoff": "13th road (left)",
        "allowed_delivery_methods": [],
        "delivery_method": "leave_at_door"
      },
      {
        "id": 60,
        "duration_s": 682.9710000000032,
        "on_time": false,
        "temp_ok_all": false,
        "odor_ok_all": true,
        "damage_ok_all": true,
        "stars": {
          "overall": 2,
          "time": 1,
          "food": 4,
          "method": 1
        },
        "earnings": 2.2458828304300558,
        "bonus_extra": 0.0,
        "paid_total": 2.2458828304300558,
        "pickup": "14th road (left)",
        "dropoff": "20th road (left)",
        "allowed_delivery_methods": [
          "hand_to_customer"
        ],
        "delivery_method": "leave_at_door"
      },
      {
        "id": 64,
        "duration_s": 399.98399999999856,
        "on_time": true,
        "temp_ok_all": false,
        "odor_ok_all": true,
        "damage_ok_all": true,
        "stars": {
          "overall": 3,
          "time": 5,
          "food": 4,
          "method": 1
        },