{
  "meta": {
    "agent_id": "1",
    "model": "qwen/qwen2.5-vl-32b-instruct",
    "lifecycle_hours": 2.0,
    "started_sim_s": 80.48399999999856,
    "ended_sim_s": 11048.064,
    "active_elapsed_s": 7200.518999999986,
    "active_hours": 2.000144166666663,
    "wall_finished_ts": 1758570189.0828016
  },
  "money": {
    "totals": {
      "initial_earnings": 100.0,
      "current_balance": 98.6417509980745,
      "net_growth": -1.3582490019255005,
      "orders_income": 18.641750998074503,
      "help_income": 0.0,
      "expense_total": 20.0,
      "base_wage": 14.141750998074503,
      "bonus": 4.5,
      "help_expense": 0.0,
      "expense_breakdown": {
        "purchases": 0.0,
        "charging": 0.0,
        "rental": 0.0,
        "hospital": 20.0,
        "help_expense": 0.0
      },
      "advances": {
        "out": 0.0,
        "returned": 0.0,
        "net": 0.0
      },
      "observed_agent_balance_end": 98.6417509980745
    },
    "per_hour": {
      "net_growth": -0.6791245009627502,
      "orders_income": 9.320875499037252,
      "help_income": 0.0,
      "expense_total": 10.0,
      "base_wage": 7.0708754990372515,
      "bonus": 2.25,
      "initial_earnings": 50.0,
      "current_balance": 49.32087549903725,
      "help_expense": 0.0,
      "observed_agent_balance_end": 49.32087549903725
    },
    "details": {
      "purchases": [],
      "charging": [],
      "rental": [],
      "hospital": [
        {
          "ts_sim": 4633.782000000003,
          "fee": 5.0
        },
        {
          "ts_sim": 6244.407000000003,
          "fee": 5.0
        },
        {
          "ts_sim": 8155.547999999999,
          "fee": 5.0
        },
        {
          "ts_sim": 10163.718000000003,
          "fee": 5.0
        }
      ],
      "help_income": [],
      "help_expense": [],
      "advance_out": [],
      "advance_return": []
    }
  },
  "orders": {
    "completed_count": 4,
    "timeout_count": 3,
    "avg_stars": 3.75,
    "avg_food_stars": 4.0,
    "temp_ok_rate": 0.0,
    "odor_ok_rate": 1.0,
    "damage_ok_rate": 1.0,
    "method_success_rate": 1.0,
    "total_active_time_s": 6298.643999999991,
    "avg_time_per_order_s": 1574.6609999999978,
    "details": [
      {
        "id": 11,
        "duration_s": 464.01600000000144,
        "on_time": false,
        "temp_ok_all": false,
        "odor_ok_all": true,
        "damage_ok_all": true,
        "stars": {
          "overall": 3,
          "time": 1,
          "food": 4,
          "method": 5
        },
        "earnings": 0.9850212227732806,
        "bonus_extra": 0.0,
        "paid_total": 0.9850212227732806,
        "pickup": "6th road (right)",
        "dropoff": "6th road (left)",
        "allowed_delivery_methods": [],
        "delivery_method": "leave_at_door"
      },
      {
        "id": 18,
        "duration_s": 424.50299999999515,
        "on_time": false,
        "temp_ok_all": false,
        "odor_ok_all": true,
        "damage_ok_all": true,
        "stars": {
          "overall": 4,
          "time": 2,
          "food": 4,
          "method": 5
        },
        "earnings": 2.041965244163735,
        "bonus_extra": 1.5,
        "paid_total": 3.541965244163735,
        "pickup": "8th road (left)",
        "dropoff": "17th road (left)",
        "allowed_delivery_methods": [],
        "delivery_method": "leave_at_door"
      },
      {
        "id": 19,
        "duration_s": 178.07699999999568,
        "on_time": true,
        "temp_ok_all": false,
        "odor_ok_all": true,
        "damage_ok_all": true,
        "stars": {
          "overall": 5,
          "time": 5,
          "food": 4,
          "method": 5
        },
        "earnings": 4.4151142863708115,
        "bonus_extra": 3.0,
        "paid_total": 7.4151142863708115,
        "pickup": "4th road (left)",
        "dropoff": "3rd road (right)",
        "allowed_delivery_methods": [
          "leave_at_door",
          "knock"
        ],
        "delivery_method": "leave_at_door"
      },
      {
        "id": 15,
        "duration_s": 5232.047999999999,
        "on_time": false,
        "temp_ok_all": false,
        "odor_ok_all": true,
        "damage_ok_all": true,
        "stars": {
          "overall": 3,
          "time": 1,
          "food": 4,
          "method": 5
        },
        "earnings": 6.699650244766676,
        "bonus_extra": 0.0,
        "paid_total": 6.699650244766676,
        "pickup": "4th road (left)",
        "dropoff": "15th road (right)",
        "allowed_delivery_methods": [],
        "delivery_method": "leave_at_door"
      }
    ]
  },
  "activity": {
    "active_time_ratio": 0.8747486118708948,
    "orders_per_hour": 2.0,
    "avg_order_time_s": 1574.6609999999978,
    "mode_time_s": {
      "e-scooter": 1291.3109999999888,
      "drag_scooter": 2967.659999999998,
      "walk": 2941.547999999999
    },
    "mode_time_ratio": {
      "e-scooter": 0.1793358228760998,
      "drag_scooter": 0.41214529119359367,
      "walk": 0.4085188859303065
    }
  },
  "interruptions": {
    "scooter_depleted": 1,
    "hospital_rescue": 4,
    "rent_insufficient": 0,
    "charge_insufficient": 0
  },
  "social": {
    "help_posted": 0,
    "help_accepted": 0,
    "help_given": 0,
    "help_received": 0
  },
  "capability_buckets": {
    "high_level_planning": {
      "active_time_ratio": 0.8747486118708948,
      "orders_per_hour": 1.9998558437246021,
      "avg_order_time_s": 1574.6609999999978,
      "scooter_depleted_events": 1,
      "hospital_rescue_times": 4,
      "rent_insufficient_times": 0,
      "charge_insufficient_times": 0
    },
    "common_sense_reasoning": {
      "temp_ok_rate": 0.0,
      "odor_ok_rate": 1.0,
      "damage_ok_rate": 1.0,
      "method_success_rate": 1.0
    },
    "social_reasoning": {
      "help_posted": 0,
      "help_accepted": 0,
      "help_given": 0,
      "help_received": 0,
      "say": 0
    }
  },
  "actions": {
    "view_orders": {
      "attempts": 11,
      "successes": 11,
      "success_rate": 1.0
    },
    "accept_order": {
      "attempts": 10,
      "successes": 5,
      "success_rate": 0.5
    },
    "move_to": {
      "attempts": 14,
      "successes": 9,
      "success_rate": 0.6428571428571429
    },
    "wait": {
      "attempts": 4,
      "successes": 4,
      "success_rate": 1.0
    },
    "pickup": {
      "attempts": 4,
      "successes": 4,
      "success_rate": 1.0
    },
    "place_food_in_bag": {
      "attempts": 4,
      "successes": 4,
      "success_rate": 1.0
    },
    "drop_off": {
      "attempts": 4,
      "successes": 4,
      "success_rate": 1.0
    },
    "charge_escooter": {
      "attempts": 1,
      "successes": 0,
      "success_rate": 0.0
    }
  },
  "vlm": {
    "total_calls": 58,
    "successes": 52,
    "parse_failures": 6,
    "retries": 6,
    "success_rate": 0.896551724137931,
    "parse_success_rate": 0.896551724137931
  }
}