{
  "meta": {
    "agent_id": "8",
    "model": "meta-llama/llama-3.2-90b-vision-instruct",
    "lifecycle_hours": 2.0,
    "started_sim_s": 46.359000000025844,
    "ended_sim_s": 12233.625,
    "active_elapsed_s": 7200.1979999998875,
    "active_hours": 2.0000549999999686,
    "wall_finished_ts": 1758310809.8238013
  },
  "money": {
    "totals": {
      "initial_earnings": 100.0,
      "current_balance": 36.341908657174656,
      "net_growth": -63.658091342825344,
      "orders_income": 16.341908657174656,
      "help_income": 0.0,
      "expense_total": 80.0,
      "base_wage": 13.341908657174654,
      "bonus": 3.0,
      "help_expense": 0.0,
      "expense_breakdown": {
        "purchases": 0.0,
        "charging": 0.0,
        "rental": 0.0,
        "hospital": 80.0,
        "help_expense": 0.0
      },
      "advances": {
        "out": 0.0,
        "returned": 0.0,
        "net": 0.0
      },
      "observed_agent_balance_end": 36.341908657174656
    },
    "per_hour": {
      "net_growth": -31.828170396727263,
      "orders_income": 8.170729633522534,
      "help_income": 0.0,
      "expense_total": 39.99890003024979,
      "base_wage": 6.670770882388166,
      "bonus": 1.4999587511343673,
      "initial_earnings": 49.998625037812246,
      "current_balance": 18.170454641084984,
      "help_expense": 0.0,
      "observed_agent_balance_end": 18.170454641084984
    },
    "details": {
      "purchases": [],
      "charging": [],
      "rental": [],
      "hospital": [
        {
          "ts_sim": 5486.7660000000615,
          "fee": 20.0
        },
        {
          "ts_sim": 7528.032000000036,
          "fee": 20.0
        },
        {
          "ts_sim": 9534.141000000061,
          "fee": 20.0
        },
        {
          "ts_sim": 11428.688999999984,
          "fee": 20.0
        }
      ],
      "help_income": [],
      "help_expense": [],
      "advance_out": [],
      "advance_return": []
    }
  },
  "orders": {
    "completed_count": 5,
    "timeout_count": 4,
    "avg_stars": 3.2,
    "avg_food_stars": 3.8,
    "temp_ok_rate": 0.0,
    "odor_ok_rate": 0.8,
    "damage_ok_rate": 1.0,
    "method_success_rate": 0.8,
    "total_active_time_s": 5181.623999999778,
    "avg_time_per_order_s": 1036.3247999999555,
    "details": [
      {
        "id": 1,
        "duration_s": 425.4419999999518,
        "on_time": true,
        "temp_ok_all": false,
        "odor_ok_all": true,
        "damage_ok_all": true,
        "stars": {
          "overall": 4,
          "time": 4,
          "food": 4,
          "method": 5
        },
        "earnings": 3.5625901760540257,
        "bonus_extra": 1.5,
        "paid_total": 5.062590176054026,
        "pickup": "5th road (right)",
        "dropoff": "9th road (left)",
        "allowed_delivery_methods": [],
        "delivery_method": "leave_at_door"
      },
      {
        "id": 9,
        "duration_s": 574.9739999999001,
        "on_time": false,
        "temp_ok_all": false,
        "odor_ok_all": true,
        "damage_ok_all": true,
        "stars": {
          "overall": 3,
          "time": 1,
          "food": 3,
          "method": 5
        },
        "earnings": 1.5199368362693724,
        "bonus_extra": 0.0,
        "paid_total": 1.5199368362693724,
        "pickup": "5th road (right)",
        "dropoff": "1st road (left)",
        "allowed_delivery_methods": [],
        "delivery_method": "leave_at_door"
      },
      {
        "id": 36,
        "duration_s": 397.5930000000517,
        "on_time": false,
        "temp_ok_all": false,
        "odor_ok_all": true,
        "damage_ok_all": true,
        "stars": {
          "overall": 4,
          "time": 2,
          "food": 4,
          "method": 5
        },
        "earnings": 3.1526652619751245,
        "bonus_extra": 1.5,
        "paid_total": 4.652665261975125,
        "pickup": "5th road (right)",
        "dropoff": "10th road (left)",
        "allowed_delivery_methods": [
          "knock",
          "hand_to_customer"
        ],
        "delivery_method": "hand_to_customer"
      },
      {
        "id": 38,
        "duration_s": 712.6889999999839,
        "on_time": false,
        "temp_ok_all": false,
        "odor_ok_all": true,
        "damage_ok_all": true,
        "stars": {
          "overall": 2,
          "time": 1,
          "food": 4,
          "method": 1
        },
        "earnings": 3.6255929746235354,
        "bonus_extra": 0.0,
        "paid_total": 3.6255929746235354,
        "pickup": "10th road (left)",
        "dropoff": "1st road (right)",
        "allowed_delivery_methods": [
          "leave_at_door"
        ],
        "delivery_method": "call"
      },
      {
        "id": 45,
        "duration_s": 3070.9259999998903,
        "on_time": false,
        "temp_ok_all": false,
        "odor_ok_all": false,
        "damage_ok_all": true,
        "stars": {
          "overall": 3,
          "time": 1,
          "food": 4,
          "method": 5
        },
        "earnings": 1.4811234082525961,
        "bonus_extra": 0.0,
        "paid_total": 1.4811234082525961,
        "pickup": "7th road (left)",
        "dropoff": "26th road (right)",
        "allowed_delivery_methods": [
          "knock"
        ],
        "delivery_method": "knock"
      }
    ]
  },
  "activity": {
    "active_time_ratio": 0.7196502096192159,
    "orders_per_hour": 2.499931251890612,
    "avg_order_time_s": 1036.3247999999555,
    "mode_time_s": {
      "e-scooter": 831.7559999998484,
      "drag_scooter": 853.5000000000873,
      "walk": 5514.941999999952
    },
    "mode_time_ratio": {
      "e-scooter": 0.11551848990817494,
      "drag_scooter": 0.11853840686049198,
      "walk": 0.7659431032313331
    }
  },
  "interruptions": {
    "scooter_depleted": 1,
    "hospital_rescue": 4,
    "rent_insufficient": 0,
    "charge_insufficient": 0
  },
  "social": {
    "help_posted": 0,
    "help_accepted": 0,
    "help_given": 0,
    "help_received": 0
  },
  "capability_buckets": {
    "high_level_planning": {
      "active_time_ratio": 0.7196502096192159,
      "orders_per_hour": 2.499931251890612,
      "avg_order_time_s": 1036.3247999999555,
      "scooter_depleted_events": 1,
      "hospital_rescue_times": 4,
      "rent_insufficient_times": 0,
      "charge_insufficient_times": 0
    },
    "common_sense_reasoning": {
      "temp_ok_rate": 0.0,
      "odor_ok_rate": 0.8,
      "damage_ok_rate": 1.0,
      "method_success_rate": 0.8
    },
    "social_reasoning": {
      "help_posted": 0,
      "help_accepted": 0,
      "help_given": 0,
      "help_received": 0,
      "say": 0
    }
  },
  "actions": {
    "view_orders": {
      "attempts": 18,
      "successes": 18,
      "success_rate": 1.0
    },
    "accept_order": {
      "attempts": 4,
      "successes": 4,
      "success_rate": 1.0
    },
    "move_to": {
      "attempts": 28,
      "successes": 23,
      "success_rate": 0.8214285714285714
    },
    "pickup": {
      "attempts": 8,
      "successes": 7,
      "success_rate": 0.875
    },
    "place_food_in_bag": {
      "attempts": 7,
      "successes": 7,
      "success_rate": 1.0
    },
    "drop_off": {
      "attempts": 9,
      "successes": 5,
      "success_rate": 0.5555555555555556
    },
    "wait": {
      "attempts": 3,
      "successes": 3,
      "success_rate": 1.0
    },
    "switch_transport": {
      "attempts": 1,
      "successes": 1,
      "success_rate": 1.0
    },
    "step_forward": {
      "attempts": 1,
      "successes": 1,
      "success_rate": 1.0
    }
  },
  "vlm": {
    "total_calls": 81,
    "successes": 79,
    "parse_failures": 2,
    "retries": 2,
    "success_rate": 0.9753086419753086,
    "parse_success_rate": 0.9753086419753086
  }
}