{
  "meta": {
    "agent_id": "3",
    "model": "meta-llama/llama-3.2-90b-vision-instruct",
    "lifecycle_hours": 2.0,
    "started_sim_s": 44.813999999983935,
    "ended_sim_s": 11526.42300000001,
    "active_elapsed_s": 3112.964999999822,
    "active_hours": 0.8647124999999505,
    "wall_finished_ts": 1758310574.0761569
  },
  "money": {
    "totals": {
      "initial_earnings": 100.0,
      "current_balance": 95.19816880992683,
      "net_growth": -4.801831190073173,
      "orders_income": 15.19816880992682,
      "help_income": 0.0,
      "expense_total": 20.0,
      "base_wage": 12.19816880992682,
      "bonus": 3.0,
      "help_expense": 0.0,
      "expense_breakdown": {
        "purchases": 0.0,
        "charging": 0.0,
        "rental": 0.0,
        "hospital": 20.0,
        "help_expense": 0.0
      },
      "advances": {
        "out": 0.0,
        "returned": 0.0,
        "net": 0.0
      },
      "observed_agent_balance_end": 95.19816880992683
    },
    "per_hour": {
      "net_growth": -5.553095612788583,
      "orders_income": 17.57597907966832,
      "help_income": 0.0,
      "expense_total": 23.12907469245691,
      "base_wage": 14.106617875799781,
      "bonus": 3.4693612038685364,
      "initial_earnings": 115.64537346228455,
      "current_balance": 110.09227784949596,
      "help_expense": 0.0,
      "observed_agent_balance_end": 110.09227784949596
    },
    "details": {
      "purchases": [],
      "charging": [],
      "rental": [],
      "hospital": [
        {
          "ts_sim": 4990.92300000001,
          "fee": 20.0
        }
      ],
      "help_income": [],
      "help_expense": [],
      "advance_out": [],
      "advance_return": []
    }
  },
  "orders": {
    "completed_count": 2,
    "timeout_count": 1,
    "avg_stars": 4.0,
    "avg_food_stars": 4.0,
    "temp_ok_rate": 0.5,
    "odor_ok_rate": 1.0,
    "damage_ok_rate": 1.0,
    "method_success_rate": 1.0,
    "total_active_time_s": 3089.384999999864,
    "avg_time_per_order_s": 1544.692499999932,
    "details": [
      {
        "id": 23,
        "duration_s": 685.9679999999644,
        "on_time": true,
        "temp_ok_all": true,
        "odor_ok_all": true,
        "damage_ok_all": true,
        "stars": {
          "overall": 5,
          "time": 5,
          "food": 4,
          "method": 5
        },
        "earnings": 8.882026253239214,
        "bonus_extra": 3.0,
        "paid_total": 11.882026253239214,
        "pickup": "10th road (right)",
        "dropoff": "2nd road (left)",
        "allowed_delivery_methods": [],
        "delivery_method": "leave_at_door"
      },
      {
        "id": 33,
        "duration_s": 2403.4169999998994,
        "on_time": false,
        "temp_ok_all": false,
        "odor_ok_all": true,
        "damage_ok_all": true,
        "stars": {
          "overall": 3,
          "time": 1,
          "food": 4,
          "method": 5
        },
        "earnings": 3.3161425566876064,
        "bonus_extra": 0.0,
        "paid_total": 3.3161425566876064,
        "pickup": "26th road (right)",
        "dropoff": "2nd road (left)",
        "allowed_delivery_methods": [
          "leave_at_door",
          "knock"
        ],
        "delivery_method": "leave_at_door"
      }
    ]
  },
  "activity": {
    "active_time_ratio": 0.9924252280382339,
    "orders_per_hour": 2.312907469245691,
    "avg_order_time_s": 1544.692499999932,
    "mode_time_s": {
      "e-scooter": 685.9679999999644,
      "drag_scooter": 2426.9969999998575
    },
    "mode_time_ratio": {
      "e-scooter": 0.22035840428658968,
      "drag_scooter": 0.7796415957134103
    }
  },
  "interruptions": {
    "scooter_depleted": 1,
    "hospital_rescue": 1,
    "rent_insufficient": 0,
    "charge_insufficient": 0
  },
  "social": {
    "help_posted": 0,
    "help_accepted": 0,
    "help_given": 0,
    "help_received": 0
  },
  "capability_buckets": {
    "high_level_planning": {
      "active_time_ratio": 0.9924252280382339,
      "orders_per_hour": 2.312907469245691,
      "avg_order_time_s": 1544.692499999932,
      "scooter_depleted_events": 1,
      "hospital_rescue_times": 1,
      "rent_insufficient_times": 0,
      "charge_insufficient_times": 0
    },
    "common_sense_reasoning": {
      "temp_ok_rate": 0.5,
      "odor_ok_rate": 1.0,
      "damage_ok_rate": 1.0,
      "method_success_rate": 1.0
    },
    "social_reasoning": {
      "help_posted": 0,
      "help_accepted": 0,
      "help_given": 0,
      "help_received": 0,
      "say": 0
    }
  },
  "actions": {
    "view_orders": {
      "attempts": 9,
      "successes": 9,
      "success_rate": 1.0
    },
    "accept_order": {
      "attempts": 2,
      "successes": 2,
      "success_rate": 1.0
    },
    "move_to": {
      "attempts": 16,
      "successes": 14,
      "success_rate": 0.875
    },
    "pickup": {
      "attempts": 16,
      "successes": 2,
      "success_rate": 0.125
    },
    "place_food_in_bag": {
      "attempts": 2,
      "successes": 2,
      "success_rate": 1.0
    },
    "drop_off": {
      "attempts": 6,
      "successes": 2,
      "success_rate": 0.3333333333333333
    },
    "wait": {
      "attempts": 3,
      "successes": 3,
      "success_rate": 1.0
    },
    "charge_escooter": {
      "attempts": 1,
      "successes": 0,
      "success_rate": 0.0
    },
    "switch_transport": {
      "attempts": 145,
      "successes": 0,
      "success_rate": 0.0
    }
  },
  "vlm": {
    "total_calls": 200,
    "successes": 200,
    "parse_failures": 0,
    "retries": 0,
    "success_rate": 1.0,
    "parse_success_rate": 1.0
  }
}