{
  "meta": {
    "agent_id": "3",
    "model": "anthropic/claude-3.7-sonnet",
    "lifecycle_hours": 2.0,
    "started_sim_s": 17.016000000061467,
    "ended_sim_s": 12716.954999999958,
    "active_elapsed_s": 6060.432000000437,
    "active_hours": 1.6834533333334547,
    "wall_finished_ts": 1758602070.5508153
  },
  "money": {
    "totals": {
      "initial_earnings": 100.0,
      "current_balance": 120.16810266754754,
      "net_growth": 20.168102667547544,
      "orders_income": 30.16810266754754,
      "help_income": 0.0,
      "expense_total": 10.0,
      "base_wage": 21.16810266754754,
      "bonus": 9.0,
      "help_expense": 0.0,
      "expense_breakdown": {
        "purchases": 0.0,
        "charging": 0.0,
        "rental": 0.0,
        "hospital": 10.0,
        "help_expense": 0.0
      },
      "advances": {
        "out": 0.0,
        "returned": 0.0,
        "net": 0.0
      },
      "observed_agent_balance_end": 120.16810266754754
    },
    "per_hour": {
      "net_growth": 10.084051333773772,
      "orders_income": 15.08405133377377,
      "help_income": 0.0,
      "expense_total": 5.0,
      "base_wage": 10.58405133377377,
      "bonus": 4.5,
      "initial_earnings": 50.0,
      "current_balance": 60.08405133377377,
      "help_expense": 0.0,
      "observed_agent_balance_end": 60.08405133377377
    },
    "details": {
      "purchases": [],
      "charging": [],
      "rental": [],
      "hospital": [
        {
          "ts_sim": 6665.579999999958,
          "fee": 5.0
        },
        {
          "ts_sim": 9384.329999999958,
          "fee": 5.0
        }
      ],
      "help_income": [],
      "help_expense": [],
      "advance_out": [],
      "advance_return": []
    }
  },
  "orders": {
    "completed_count": 6,
    "timeout_count": 3,
    "avg_stars": 4.0,
    "avg_food_stars": 4.333333333333333,
    "temp_ok_rate": 0.5,
    "odor_ok_rate": 1.0,
    "damage_ok_rate": 1.0,
    "method_success_rate": 1.0,
    "total_active_time_s": 3659.3040000008186,
    "avg_time_per_order_s": 609.8840000001364,
    "details": [
      {
        "id": 2,
        "duration_s": 518.2529999999679,
        "on_time": false,
        "temp_ok_all": false,
        "odor_ok_all": true,
        "damage_ok_all": true,
        "stars": {
          "overall": 3,
          "time": 1,
          "food": 4,
          "method": 5
        },
        "earnings": 1.1123692118949466,
        "bonus_extra": 0.0,
        "paid_total": 1.1123692118949466,
        "pickup": "14th road (right)",
        "dropoff": "3rd road (left)",
        "allowed_delivery_methods": [
          "leave_at_door"
        ],
        "delivery_method": "leave_at_door"
      },
      {
        "id": 20,
        "duration_s": 257.76600000006147,
        "on_time": true,
        "temp_ok_all": false,
        "odor_ok_all": true,
        "damage_ok_all": true,
        "stars": {
          "overall": 4,
          "time": 3,
          "food": 4,
          "method": 5
        },
        "earnings": 1.9749248321510815,
        "bonus_extra": 1.5,
        "paid_total": 3.4749248321510815,
        "pickup": "14th road (right)",
        "dropoff": "3rd road (left)",
        "allowed_delivery_methods": [],
        "delivery_method": "leave_at_door"
      },
      {
        "id": 29,
        "duration_s": 402.37200000003213,
        "on_time": true,
        "temp_ok_all": false,
        "odor_ok_all": true,
        "damage_ok_all": true,
        "stars": {
          "overall": 4,
          "time": 3,
          "food": 4,
          "method": 5
        },
        "earnings": 3.9998531983977683,
        "bonus_extra": 1.5,
        "paid_total": 5.499853198397768,
        "pickup": "4th road (left)",
        "dropoff": "1st road (right)",
        "allowed_delivery_methods": [
          "knock"
        ],
        "delivery_method": "knock"
      },
      {
        "id": 26,
        "duration_s": 512.0160000002361,
        "on_time": false,
        "temp_ok_all": true,
        "odor_ok_all": true,
        "damage_ok_all": true,
        "stars": {
          "overall": 4,
          "time": 3,
          "food": 4,
          "method": 5
        },
        "earnings": 5.406232300115754,
        "bonus_extra": 1.5,
        "paid_total": 6.906232300115754,
        "pickup": "4th road (left)",
        "dropoff": "1st road (right)",
        "allowed_delivery_methods": [
          "leave_at_door"
        ],
        "delivery_method": "leave_at_door"
      },
      {
        "id": 55,
        "duration_s": 468.9360000001034,
        "on_time": true,
        "temp_ok_all": true,
        "odor_ok_all": true,
        "damage_ok_all": true,
        "stars": {
          "overall": 5,
          "time": 5,
          "food": 5,
          "method": 5
        },
        "earnings": 5.205781330735764,
        "bonus_extra": 3.0,
        "paid_total": 8.205781330735764,
        "pickup": "14th road (right)",
        "dropoff": "8th road (right)",
        "allowed_delivery_methods": [],
        "delivery_method": "leave_at_door"
      },
      {
        "id": 52,
        "duration_s": 1499.9610000004177,
        "on_time": false,
        "temp_ok_all": true,
        "odor_ok_all": true,
        "damage_ok_all": true,
        "stars": {
          "overall": 4,
          "time": 1,
          "food": 5,
          "method": 5
        },
        "earnings": 3.4689417942522276,
        "bonus_extra": 1.5,
        "paid_total": 4.968941794252228,
        "pickup": "12th road (right)",
        "dropoff": "7th road (left)",
        "allowed_delivery_methods": [],
        "delivery_method": "leave_at_door"
      }
    ]
  },
  "activity": {
    "active_time_ratio": 0.6038025012079262,
    "orders_per_hour": 3.0,
    "avg_order_time_s": 609.8840000001364,
    "mode_time_s": {
      "e-scooter": 1709.9520000003395,
      "walk": 4350.480000000098
    },
    "mode_time_ratio": {
      "e-scooter": 0.28215018335330155,
      "walk": 0.7178498166466984
    }
  },
  "interruptions": {
    "scooter_depleted": 0,
    "hospital_rescue": 2,
    "rent_insufficient": 0,
    "charge_insufficient": 0
  },
  "social": {
    "help_posted": 0,
    "help_accepted": 0,
    "help_given": 0,
    "help_received": 0
  },
  "capability_buckets": {
    "high_level_planning": {
      "active_time_ratio": 0.6038025012079262,
      "orders_per_hour": 3.5641023610195517,
      "avg_order_time_s": 609.8840000001364,
      "scooter_depleted_events": 0,
      "hospital_rescue_times": 2,
      "rent_insufficient_times": 0,
      "charge_insufficient_times": 0
    },
    "common_sense_reasoning": {
      "temp_ok_rate": 0.5,
      "odor_ok_rate": 1.0,
      "damage_ok_rate": 1.0,
      "method_success_rate": 1.0
    },
    "social_reasoning": {
      "help_posted": 0,
      "help_accepted": 0,
      "help_given": 0,
      "help_received": 0,
      "say": 1
    }
  },
  "actions": {
    "view_orders": {
      "attempts": 13,
      "successes": 13,
      "success_rate": 1.0
    },
    "accept_order": {
      "attempts": 7,
      "successes": 7,
      "success_rate": 1.0
    },
    "move_to": {
      "attempts": 55,
      "successes": 53,
      "success_rate": 0.9636363636363636
    },
    "wait": {
      "attempts": 16,
      "successes": 16,
      "success_rate": 1.0
    },
    "pickup": {
      "attempts": 7,
      "successes": 7,
      "success_rate": 1.0
    },
    "place_food_in_bag": {
      "attempts": 7,
      "successes": 7,
      "success_rate": 1.0
    },
    "drop_off": {
      "attempts": 33,
      "successes": 6,
      "success_rate": 0.18181818181818182
    },
    "charge_escooter": {
      "attempts": 28,
      "successes": 0,
      "success_rate": 0.0
    },
    "switch_transport": {
      "attempts": 8,
      "successes": 8,
      "success_rate": 1.0
    },
    "say": {
      "attempts": 1,
      "successes": 1,
      "success_rate": 1.0
    },
    "step_forward": {
      "attempts": 21,
      "successes": 21,
      "success_rate": 1.0
    },