{
  "meta": {
    "agent_id": "7",
    "model": "anthropic/claude-3.7-sonnet",
    "lifecycle_hours": 2.0,
    "started_sim_s": 17.625,
    "ended_sim_s": 13630.875,
    "active_elapsed_s": 7174.173000000534,
    "active_hours": 1.9928258333334816,
    "wall_finished_ts": 1758602375.2019897
  },
  "money": {
    "totals": {
      "initial_earnings": 100.0,
      "current_balance": 163.17051107169112,
      "net_growth": 63.170511071691124,
      "orders_income": 79.06738607169179,
      "help_income": 0.0,
      "expense_total": 15.896875000001435,
      "base_wage": 53.567386071691786,
      "bonus": 25.5,
      "help_expense": 0.0,
      "expense_breakdown": {
        "purchases": 6.0,
        "charging": 9.896875000001435,
        "rental": 0.0,
        "hospital": 0.0,
        "help_expense": 0.0
      },
      "advances": {
        "out": 0.0,
        "returned": 0.0,
        "net": 0.0
      },
      "observed_agent_balance_end": 163.17051107169112
    },
    "per_hour": {
      "net_growth": 31.585255535845562,
      "orders_income": 39.53369303584589,
      "help_income": 0.0,
      "expense_total": 7.9484375000007175,
      "base_wage": 26.783693035845893,
      "bonus": 12.75,
      "initial_earnings": 50.0,
      "current_balance": 81.58525553584556,
      "help_expense": 0.0,
      "observed_agent_balance_end": 81.58525553584556
    },
    "details": {
      "purchases": [
        {
          "ts_sim": 7713.09600000002,
          "items": "1 x energy_drink",
          "cost": 6.0
        }
      ],
      "charging": [
        {
          "ts_sim": 13630.875,
          "which": "own",
          "req_id": null,
          "delta_pct": 197.9375000000291,
          "cost": 9.896875000001435,
          "start_ts": 2075.204999999958,
          "end_ts": 13630.875,
          "reason": "lifecycle_end",
          "aggregated": true,
          "target_pct": null
        }
      ],
      "rental": [],
      "hospital": [],
      "help_income": [],
      "help_expense": [],
      "advance_out": [],
      "advance_return": []
    }
  },
  "orders": {
    "completed_count": 12,
    "timeout_count": 6,
    "avg_stars": 4.416666666666667,
    "avg_food_stars": 4.333333333333333,
    "temp_ok_rate": 0.3333333333333333,
    "odor_ok_rate": 1.0,
    "damage_ok_rate": 1.0,
    "method_success_rate": 1.0,
    "total_active_time_s": 5868.147000000696,
    "avg_time_per_order_s": 489.012250000058,
    "details": [
      {
        "id": 6,
        "duration_s": 444.18900000007125,
        "on_time": true,
        "temp_ok_all": false,
        "odor_ok_all": true,
        "damage_ok_all": true,
        "stars": {
          "overall": 5,
          "time": 5,
          "food": 4,
          "method": 5
        },
        "earnings": 4.340245070643408,
        "bonus_extra": 3.0,
        "paid_total": 7.340245070643408,
        "pickup": "7th road (right)",
        "dropoff": "15th road (right)",
        "allowed_delivery_methods": [
          "knock"
        ],
        "delivery_method": "knock"
      },
      {
        "id": 10,
        "duration_s": 510.3300000001327,
        "on_time": true,
        "temp_ok_all": false,
        "odor_ok_all": true,
        "damage_ok_all": true,
        "stars": {
          "overall": 5,
          "time": 5,
          "food": 5,
          "method": 5
        },
        "earnings": 6.076345897528154,
        "bonus_extra": 3.0,
        "paid_total": 9.076345897528153,
        "pickup": "14th road (right)",
        "dropoff": "15th road (left)",
        "allowed_delivery_methods": [],
        "delivery_method": "leave_at_door"
      },
      {
        "id": 30,
        "duration_s": 781.3140000002459,
        "on_time": false,
        "temp_ok_all": true,
        "odor_ok_all": true,
        "damage_ok_all": true,
        "stars": {
          "overall": 4,
          "time": 2,
          "food": 5,
          "method": 5
        },
        "earnings": 3.0298408721250936,
        "bonus_extra": 1.5,
        "paid_total": 4.529840872125094,
        "pickup": "4th road (left)",
        "dropoff": "15th road (left)",
        "allowed_delivery_methods": [],
        "delivery_method": "leave_at_door"
      },
      {
        "id": 39,
        "duration_s": 373.82400000002235,
        "on_time": false,
        "temp_ok_all": false,
        "odor_ok_all": true,
        "damage_ok_all": true,
        "stars": {
          "overall": 3,
          "time": 1,
          "food": 4,
          "method": 5
        },
        "earnings": 0.25160450933286677,
        "bonus_extra": 0.0,
        "paid_total": 0.25160450933286677,
        "pickup": "7th road (right)",
        "dropoff": "7th road (right)",
        "allowed_delivery_methods": [],
        "delivery_method": "leave_at_door"
      },
      {
        "id": 35,
        "duration_s": 201.18600000010338,
        "on_time": true,
        "temp_ok_all": false,
        "odor_ok_all": true,
        "damage_ok_all": true,
        "stars": {
          "overall": 5,
          "time": 5,
          "food": 4,
          "method": 5
        },
        "earnings": 6.731213137235535,
        "bonus_extra": 3.0,
        "paid_total": 9.731213137235535,
        "pickup": "4th road (left)",
        "dropoff": "15th road (left)",
        "allowed_delivery_methods": [],
        "delivery_method": "leave_at_door"
      },
      {
        "id": 33,
        "duration_s": 504.93900000007125,
        "on_time": true,
        "temp_ok_all": false,
        "odor_ok_all": true,
        "damage_ok_all": true,
        "stars": {
          "overall": 5,
          "time": 5,
          "food": 4,
          "method": 5
        },
        "earnings": 12.526783016402602,
        "bonus_extra": 3.0,
        "paid_total": 15.526783016402602,
        "pickup": "12th road (right)",
        "dropoff": "15th road (left)",
        "allowed_delivery_methods": [
          "knock"
        ],
        "delivery_method": "knock"
      },
      {
        "id": 48,
        "duration_s": 852.5160000000615,
        "on_time": false,
        "temp_ok_all": false,
        "odor_ok_all": true,
        "damage_ok_all": true,
        "stars": {
          "overall": 4,
          "time": 2,
          "food": 4,
          "method": 5
        },
        "earnings": 3.504013768745475,
        "bonus_extra": 1.5,
        "paid_total": 5.004013768745475,
        "pickup": "4th road (left)",
        "dropoff": "15th road (left)",
        "allowed_delivery_methods": [],
        "delivery_method": "leave_at_door"
      },
      {
        "id": 53,
        "duration_s": 410.862000000081,
        "on_time": false,
        "temp_ok_all": false,
        "odor_ok_all": true,
        "damage_ok_all": true,
        "stars": {
          "overall": 4,
          "time": 2,
          "food": 4,
          "method": 5
        },
        "earnings": 2.038777381100241,
        "bonus_extra": 1.5,
        "paid_total": 3.538777381100241,
        "pickup": "4th road (left)",
        "dropoff": "2nd road (right)",
        "allowed_delivery_methods": [
          "call"
        ],
        "delivery_method": "call"
      },
      {
        "id": 17,
        "duration_s": 564.5609999999288,
        "on_time": true,
        "temp_ok_all": true,
        "odor_ok_all": true,
        "damage_ok_all": true,
        "stars": {
          "overall": 5,
          "time": 5,
          "food": 4,
          "method": 5
        },
        "earnings": 6.286113196370987,
        "bonus_extra": 3.0,
        "paid_total": 9.286113196370987,
        "pickup": "4th road (left)",
        "dropoff": "13th road (right)",
        "allowed_delivery_methods": [
          "leave_at_door"
        ],
        "delivery_method": "leave_at_door"
      },
      {
        "id": 59,
        "duration_s": 521.9069999999483,
        "on_time": false,
        "temp_ok_all": false,
        "odor_ok_all": true,
        "damage_ok_all": true,
        "stars": {
          "overall": 4,
          "time": 2,