{
  "meta": {
    "agent_id": "5",
    "model": "qwen/qwen2.5-vl-72b-instruct",
    "lifecycle_hours": 2.0,
    "started_sim_s": 43.77900000000227,
    "ended_sim_s": 10407.093000000008,
    "active_elapsed_s": 7200.386999999959,
    "active_hours": 2.0001074999999884,
    "wall_finished_ts": 1758599171.69489
  },
  "money": {
    "totals": {
      "initial_earnings": 100.0,
      "current_balance": 128.5427415022813,
      "net_growth": 28.542741502281302,
      "orders_income": 48.44755143322665,
      "help_income": 0.0,
      "expense_total": 19.90480993094543,
      "base_wage": 34.94755143322665,
      "bonus": 13.5,
      "help_expense": 0.0,
      "expense_breakdown": {
        "purchases": 0.0,
        "charging": 4.904809930945429,
        "rental": 0.0,
        "hospital": 15.0,
        "help_expense": 0.0
      },
      "advances": {
        "out": 0.0,
        "returned": 0.0,
        "net": 0.0
      },
      "observed_agent_balance_end": 128.5427415022813
    },
    "per_hour": {
      "net_growth": 14.270603706191526,
      "orders_income": 24.22247375864894,
      "help_income": 0.0,
      "expense_total": 9.951870052457453,
      "base_wage": 17.472836551648776,
      "bonus": 6.749637207000163,
      "initial_earnings": 49.99731264444565,
      "current_balance": 64.26791635063718,
      "help_expense": 0.0,
      "observed_agent_balance_end": 64.26791635063718
    },
    "details": {
      "purchases": [],
      "charging": [
        {
          "ts_sim": 2343.75,
          "which": "own",
          "req_id": null,
          "delta_pct": 98.09619861890853,
          "cost": 4.904809930945429,
          "start_ts": 1527.093000000008,
          "end_ts": 2343.75,
          "reason": "finished",
          "aggregated": true,
          "target_pct": 100.0
        }
      ],
      "rental": [],
      "hospital": [
        {
          "ts_sim": 2919.234000000004,
          "fee": 5.0
        },
        {
          "ts_sim": 5415.984000000004,
          "fee": 5.0
        },
        {
          "ts_sim": 10404.609000000004,
          "fee": 5.0
        }
      ],
      "help_income": [],
      "help_expense": [],
      "advance_out": [],
      "advance_return": []
    }
  },
  "orders": {
    "completed_count": 7,
    "timeout_count": 3,
    "avg_stars": 4.285714285714286,
    "avg_food_stars": 4.0,
    "temp_ok_rate": 0.14285714285714285,
    "odor_ok_rate": 1.0,
    "damage_ok_rate": 1.0,
    "method_success_rate": 1.0,
    "total_active_time_s": 5434.082999999948,
    "avg_time_per_order_s": 776.297571428564,
    "details": [
      {
        "id": 10,
        "duration_s": 854.7630000000281,
        "on_time": false,
        "temp_ok_all": false,
        "odor_ok_all": true,
        "damage_ok_all": true,
        "stars": {
          "overall": 4,
          "time": 2,
          "food": 4,
          "method": 5
        },
        "earnings": 4.789227759284298,
        "bonus_extra": 1.5,
        "paid_total": 6.289227759284298,
        "pickup": "9th road (right)",
        "dropoff": "2nd road (right)",
        "allowed_delivery_methods": [],
        "delivery_method": "leave_at_door"
      },
      {
        "id": 18,
        "duration_s": 790.3139999999839,
        "on_time": true,
        "temp_ok_all": false,
        "odor_ok_all": true,
        "damage_ok_all": true,
        "stars": {
          "overall": 5,
          "time": 5,
          "food": 4,
          "method": 5
        },
        "earnings": 6.307629737939471,
        "bonus_extra": 3.0,
        "paid_total": 9.307629737939472,
        "pickup": "2nd road (right)",
        "dropoff": "9th road (right)",
        "allowed_delivery_methods": [],
        "delivery_method": "leave_at_door"
      },
      {
        "id": 30,
        "duration_s": 571.4070000000138,
        "on_time": true,
        "temp_ok_all": true,
        "odor_ok_all": true,
        "damage_ok_all": true,
        "stars": {
          "overall": 5,
          "time": 5,
          "food": 4,
          "method": 5
        },
        "earnings": 5.777712287248655,
        "bonus_extra": 3.0,
        "paid_total": 8.777712287248654,
        "pickup": "9th road (right)",
        "dropoff": "2nd road (right)",
        "allowed_delivery_methods": [],
        "delivery_method": "leave_at_door"
      },
      {
        "id": 36,
        "duration_s": 1464.6569999999701,
        "on_time": false,
        "temp_ok_all": false,
        "odor_ok_all": true,
        "damage_ok_all": true,
        "stars": {
          "overall": 3,
          "time": 1,
          "food": 4,
          "method": 5
        },
        "earnings": 1.580951153966118,
        "bonus_extra": 0.0,
        "paid_total": 1.580951153966118,
        "pickup": "2nd road (right)",
        "dropoff": "12th road (right)",
        "allowed_delivery_methods": [],
        "delivery_method": "leave_at_door"
      },
      {
        "id": 43,
        "duration_s": 536.4869999999501,
        "on_time": false,
        "temp_ok_all": false,
        "odor_ok_all": true,
        "damage_ok_all": true,
        "stars": {
          "overall": 3,
          "time": 1,
          "food": 4,
          "method": 5
        },
        "earnings": 2.1193868501144704,
        "bonus_extra": 0.0,
        "paid_total": 2.1193868501144704,
        "pickup": "1st road (right)",
        "dropoff": "2nd road (right)",
        "allowed_delivery_methods": [],
        "delivery_method": "leave_at_door"
      },
      {
        "id": 44,
        "duration_s": 670.3139999999839,
        "on_time": true,
        "temp_ok_all": false,
        "odor_ok_all": true,
        "damage_ok_all": true,
        "stars": {
          "overall": 5,
          "time": 5,
          "food": 4,
          "method": 5
        },
        "earnings": 4.871760199995179,
        "bonus_extra": 3.0,
        "paid_total": 7.871760199995179,
        "pickup": "2nd road (right)",
        "dropoff": "5th road (right)",
        "allowed_delivery_methods": [],
        "delivery_method": "leave_at_door"
      },
      {
        "id": 51,
        "duration_s": 546.1410000000178,
        "on_time": true,
        "temp_ok_all": false,
        "odor_ok_all": true,
        "damage_ok_all": true,
        "stars": {
          "overall": 5,
          "time": 5,
          "food": 4,
          "method": 5
        },
        "earnings": 9.500883444678461,
        "bonus_extra": 3.0,
        "paid_total": 12.500883444678461,
        "pickup": "1st road (right)",
        "dropoff": "9th road (right)",
        "allowed_delivery_methods": [],
        "delivery_method": "leave_at_door"
      }
    ]
  },
  "activity": {
    "active_time_ratio": 0.7546931852412904,
    "orders_per_hour": 3.4998118851111957,
    "avg_order_time_s": 776.297571428564,
    "mode_time_s": {
      "e-scooter": 3153.4259999999995,
      "walk": 3977.1629999999495,
      "drag_scooter": 69.79800000000978
    },
    "mode_time_ratio": {
      "e-scooter": 0.43795229339756564,
      "walk": 0.552354060969219,
      "drag_scooter": 0.009693645633215295
    }
  },
  "interruptions": {
    "scooter_depleted": 1,
    "hospital_rescue": 3,
    "rent_insufficient": 0,
    "charge_insufficient": 0
  },
  "social": {
    "help_posted": 0,
    "help_accepted": 0,
    "help_given": 0,
    "help_received": 0
  },
  "capability_buckets": {
    "high_level_planning": {
      "active_time_ratio": 0.7546931852412904,
      "orders_per_hour": 3.4998118851111957,
      "avg_order_time_s": 776.297571428564,
      "scooter_depleted_events": 1,
      "hospital_rescue_times": 3,
      "rent_insufficient_times": 0,
      "charge_insufficient_times": 0
    },
    "common_sense_reasoning": {
      "temp_ok_rate": 0.14285714285714285,
      "odor_ok_rate": 1.0,
      "damage_ok_rate": 1.0,
      "method_success_rate": 1.0
    },
    "social_reasoning": {
      "help_posted": 0,
      "help_accepted": 0,
      "help_given": 0,
      "help_received": 0,
      "say": 0
    }
  },