{
  "meta": {
    "agent_id": "4",
    "model": "google/gemini-2.5-flash",
    "lifecycle_hours": 2.0,
    "started_sim_s": 78.65700000000288,
    "ended_sim_s": 13967.907000000003,
    "active_elapsed_s": 7200.3659999999545,
    "active_hours": 2.0001016666666542,
    "wall_finished_ts": 1759912109.0821476
  },
  "money": {
    "totals": {
      "initial_earnings": 100.0,
      "current_balance": 151.3884210221926,
      "net_growth": 51.3884210221926,
      "orders_income": 73.33919602219191,
      "help_income": 0.0,
      "expense_total": 21.950774999999958,
      "base_wage": 55.339196022191906,
      "bonus": 18.0,
      "help_expense": 0.0,
      "expense_breakdown": {
        "purchases": 0.0,
        "charging": 21.950774999999958,
        "rental": 0.0,
        "hospital": 0.0,
        "help_expense": 0.0
      },
      "advances": {
        "out": 0.0,
        "returned": 0.0,
        "net": 0.0
      },
      "observed_agent_balance_end": 151.3884210221926
    },
    "per_hour": {
      "net_growth": 25.692904455119994,
      "orders_income": 36.667734067947734,
      "help_income": 0.0,
      "expense_total": 10.974829612828062,
      "base_wage": 27.668191544692604,
      "bonus": 8.999542523255124,
      "initial_earnings": 49.99745846252846,
      "current_balance": 75.69036291764846,
      "help_expense": 0.0,
      "observed_agent_balance_end": 75.69036291764846
    },
    "details": {
      "purchases": [],
      "charging": [
        {
          "ts_sim": 3124.922999999999,
          "which": "own",
          "req_id": null,
          "delta_pct": 100.0,
          "cost": 5.0,
          "start_ts": 2439.609000000004,
          "end_ts": 3124.922999999999,
          "reason": "finished",
          "aggregated": true,
          "target_pct": 100.0
        },
        {
          "ts_sim": 13967.907000000003,
          "which": "own",
          "req_id": null,
          "delta_pct": 339.01549999999963,
          "cost": 16.950774999999958,
          "start_ts": 5430.842999999997,
          "end_ts": 13967.907000000003,
          "reason": "lifecycle_end",
          "aggregated": true,
          "target_pct": null
        }
      ],
      "rental": [],
      "hospital": [],
      "help_income": [],
      "help_expense": [],
      "advance_out": [],
      "advance_return": []
    }
  },
  "energy": {
    "personal_consumed_pct": 118.10594364438097,
    "scooter_batt_consumed_pct": 224.73610881231002,
    "personal_remaining_pct": 65.8675995337446,
    "scooter_remaining_pct": 39.49076950011797
  },
  "orders": {
    "completed_count": 12,
    "timeout_count": 8,
    "ontime_rate": 0.3333333333333333,
    "avg_stars": 4.0,
    "avg_food_stars": 4.25,
    "temp_ok_rate": 0.3333333333333333,
    "odor_ok_rate": 0.9166666666666666,
    "damage_ok_rate": 1.0,
    "method_success_rate": 1.0,
    "total_active_time_s": 8666.187000000009,
    "avg_time_per_order_s": 722.1822500000007,
    "open_count": 2,
    "open_overdue_count": 0,
    "open_not_due_count": 2,
    "completed_order_details": [
      {
        "id": 3,
        "duration_s": 714.8909999999851,
        "time_limit_s": 311.88927582109994,
        "deadline_slack_s": -403.0017241788851,
        "is_overdue": true,
        "temp_ok_all": true,
        "odor_ok_all": true,
        "damage_ok_all": true,
        "pick_score": 4.111111111111111,
        "stars": {
          "overall": 4,
          "time": 1,
          "food": 5,
          "method": 5
        },
        "earnings": 1.4024452311161906,
        "bonus_extra": 1.5,
        "paid_total": 2.9024452311161903,
        "pickup": "19th road (left)",
        "dropoff": "13th road (left)",
        "allowed_delivery_methods": [],
        "delivery_method": "leave_at_door"
      },
      {
        "id": 2,
        "duration_s": 1184.7630000000063,
        "time_limit_s": 499.17592440235944,
        "deadline_slack_s": -685.5870755976468,
        "is_overdue": true,
        "temp_ok_all": false,
        "odor_ok_all": true,
        "damage_ok_all": true,
        "pick_score": 3.5185185185185186,
        "stars": {
          "overall": 3,
          "time": 1,
          "food": 4,
          "method": 5
        },
        "earnings": 2.913267889163373,
        "bonus_extra": 0.0,
        "paid_total": 2.913267889163373,
        "pickup": "17th road (left)",
        "dropoff": "8th road (left)",
        "allowed_delivery_methods": [],
        "delivery_method": "leave_at_door"
      },
      {
        "id": 0,
        "duration_s": 1254.186000000016,
        "time_limit_s": 753.7064507145321,
        "deadline_slack_s": -500.4795492854839,
        "is_overdue": true,
        "temp_ok_all": false,
        "odor_ok_all": true,
        "damage_ok_all": true,
        "pick_score": 3.0740740740740744,
        "stars": {
          "overall": 3,
          "time": 1,
          "food": 4,
          "method": 5
        },
        "earnings": 5.6622781985610455,
        "bonus_extra": 0.0,
        "paid_total": 5.6622781985610455,
        "pickup": "17th road (left)",
        "dropoff": "13th road (left)",
        "allowed_delivery_methods": [],
        "delivery_method": "leave_at_door"
      },
      {
        "id": 1,
        "duration_s": 471.5640000000167,
        "time_limit_s": 804.9708841514387,
        "deadline_slack_s": 333.406884151422,
        "is_overdue": false,
        "temp_ok_all": true,
        "odor_ok_all": false,
        "damage_ok_all": true,
        "pick_score": 2.6296296296296298,
        "stars": {
          "overall": 5,
          "time": 5,
          "food": 5,
          "method": 5
        },
        "earnings": 7.239412307469881,
        "bonus_extra": 3.0,
        "paid_total": 10.23941230746988,
        "pickup": "8th road (left)",
        "dropoff": "3rd road (left)",
        "allowed_delivery_methods": [],
        "delivery_method": "leave_at_door"
      },
      {
        "id": 10,
        "duration_s": 561.1859999999942,
        "time_limit_s": 1101.2910313338962,
        "deadline_slack_s": 540.1050313339019,
        "is_overdue": false,
        "temp_ok_all": false,
        "odor_ok_all": true,
        "damage_ok_all": true,
        "pick_score": 2.6296296296296298,
        "stars": {
          "overall": 5,
          "time": 5,
          "food": 4,
          "method": 5
        },
        "earnings": 13.978066723672821,
        "bonus_extra": 3.0,
        "paid_total": 16.97806672367282,
        "pickup": "19th road (left)",
        "dropoff": "15th road (right)",
        "allowed_delivery_methods": [],
        "delivery_method": "leave_at_door"
      },
      {
        "id": 6,
        "duration_s": 334.3619999999937,
        "time_limit_s": 248.49359538550632,
        "deadline_slack_s": -85.86840461448739,
        "is_overdue": true,
        "temp_ok_all": false,
        "odor_ok_all": true,
        "damage_ok_all": true,
        "pick_score": 4.555555555555555,
        "stars": {
          "overall": 4,
          "time": 2,
          "food": 4,
          "method": 5
        },
        "earnings": 1.885577662048839,
        "bonus_extra": 1.5,
        "paid_total": 3.385577662048839,
        "pickup": "4th road (left)",
        "dropoff": "5th road (left)",
        "allowed_delivery_methods": [
          "leave_at_door"
        ],
        "delivery_method": "leave_at_door"
      },
      {
        "id": 5,
        "duration_s": 367.4519999999793,
        "time_limit_s": 373.38429701877266,
        "deadline_slack_s": 5.932297018793349,
        "is_overdue": false,
        "temp_ok_all": true,
        "odor_ok_all": true,
        "damage_ok_all": true,
        "pick_score": 3.074074074074074,
        "stars": {
          "overall": 5,
          "time": 5,
          "food": 5,
          "method": 5
        },
        "earnings": 2.7945643360427783,
        "bonus_extra": 3.0,
        "paid_total": 5.794564336042779,
        "pickup": "4th road (left)",
        "dropoff": "11th road (left)",