{
  "meta": {
    "agent_id": "4",
    "model": "qwen/qwen2.5-vl-72b-instruct",
    "lifecycle_hours": 2.0,
    "started_sim_s": 56.29800000000978,
    "ended_sim_s": 10969.830000000002,
    "active_elapsed_s": 7204.308000000048,
    "active_hours": 2.00119666666668,
    "wall_finished_ts": 1758699134.34445
  },
  "money": {
    "totals": {
      "initial_earnings": 100.0,
      "current_balance": 131.0217824374137,
      "net_growth": 31.02178243741369,
      "orders_income": 50.67960743741355,
      "help_income": 0.0,
      "expense_total": 19.657824999999868,
      "base_wage": 43.17960743741355,
      "bonus": 7.5,
      "help_expense": 0.0,
      "expense_breakdown": {
        "purchases": 0.0,
        "charging": 4.6578249999998675,
        "rental": 0.0,
        "hospital": 15.0,
        "help_expense": 0.0
      },
      "advances": {
        "out": 0.0,
        "returned": 0.0,
        "net": 0.0
      },
      "observed_agent_balance_end": 131.0217824374137
    },
    "per_hour": {
      "net_growth": 15.510891218706846,
      "orders_income": 25.339803718706776,
      "help_income": 0.0,
      "expense_total": 9.828912499999934,
      "base_wage": 21.589803718706776,
      "bonus": 3.75,
      "initial_earnings": 50.0,
      "current_balance": 65.51089121870685,
      "help_expense": 0.0,
      "observed_agent_balance_end": 65.51089121870685
    },
    "details": {
      "purchases": [],
      "charging": [
        {
          "ts_sim": 10969.830000000002,
          "which": "own",
          "req_id": null,
          "delta_pct": 93.15649999999732,
          "cost": 4.6578249999998675,
          "start_ts": 4114.968000000008,
          "end_ts": 10969.830000000002,
          "reason": "lifecycle_end",
          "aggregated": true,
          "target_pct": null
        }
      ],
      "rental": [],
      "hospital": [
        {
          "ts_sim": 5308.593000000008,
          "fee": 5.0
        },
        {
          "ts_sim": 8195.718000000008,
          "fee": 5.0
        },
        {
          "ts_sim": 10494.705000000002,
          "fee": 5.0
        }
      ],
      "help_income": [],
      "help_expense": [],
      "advance_out": [],
      "advance_return": []
    }
  },
  "orders": {
    "completed_count": 9,
    "timeout_count": 7,
    "avg_stars": 3.5555555555555554,
    "avg_food_stars": 4.444444444444445,
    "temp_ok_rate": 0.5555555555555556,
    "odor_ok_rate": 1.0,
    "damage_ok_rate": 1.0,
    "method_success_rate": 0.8888888888888888,
    "total_active_time_s": 8076.12599999996,
    "avg_time_per_order_s": 897.347333333329,
    "details": [
      {
        "id": 7,
        "duration_s": 716.1059999999707,
        "on_time": false,
        "temp_ok_all": true,
        "odor_ok_all": true,
        "damage_ok_all": true,
        "stars": {
          "overall": 4,
          "time": 1,
          "food": 5,
          "method": 5
        },
        "earnings": 2.029132469646328,
        "bonus_extra": 1.5,
        "paid_total": 3.529132469646328,
        "pickup": "5th road (left)",
        "dropoff": "7th road (left)",
        "allowed_delivery_methods": [],
        "delivery_method": "call"
      },
      {
        "id": 10,
        "duration_s": 815.5739999999787,
        "on_time": false,
        "temp_ok_all": true,
        "odor_ok_all": true,
        "damage_ok_all": true,
        "stars": {
          "overall": 4,
          "time": 1,
          "food": 5,
          "method": 5
        },
        "earnings": 1.8074467161899128,
        "bonus_extra": 1.5,
        "paid_total": 3.307446716189913,
        "pickup": "5th road (left)",
        "dropoff": "4th road (left)",
        "allowed_delivery_methods": [
          "call"
        ],
        "delivery_method": "call"
      },
      {
        "id": 6,
        "duration_s": 996.0899999999965,
        "on_time": false,
        "temp_ok_all": false,
        "odor_ok_all": true,
        "damage_ok_all": true,
        "stars": {
          "overall": 3,
          "time": 1,
          "food": 4,
          "method": 5
        },
        "earnings": 1.4402584572594028,
        "bonus_extra": 0.0,
        "paid_total": 1.4402584572594028,
        "pickup": "8th road (right)",
        "dropoff": "4th road (right)",
        "allowed_delivery_methods": [],
        "delivery_method": "call"
      },
      {
        "id": 23,
        "duration_s": 383.4810000000143,
        "on_time": true,
        "temp_ok_all": true,
        "odor_ok_all": true,
        "damage_ok_all": true,
        "stars": {
          "overall": 5,
          "time": 5,
          "food": 5,
          "method": 5
        },
        "earnings": 7.834277747896982,
        "bonus_extra": 3.0,
        "paid_total": 10.834277747896982,
        "pickup": "14th road (right)",
        "dropoff": "4th road (right)",
        "allowed_delivery_methods": [],
        "delivery_method": "leave_at_door"
      },
      {
        "id": 24,
        "duration_s": 562.3589999999822,
        "on_time": false,
        "temp_ok_all": false,
        "odor_ok_all": true,
        "damage_ok_all": true,
        "stars": {
          "overall": 3,
          "time": 1,
          "food": 4,
          "method": 5
        },
        "earnings": 1.1358326796457408,
        "bonus_extra": 0.0,
        "paid_total": 1.1358326796457408,
        "pickup": "8th road (right)",
        "dropoff": "7th road (left)",
        "allowed_delivery_methods": [
          "leave_at_door"
        ],
        "delivery_method": "leave_at_door"
      },
      {
        "id": 26,
        "duration_s": 687.6090000000258,
        "on_time": false,
        "temp_ok_all": true,
        "odor_ok_all": true,
        "damage_ok_all": true,
        "stars": {
          "overall": 3,
          "time": 1,
          "food": 4,
          "method": 5
        },
        "earnings": 2.581310630239343,
        "bonus_extra": 0.0,
        "paid_total": 2.581310630239343,
        "pickup": "14th road (right)",
        "dropoff": "7th road (right)",
        "allowed_delivery_methods": [],
        "delivery_method": "leave_at_door"
      },
      {
        "id": 31,
        "duration_s": 1705.686000000016,
        "on_time": false,
        "temp_ok_all": true,
        "odor_ok_all": true,
        "damage_ok_all": true,
        "stars": {
          "overall": 4,
          "time": 1,
          "food": 5,
          "method": 5
        },
        "earnings": 4.019596236553657,
        "bonus_extra": 1.5,
        "paid_total": 5.519596236553657,
        "pickup": "14th road (right)",
        "dropoff": "13th road (right)",
        "allowed_delivery_methods": [],
        "delivery_method": "leave_at_door"
      },
      {
        "id": 32,
        "duration_s": 443.01599999997416,
        "on_time": true,
        "temp_ok_all": false,
        "odor_ok_all": true,
        "damage_ok_all": true,
        "stars": {
          "overall": 3,
          "time": 5,
          "food": 4,
          "method": 1
        },
        "earnings": 14.838989383816536,
        "bonus_extra": 0.0,
        "paid_total": 14.838989383816536,
        "pickup": "8th road (right)",
        "dropoff": "11th road (left)",
        "allowed_delivery_methods": [
          "knock",
          "hand_to_customer"
        ],
        "delivery_method": "leave_at_door"
      },
      {
        "id": 36,
        "duration_s": 1766.2050000000017,
        "on_time": false,
        "temp_ok_all": false,
        "odor_ok_all": true,
        "damage_ok_all": true,
        "stars": {
          "overall": 3,
          "time": 1,
          "food": 4,
          "method": 5
        },
        "earnings": 7.492763116165646,
        "bonus_extra": 0.0,
        "paid_total": 7.492763116165646,
        "pickup": "11th road (left)",
        "dropoff": "8th road (left)",
        "allowed_delivery_methods": [],
        "delivery_method": "leave_at_door"
      }
    ]
  },
  "activity": {
    "active_time_ratio": 1.1210134269661856,