{
  "meta": {
    "agent_id": "8",
    "model": "qwen/qwen2.5-vl-72b-instruct",
    "lifecycle_hours": 2.0,
    "started_sim_s": 61.875,
    "ended_sim_s": 10771.266000000018,
    "active_elapsed_s": 7200.326999999903,
    "active_hours": 2.0000908333333065,
    "wall_finished_ts": 1758699068.1438618
  },
  "money": {
    "totals": {
      "initial_earnings": 100.0,
      "current_balance": 93.1851499554856,
      "net_growth": -6.814850044514401,
      "orders_income": 13.18514995548561,
      "help_income": 0.0,
      "expense_total": 20.0,
      "base_wage": 10.18514995548561,
      "bonus": 3.0,
      "help_expense": 0.0,
      "expense_breakdown": {
        "purchases": 0.0,
        "charging": 5.000000000000001,
        "rental": 0.0,
        "hospital": 15.0,
        "help_expense": 0.0
      },
      "advances": {
        "out": 0.0,
        "returned": 0.0,
        "net": 0.0
      },
      "observed_agent_balance_end": 93.1851499554856
    },
    "per_hour": {
      "net_growth": -3.4074250222572005,
      "orders_income": 6.592574977742805,
      "help_income": 0.0,
      "expense_total": 10.0,
      "base_wage": 5.092574977742805,
      "bonus": 1.5,
      "initial_earnings": 50.0,
      "current_balance": 46.5925749777428,
      "help_expense": 0.0,
      "observed_agent_balance_end": 46.5925749777428
    },
    "details": {
      "purchases": [],
      "charging": [
        {
          "ts_sim": 2055.7050000000017,
          "which": "own",
          "req_id": null,
          "delta_pct": 100.0,
          "cost": 5.000000000000001,
          "start_ts": 1323.2339999999822,
          "end_ts": 2055.7050000000017,
          "reason": "finished",
          "aggregated": true,
          "target_pct": 100.0
        }
      ],
      "rental": [],
      "hospital": [
        {
          "ts_sim": 3118.781999999992,
          "fee": 5.0
        },
        {
          "ts_sim": 7523.580000000002,
          "fee": 5.0
        },
        {
          "ts_sim": 9181.125,
          "fee": 5.0
        }
      ],
      "help_income": [],
      "help_expense": [],
      "advance_out": [],
      "advance_return": []
    }
  },
  "orders": {
    "completed_count": 4,
    "timeout_count": 3,
    "avg_stars": 3.5,
    "avg_food_stars": 3.75,
    "temp_ok_rate": 0.0,
    "odor_ok_rate": 1.0,
    "damage_ok_rate": 1.0,
    "method_success_rate": 1.0,
    "total_active_time_s": 5601.140999999756,
    "avg_time_per_order_s": 1400.285249999939,
    "details": [
      {
        "id": 0,
        "duration_s": 2374.640999999887,
        "on_time": false,
        "temp_ok_all": false,
        "odor_ok_all": true,
        "damage_ok_all": true,
        "stars": {
          "overall": 3,
          "time": 1,
          "food": 4,
          "method": 5
        },
        "earnings": 2.1117354539692395,
        "bonus_extra": 0.0,
        "paid_total": 2.1117354539692395,
        "pickup": "5th road (left)",
        "dropoff": "1st road (left)",
        "allowed_delivery_methods": [
          "call"
        ],
        "delivery_method": "call"
      },
      {
        "id": 1,
        "duration_s": 2416.217999999877,
        "on_time": false,
        "temp_ok_all": false,
        "odor_ok_all": true,
        "damage_ok_all": true,
        "stars": {
          "overall": 3,
          "time": 1,
          "food": 3,
          "method": 5
        },
        "earnings": 2.0199042838928074,
        "bonus_extra": 0.0,
        "paid_total": 2.0199042838928074,
        "pickup": "5th road (left)",
        "dropoff": "1st road (left)",
        "allowed_delivery_methods": [],
        "delivery_method": "call"
      },
      {
        "id": 29,
        "duration_s": 425.1119999999937,
        "on_time": true,
        "temp_ok_all": false,
        "odor_ok_all": true,
        "damage_ok_all": true,
        "stars": {
          "overall": 5,
          "time": 5,
          "food": 4,
          "method": 5
        },
        "earnings": 5.216187481409435,
        "bonus_extra": 3.0,
        "paid_total": 8.216187481409435,
        "pickup": "11th road (left)",
        "dropoff": "19th road (right)",
        "allowed_delivery_methods": [
          "leave_at_door",
          "knock"
        ],
        "delivery_method": "leave_at_door"
      },
      {
        "id": 33,
        "duration_s": 385.16999999999825,
        "on_time": false,
        "temp_ok_all": false,
        "odor_ok_all": true,
        "damage_ok_all": true,
        "stars": {
          "overall": 3,
          "time": 1,
          "food": 4,
          "method": 5
        },
        "earnings": 0.8373227362141282,
        "bonus_extra": 0.0,
        "paid_total": 0.8373227362141282,
        "pickup": "12th road (right)",
        "dropoff": "12th road (left)",
        "allowed_delivery_methods": [],
        "delivery_method": "leave_at_door"
      }
    ]
  },
  "activity": {
    "active_time_ratio": 0.7779009203331781,
    "orders_per_hour": 2.0,
    "avg_order_time_s": 1400.285249999939,
    "mode_time_s": {
      "e-scooter": 3041.390999999887,
      "drag_scooter": 3585.0930000000517,
      "walk": 573.8429999999644
    },
    "mode_time_ratio": {
      "e-scooter": 0.4223962328377486,
      "drag_scooter": 0.4979069700584571,
      "walk": 0.07969679710379433
    }
  },
  "interruptions": {
    "scooter_depleted": 2,
    "hospital_rescue": 3,
    "rent_insufficient": 0,
    "charge_insufficient": 0
  },
  "social": {
    "help_posted": 0,
    "help_accepted": 0,
    "help_given": 0,
    "help_received": 0
  },
  "capability_buckets": {
    "high_level_planning": {
      "active_time_ratio": 0.7779009203331781,
      "orders_per_hour": 1.9999091707918533,
      "avg_order_time_s": 1400.285249999939,
      "scooter_depleted_events": 2,
      "hospital_rescue_times": 3,
      "rent_insufficient_times": 0,
      "charge_insufficient_times": 0
    },
    "common_sense_reasoning": {
      "temp_ok_rate": 0.0,
      "odor_ok_rate": 1.0,
      "damage_ok_rate": 1.0,
      "method_success_rate": 1.0
    },
    "social_reasoning": {
      "help_posted": 0,
      "help_accepted": 0,
      "help_given": 0,
      "help_received": 0,
      "say": 0
    }
  },
  "actions": {
    "view_orders": {
      "attempts": 4,
      "successes": 4,
      "success_rate": 1.0
    },
    "accept_order": {
      "attempts": 4,
      "successes": 4,
      "success_rate": 1.0
    },
    "move_to": {
      "attempts": 32,
      "successes": 22,
      "success_rate": 0.6875
    },
    "pickup": {
      "attempts": 5,
      "successes": 4,
      "success_rate": 0.8
    },
    "place_food_in_bag": {
      "attempts": 4,
      "successes": 4,
      "success_rate": 1.0
    },
    "charge_escooter": {
      "attempts": 9,
      "successes": 4,
      "success_rate": 0.4444444444444444
    },
    "switch_transport": {
      "attempts": 5,
      "successes": 4,
      "success_rate": 0.8
    },
    "wait": {
      "attempts": 4,
      "successes": 4,
      "success_rate": 1.0
    },
    "drop_off": {
      "attempts": 6,
      "successes": 4,
      "success_rate": 0.6666666666666666
    }
  },
  "vlm": {
    "total_calls": 73,
    "successes": 73,
    "parse_failures": 0,
    "retries": 0,
    "success_rate": 1.0,
    "parse_success_rate": 1.0
  }
}