{
  "meta": {
    "agent_id": "7",
    "model": "google/gemini-2.5-flash",
    "lifecycle_hours": 2.0,
    "started_sim_s": 18.65699999994831,
    "ended_sim_s": 10295.625,
    "active_elapsed_s": 7201.076999999816,
    "active_hours": 2.0002991666666152,
    "wall_finished_ts": 1758597113.5843606
  },
  "money": {
    "totals": {
      "initial_earnings": 100.0,
      "current_balance": 146.4785431656326,
      "net_growth": 46.4785431656326,
      "orders_income": 66.31331816563265,
      "help_income": 0.0,
      "expense_total": 19.834775000000082,
      "base_wage": 51.31331816563265,
      "bonus": 15.0,
      "help_expense": 0.0,
      "expense_breakdown": {
        "purchases": 0.0,
        "charging": 4.834775000000081,
        "rental": 0.0,
        "hospital": 15.0,
        "help_expense": 0.0
      },
      "advances": {
        "out": 0.0,
        "returned": 0.0,
        "net": 0.0
      },
      "observed_agent_balance_end": 146.4785431656326
    },
    "per_hour": {
      "net_growth": 23.23579589501427,
      "orders_income": 33.15170014100442,
      "help_income": 0.0,
      "expense_total": 9.915904245990166,
      "base_wage": 25.652821848215524,
      "bonus": 7.498878292788897,
      "initial_earnings": 49.99252195192598,
      "current_balance": 73.22831784694024,
      "help_expense": 0.0,
      "observed_agent_balance_end": 73.22831784694024
    },
    "details": {
      "purchases": [],
      "charging": [
        {
          "ts_sim": 10295.625,
          "which": "own",
          "req_id": null,
          "delta_pct": 96.69550000000167,
          "cost": 4.834775000000081,
          "start_ts": 2063.717999999877,
          "end_ts": 10295.625,
          "reason": "lifecycle_end",
          "aggregated": true,
          "target_pct": null
        }
      ],
      "rental": [],
      "hospital": [
        {
          "ts_sim": 5477.4839999999385,
          "fee": 5.0
        },
        {
          "ts_sim": 7407.140999999887,
          "fee": 5.0
        },
        {
          "ts_sim": 9170.063999999897,
          "fee": 5.0
        }
      ],
      "help_income": [],
      "help_expense": [],
      "advance_out": [],
      "advance_return": []
    }
  },
  "orders": {
    "completed_count": 10,
    "timeout_count": 5,
    "avg_stars": 4.0,
    "avg_food_stars": 3.8,
    "temp_ok_rate": 0.1,
    "odor_ok_rate": 0.8,
    "damage_ok_rate": 1.0,
    "method_success_rate": 0.9,
    "total_active_time_s": 6744.782999999996,
    "avg_time_per_order_s": 674.4782999999995,
    "details": [
      {
        "id": 8,
        "duration_s": 352.44900000002235,
        "on_time": true,
        "temp_ok_all": false,
        "odor_ok_all": true,
        "damage_ok_all": true,
        "stars": {
          "overall": 5,
          "time": 5,
          "food": 4,
          "method": 5
        },
        "earnings": 7.106688909848825,
        "bonus_extra": 3.0,
        "paid_total": 10.106688909848824,
        "pickup": "7th road (right)",
        "dropoff": "8th road (right)",
        "allowed_delivery_methods": [],
        "delivery_method": "leave_at_door"
      },
      {
        "id": 11,
        "duration_s": 562.4039999999804,
        "on_time": false,
        "temp_ok_all": false,
        "odor_ok_all": true,
        "damage_ok_all": true,
        "stars": {
          "overall": 3,
          "time": 1,
          "food": 4,
          "method": 5
        },
        "earnings": 1.2001725742869735,
        "bonus_extra": 0.0,
        "paid_total": 1.2001725742869735,
        "pickup": "7th road (right)",
        "dropoff": "10th road (left)",
        "allowed_delivery_methods": [],
        "delivery_method": "leave_at_door"
      },
      {
        "id": 10,
        "duration_s": 609.1859999999288,
        "on_time": true,
        "temp_ok_all": false,
        "odor_ok_all": false,
        "damage_ok_all": true,
        "stars": {
          "overall": 5,
          "time": 5,
          "food": 4,
          "method": 5
        },
        "earnings": 6.076345897528154,
        "bonus_extra": 3.0,
        "paid_total": 9.076345897528153,
        "pickup": "14th road (right)",
        "dropoff": "15th road (left)",
        "allowed_delivery_methods": [],
        "delivery_method": "leave_at_door"
      },
      {
        "id": 47,
        "duration_s": 439.8269999999902,
        "on_time": false,
        "temp_ok_all": false,
        "odor_ok_all": true,
        "damage_ok_all": true,
        "stars": {
          "overall": 4,
          "time": 3,
          "food": 4,
          "method": 5
        },
        "earnings": 3.7116001740896376,
        "bonus_extra": 1.5,
        "paid_total": 5.211600174089638,
        "pickup": "4th road (left)",
        "dropoff": "8th road (right)",
        "allowed_delivery_methods": [],
        "delivery_method": "leave_at_door"
      },
      {
        "id": 43,
        "duration_s": 485.76600000006147,
        "on_time": true,
        "temp_ok_all": true,
        "odor_ok_all": true,
        "damage_ok_all": true,
        "stars": {
          "overall": 4,
          "time": 5,
          "food": 5,
          "method": 1
        },
        "earnings": 6.795490461285313,
        "bonus_extra": 1.5,
        "paid_total": 8.295490461285313,
        "pickup": "4th road (left)",
        "dropoff": "12th road (right)",
        "allowed_delivery_methods": [
          "knock",
          "hand_to_customer"
        ],
        "delivery_method": "leave_at_door"
      },
      {
        "id": 48,
        "duration_s": 701.5319999999483,
        "on_time": false,
        "temp_ok_all": false,
        "odor_ok_all": true,
        "damage_ok_all": true,
        "stars": {
          "overall": 4,
          "time": 3,
          "food": 4,
          "method": 5
        },
        "earnings": 4.258149025384805,
        "bonus_extra": 1.5,
        "paid_total": 5.758149025384805,
        "pickup": "4th road (left)",
        "dropoff": "15th road (left)",
        "allowed_delivery_methods": [],
        "delivery_method": "leave_at_door"
      },
      {
        "id": 57,
        "duration_s": 490.82400000002235,
        "on_time": false,
        "temp_ok_all": false,
        "odor_ok_all": true,
        "damage_ok_all": true,
        "stars": {
          "overall": 4,
          "time": 2,
          "food": 4,
          "method": 5
        },
        "earnings": 3.143260775432383,
        "bonus_extra": 1.5,
        "paid_total": 4.643260775432383,
        "pickup": "7th road (right)",
        "dropoff": "15th road (right)",
        "allowed_delivery_methods": [],
        "delivery_method": "leave_at_door"
      },
      {
        "id": 33,
        "duration_s": 929.4329999999609,
        "on_time": true,
        "temp_ok_all": false,
        "odor_ok_all": true,
        "damage_ok_all": true,
        "stars": {
          "overall": 4,
          "time": 5,
          "food": 3,
          "method": 5
        },
        "earnings": 12.526783016402602,
        "bonus_extra": 1.5,
        "paid_total": 14.026783016402602,
        "pickup": "12th road (right)",
        "dropoff": "15th road (left)",
        "allowed_delivery_methods": [
          "knock"
        ],
        "delivery_method": "knock"
      },
      {
        "id": 77,
        "duration_s": 360.56400000007125,
        "on_time": true,
        "temp_ok_all": false,
        "odor_ok_all": false,
        "damage_ok_all": true,
        "stars": {
          "overall": 4,
          "time": 5,
          "food": 3,
          "method": 5
        },
        "earnings": 5.761935975184523,
        "bonus_extra": 1.5,
        "paid_total": 7.261935975184523,
        "pickup": "14th road (right)",
        "dropoff": "1st road (left)",
        "allowed_delivery_methods": [
          "leave_at_door"
        ],
        "delivery_method": "leave_at_door"
      },
      {
        "id": 76,
        "duration_s": 1812.7980000000098,
        "on_time": false,
        "temp_ok_all": false,