{
  "meta": {
    "agent_id": "5",
    "model": "meta-llama/llama-3.2-90b-vision-instruct",
    "lifecycle_hours": 2.0,
    "started_sim_s": 17.342999999877065,
    "ended_sim_s": 9500.015999999887,
    "active_elapsed_s": 7201.96499999956,
    "active_hours": 2.000545833333211,
    "wall_finished_ts": 1758592791.9006066
  },
  "money": {
    "totals": {
      "initial_earnings": 100.0,
      "current_balance": 99.15886644752248,
      "net_growth": -0.8411335524775154,
      "orders_income": 19.158866447522485,
      "help_income": 0.0,
      "expense_total": 20.0,
      "base_wage": 16.158866447522485,
      "bonus": 3.0,
      "help_expense": 0.0,
      "expense_breakdown": {
        "purchases": 0.0,
        "charging": 0.0,
        "rental": 0.0,
        "hospital": 20.0,
        "help_expense": 0.0
      },
      "advances": {
        "out": 0.0,
        "returned": 0.0,
        "net": 0.0
      },
      "observed_agent_balance_end": 99.15886644752248
    },
    "per_hour": {
      "net_growth": -0.4205667762387577,
      "orders_income": 9.579433223761242,
      "help_income": 0.0,
      "expense_total": 10.0,
      "base_wage": 8.079433223761242,
      "bonus": 1.5,
      "initial_earnings": 50.0,
      "current_balance": 49.57943322376124,
      "help_expense": 0.0,
      "observed_agent_balance_end": 49.57943322376124
    },
    "details": {
      "purchases": [],
      "charging": [],
      "rental": [],
      "hospital": [
        {
          "ts_sim": 2047.3139999998966,
          "fee": 5.0
        },
        {
          "ts_sim": 4198.406999999948,
          "fee": 5.0
        },
        {
          "ts_sim": 6825.79800000001,
          "fee": 5.0
        },
        {
          "ts_sim": 8696.531999999948,
          "fee": 5.0
        }
      ],
      "help_income": [],
      "help_expense": [],
      "advance_out": [],
      "advance_return": []
    }
  },
  "orders": {
    "completed_count": 5,
    "timeout_count": 4,
    "avg_stars": 3.4,
    "avg_food_stars": 3.2,
    "temp_ok_rate": 0.0,
    "odor_ok_rate": 0.6,
    "damage_ok_rate": 1.0,
    "method_success_rate": 1.0,
    "total_active_time_s": 7110.09600000002,
    "avg_time_per_order_s": 1422.0192000000038,
    "details": [
      {
        "id": 0,
        "duration_s": 579.7530000001425,
        "on_time": true,
        "temp_ok_all": false,
        "odor_ok_all": true,
        "damage_ok_all": true,
        "stars": {
          "overall": 4,
          "time": 4,
          "food": 4,
          "method": 5
        },
        "earnings": 5.56193752404164,
        "bonus_extra": 1.5,
        "paid_total": 7.06193752404164,
        "pickup": "4th road (left)",
        "dropoff": "1st road (right)",
        "allowed_delivery_methods": [
          "call"
        ],
        "delivery_method": "call"
      },
      {
        "id": 1,
        "duration_s": 579.7530000001425,
        "on_time": false,
        "temp_ok_all": false,
        "odor_ok_all": true,
        "damage_ok_all": true,
        "stars": {
          "overall": 4,
          "time": 3,
          "food": 3,
          "method": 5
        },
        "earnings": 3.5875352998946375,
        "bonus_extra": 1.5,
        "paid_total": 5.087535299894638,
        "pickup": "4th road (left)",
        "dropoff": "1st road (right)",
        "allowed_delivery_methods": [],
        "delivery_method": "leave_at_door"
      },
      {
        "id": 7,
        "duration_s": 4016.7629999997444,
        "on_time": false,
        "temp_ok_all": false,
        "odor_ok_all": false,
        "damage_ok_all": true,
        "stars": {
          "overall": 3,
          "time": 1,
          "food": 3,
          "method": 5
        },
        "earnings": 2.6712253396511545,
        "bonus_extra": 0.0,
        "paid_total": 2.6712253396511545,
        "pickup": "12th road (right)",
        "dropoff": "3rd road (left)",
        "allowed_delivery_methods": [],
        "delivery_method": "leave_at_door"
      },
      {
        "id": 51,
        "duration_s": 542.5800000001327,
        "on_time": false,
        "temp_ok_all": false,
        "odor_ok_all": true,
        "damage_ok_all": true,
        "stars": {
          "overall": 3,
          "time": 1,
          "food": 4,
          "method": 5
        },
        "earnings": 1.5438389773923986,
        "bonus_extra": 0.0,
        "paid_total": 1.5438389773923986,
        "pickup": "4th road (left)",
        "dropoff": "2nd road (right)",
        "allowed_delivery_methods": [
          "call"
        ],
        "delivery_method": "call"
      },
      {
        "id": 72,
        "duration_s": 1391.2469999998575,
        "on_time": false,
        "temp_ok_all": false,
        "odor_ok_all": false,
        "damage_ok_all": true,
        "stars": {
          "overall": 3,
          "time": 1,
          "food": 2,
          "method": 5
        },
        "earnings": 2.794329306542654,
        "bonus_extra": 0.0,
        "paid_total": 2.794329306542654,
        "pickup": "12th road (right)",
        "dropoff": "2nd road (right)",
        "allowed_delivery_methods": [],
        "delivery_method": "leave_at_door"
      }
    ]
  },
  "activity": {
    "active_time_ratio": 0.9872438980195619,
    "orders_per_hour": 2.5,
    "avg_order_time_s": 1422.0192000000038,
    "mode_time_s": {
      "e-scooter": 709.4100000000908,
      "drag_scooter": 1559.9519999999902,
      "walk": 4932.602999999479
    },
    "mode_time_ratio": {
      "e-scooter": 0.09850228375174472,
      "drag_scooter": 0.21660088600820548,
      "walk": 0.6848968302400498
    }
  },
  "interruptions": {
    "scooter_depleted": 1,
    "hospital_rescue": 4,
    "rent_insufficient": 0,
    "charge_insufficient": 0
  },
  "social": {
    "help_posted": 0,
    "help_accepted": 0,
    "help_given": 0,
    "help_received": 0
  },
  "capability_buckets": {
    "high_level_planning": {
      "active_time_ratio": 0.9872438980195619,
      "orders_per_hour": 2.4993178944914476,
      "avg_order_time_s": 1422.0192000000038,
      "scooter_depleted_events": 1,
      "hospital_rescue_times": 4,
      "rent_insufficient_times": 0,
      "charge_insufficient_times": 0
    },
    "common_sense_reasoning": {
      "temp_ok_rate": 0.0,
      "odor_ok_rate": 0.6,
      "damage_ok_rate": 1.0,
      "method_success_rate": 1.0
    },
    "social_reasoning": {
      "help_posted": 0,
      "help_accepted": 0,
      "help_given": 0,
      "help_received": 0,
      "say": 0
    }
  },
  "actions": {
    "view_orders": {
      "attempts": 3,
      "successes": 3,
      "success_rate": 1.0
    },
    "accept_order": {
      "attempts": 3,
      "successes": 3,
      "success_rate": 1.0
    },
    "move_to": {
      "attempts": 35,
      "successes": 30,
      "success_rate": 0.8571428571428571
    },
    "pickup": {
      "attempts": 7,
      "successes": 6,
      "success_rate": 0.8571428571428571
    },
    "place_food_in_bag": {
      "attempts": 6,
      "successes": 6,
      "success_rate": 1.0
    },
    "drop_off": {
      "attempts": 11,
      "successes": 5,
      "success_rate": 0.45454545454545453
    },
    "switch_transport": {
      "attempts": 1,
      "successes": 1,
      "success_rate": 1.0
    },
    "wait": {
      "attempts": 5,
      "successes": 5,
      "success_rate": 1.0
    },
    "step_forward": {
      "attempts": 3,
      "successes": 3,
      "success_rate": 1.0
    },
    "turn_around": {
      "attempts": 1,
      "successes": 1,
      "success_rate": 1.0
    }
  },
  "vlm": {
    "total_calls": 76,
    "successes": 75,
    "parse_failures": 1,
    "retries": 1,
    "success_rate": 0.9868421052631579,
    "parse_success_rate": 0.9868421052631579
  }
}