{
  "meta": {
    "agent_id": "2",
    "model": "openai/gpt-4o",
    "lifecycle_hours": 2.0,
    "started_sim_s": 66.93600000000004,
    "ended_sim_s": 9926.109,
    "active_elapsed_s": 7200.522000000001,
    "active_hours": 2.0001450000000003,
    "wall_finished_ts": 1758611476.283632
  },
  "money": {
    "totals": {
      "initial_earnings": 100.0,
      "current_balance": 98.19842033897758,
      "net_growth": -1.8015796610224157,
      "orders_income": 18.198420338977563,
      "help_income": 0.0,
      "expense_total": 20.0,
      "base_wage": 15.198420338977565,
      "bonus": 3.0,
      "help_expense": 0.0,
      "expense_breakdown": {
        "purchases": 0.0,
        "charging": 0.0,
        "rental": 0.0,
        "hospital": 20.0,
        "help_expense": 0.0
      },
      "advances": {
        "out": 0.0,
        "returned": 0.0,
        "net": 0.0
      },
      "observed_agent_balance_end": 98.19842033897758
    },
    "per_hour": {
      "net_growth": -0.900724527982929,
      "orders_income": 9.098550524575748,
      "help_income": 0.0,
      "expense_total": 9.999275052558689,
      "base_wage": 7.598659266691946,
      "bonus": 1.4998912578838033,
      "initial_earnings": 49.99637526279344,
      "current_balance": 49.09565073481051,
      "help_expense": 0.0,
      "observed_agent_balance_end": 49.09565073481051
    },
    "details": {
      "purchases": [],
      "charging": [],
      "rental": [],
      "hospital": [
        {
          "ts_sim": 3180.516,
          "fee": 5.0
        },
        {
          "ts_sim": 5422.4039999999995,
          "fee": 5.0
        },
        {
          "ts_sim": 7381.0289999999995,
          "fee": 5.0
        },
        {
          "ts_sim": 8963.484,
          "fee": 5.0
        }
      ],
      "help_income": [],
      "help_expense": [],
      "advance_out": [],
      "advance_return": []
    }
  },
  "orders": {
    "completed_count": 5,
    "timeout_count": 4,
    "avg_stars": 3.4,
    "avg_food_stars": 3.8,
    "temp_ok_rate": 0.0,
    "odor_ok_rate": 0.6,
    "damage_ok_rate": 1.0,
    "method_success_rate": 1.0,
    "total_active_time_s": 4956.378000000001,
    "avg_time_per_order_s": 991.2756000000002,
    "details": [
      {
        "id": 19,
        "duration_s": 321.7979999999999,
        "on_time": false,
        "temp_ok_all": false,
        "odor_ok_all": true,
        "damage_ok_all": true,
        "stars": {
          "overall": 3,
          "time": 1,
          "food": 4,
          "method": 5
        },
        "earnings": 0.6686799945485197,
        "bonus_extra": 0.0,
        "paid_total": 0.6686799945485197,
        "pickup": "1st road (right)",
        "dropoff": "2nd road (right)",
        "allowed_delivery_methods": [
          "leave_at_door",
          "knock"
        ],
        "delivery_method": "leave_at_door"
      },
      {
        "id": 23,
        "duration_s": 489.89099999999974,
        "on_time": false,
        "temp_ok_all": false,
        "odor_ok_all": false,
        "damage_ok_all": true,
        "stars": {
          "overall": 3,
          "time": 2,
          "food": 3,
          "method": 5
        },
        "earnings": 2.354038865067374,
        "bonus_extra": 0.0,
        "paid_total": 2.354038865067374,
        "pickup": "2nd road (right)",
        "dropoff": "4th road (right)",
        "allowed_delivery_methods": [],
        "delivery_method": "leave_at_door"
      },
      {
        "id": 28,
        "duration_s": 271.2630000000004,
        "on_time": true,
        "temp_ok_all": false,
        "odor_ok_all": true,
        "damage_ok_all": true,
        "stars": {
          "overall": 5,
          "time": 5,
          "food": 4,
          "method": 5
        },
        "earnings": 8.279793145876283,
        "bonus_extra": 3.0,
        "paid_total": 11.279793145876283,
        "pickup": "2nd road (right)",
        "dropoff": "8th road (right)",
        "allowed_delivery_methods": [],
        "delivery_method": "leave_at_door"
      },
      {
        "id": 25,
        "duration_s": 2181.657,
        "on_time": false,
        "temp_ok_all": false,
        "odor_ok_all": true,
        "damage_ok_all": true,
        "stars": {
          "overall": 3,
          "time": 1,
          "food": 4,
          "method": 5
        },
        "earnings": 0.8286469504952201,
        "bonus_extra": 0.0,
        "paid_total": 0.8286469504952201,
        "pickup": "2nd road (right)",
        "dropoff": "3rd road (left)",
        "allowed_delivery_methods": [
          "leave_at_door"
        ],
        "delivery_method": "leave_at_door"
      },
      {
        "id": 45,
        "duration_s": 1691.7690000000002,
        "on_time": false,
        "temp_ok_all": false,
        "odor_ok_all": false,
        "damage_ok_all": true,
        "stars": {
          "overall": 3,
          "time": 1,
          "food": 4,
          "method": 5
        },
        "earnings": 3.0672613829901696,
        "bonus_extra": 0.0,
        "paid_total": 3.0672613829901696,
        "pickup": "2nd road (right)",
        "dropoff": "7th road (left)",
        "allowed_delivery_methods": [],
        "delivery_method": "leave_at_door"
      }
    ]
  },
  "activity": {
    "active_time_ratio": 0.6883359289784824,
    "orders_per_hour": 2.499818763139672,
    "avg_order_time_s": 991.2756000000002,
    "mode_time_s": {
      "e-scooter": 789.327,
      "walk": 6411.195000000001
    },
    "mode_time_ratio": {
      "e-scooter": 0.10962080249181932,
      "walk": 0.8903791975081806
    }
  },
  "interruptions": {
    "scooter_depleted": 0,
    "hospital_rescue": 4,
    "rent_insufficient": 0,
    "charge_insufficient": 0
  },
  "social": {
    "help_posted": 0,
    "help_accepted": 0,
    "help_given": 0,
    "help_received": 0
  },
  "capability_buckets": {
    "high_level_planning": {
      "active_time_ratio": 0.6883359289784824,
      "orders_per_hour": 2.499818763139672,
      "avg_order_time_s": 991.2756000000002,
      "scooter_depleted_events": 0,
      "hospital_rescue_times": 4,
      "rent_insufficient_times": 0,
      "charge_insufficient_times": 0
    },
    "common_sense_reasoning": {
      "temp_ok_rate": 0.0,
      "odor_ok_rate": 0.6,
      "damage_ok_rate": 1.0,
      "method_success_rate": 1.0
    },
    "social_reasoning": {
      "help_posted": 0,
      "help_accepted": 0,
      "help_given": 0,
      "help_received": 0,
      "say": 0
    }
  },
  "actions": {
    "view_orders": {
      "attempts": 4,
      "successes": 4,
      "success_rate": 1.0
    },
    "accept_order": {
      "attempts": 4,
      "successes": 3,
      "success_rate": 0.75
    },
    "move_to": {
      "attempts": 23,
      "successes": 18,
      "success_rate": 0.782608695652174
    },
    "wait": {
      "attempts": 6,
      "successes": 5,
      "success_rate": 0.8333333333333334
    },
    "pickup": {
      "attempts": 7,
      "successes": 6,
      "success_rate": 0.8571428571428571
    },
    "place_food_in_bag": {
      "attempts": 6,
      "successes": 6,
      "success_rate": 1.0
    },
    "drop_off": {
      "attempts": 5,
      "successes": 5,
      "success_rate": 1.0
    },
    "charge_escooter": {
      "attempts": 1,
      "successes": 0,
      "success_rate": 0.0
    },
    "rest": {
      "attempts": 1,
      "successes": 0,
      "success_rate": 0.0
    }
  },
  "vlm": {
    "total_calls": 57,
    "successes": 57,
    "parse_failures": 0,
    "retries": 0,
    "success_rate": 1.0,
    "parse_success_rate": 1.0
  }
}