{
  "meta": {
    "agent_id": "4",
    "model": "gpt-4o",
    "lifecycle_hours": 2.0,
    "started_sim_s": 43.59299999996438,
    "ended_sim_s": 10149.513000000006,
    "active_elapsed_s": 7243.740000000136,
    "active_hours": 2.012150000000038,
    "wall_finished_ts": 1758352948.899697
  },
  "money": {
    "totals": {
      "initial_earnings": 100.0,
      "current_balance": 114.37488061003768,
      "net_growth": 14.374880610037678,
      "orders_income": 39.062380610037835,
      "help_income": 0.0,
      "expense_total": 24.687500000000007,
      "base_wage": 36.062380610037835,
      "bonus": 3.0,
      "help_expense": 0.0,
      "expense_breakdown": {
        "purchases": 6.0,
        "charging": 8.687500000000007,
        "rental": 0.0,
        "hospital": 10.0,
        "help_expense": 0.0
      },
      "advances": {
        "out": 0.0,
        "returned": 0.0,
        "net": 0.0
      },
      "observed_agent_balance_end": 114.37488061003768
    },
    "per_hour": {
      "net_growth": 7.144040260436552,
      "orders_income": 19.413254782216583,
      "help_income": 0.0,
      "expense_total": 12.269214521779958,
      "base_wage": 17.92231225805092,
      "bonus": 1.4909425241656653,
      "initial_earnings": 49.69808413885551,
      "current_balance": 56.84212439929206,
      "help_expense": 0.0,
      "observed_agent_balance_end": 56.84212439929206
    },
    "details": {
      "purchases": [
        {
          "ts_sim": 6434.061000000016,
          "items": "1 x energy_drink",
          "cost": 6.0
        }
      ],
      "charging": [
        {
          "ts_sim": 4270.40399999998,
          "which": "own",
          "req_id": null,
          "delta_pct": 100.0,
          "cost": 5.000000000000002,
          "start_ts": 3670.07699999999,
          "end_ts": 4270.40399999998,
          "reason": "finished",
          "aggregated": true,
          "target_pct": 100.0
        },
        {
          "ts_sim": 10149.513000000006,
          "which": "own",
          "req_id": null,
          "delta_pct": 73.75000000000011,
          "cost": 3.6875000000000053,
          "start_ts": 8239.263000000006,
          "end_ts": 10149.513000000006,
          "reason": "lifecycle_end",
          "aggregated": true,
          "target_pct": null
        }
      ],
      "rental": [],
      "hospital": [
        {
          "ts_sim": 2510.109000000026,
          "fee": 5.0
        },
        {
          "ts_sim": 4257.27899999998,
          "fee": 5.0
        }
      ],
      "help_income": [],
      "help_expense": [],
      "advance_out": [],
      "advance_return": []
    }
  },
  "orders": {
    "completed_count": 5,
    "timeout_count": 3,
    "avg_stars": 3.4,
    "avg_food_stars": 3.4,
    "temp_ok_rate": 0.0,
    "odor_ok_rate": 0.6,
    "damage_ok_rate": 1.0,
    "method_success_rate": 0.8,
    "total_active_time_s": 10334.30100000024,
    "avg_time_per_order_s": 2066.860200000048,
    "details": [
      {
        "id": 3,
        "duration_s": 1496.670000000042,
        "on_time": false,
        "temp_ok_all": false,
        "odor_ok_all": true,
        "damage_ok_all": true,
        "stars": {
          "overall": 3,
          "time": 1,
          "food": 3,
          "method": 5
        },
        "earnings": 2.4901785690691893,
        "bonus_extra": 0.0,
        "paid_total": 2.4901785690691893,
        "pickup": "7th road (left)",
        "dropoff": "3rd road (left)",
        "allowed_delivery_methods": [],
        "delivery_method": "leave_at_door"
      },
      {
        "id": 7,
        "duration_s": 4887.849000000075,
        "on_time": false,
        "temp_ok_all": false,
        "odor_ok_all": false,
        "damage_ok_all": true,
        "stars": {
          "overall": 3,
          "time": 1,
          "food": 3,
          "method": 5
        },
        "earnings": 5.020574158047857,
        "bonus_extra": 0.0,
        "paid_total": 5.020574158047857,
        "pickup": "7th road (left)",
        "dropoff": "8th road (right)",
        "allowed_delivery_methods": [],
        "delivery_method": "leave_at_door"
      },
      {
        "id": 43,
        "duration_s": 646.3110000000161,
        "on_time": true,
        "temp_ok_all": false,
        "odor_ok_all": true,
        "damage_ok_all": true,
        "stars": {
          "overall": 5,
          "time": 5,
          "food": 4,
          "method": 5
        },
        "earnings": 6.793560629714753,
        "bonus_extra": 3.0,
        "paid_total": 9.793560629714753,
        "pickup": "1st road (left)",
        "dropoff": "18th road (right)",
        "allowed_delivery_methods": [],
        "delivery_method": "leave_at_door"
      },
      {
        "id": 32,
        "duration_s": 1021.3140000000712,
        "on_time": true,
        "temp_ok_all": false,
        "odor_ok_all": false,
        "damage_ok_all": true,
        "stars": {
          "overall": 3,
          "time": 5,
          "food": 3,
          "method": 1
        },
        "earnings": 14.851642311566536,
        "bonus_extra": 0.0,
        "paid_total": 14.851642311566536,
        "pickup": "10th road (right)",
        "dropoff": "26th road (left)",
        "allowed_delivery_methods": [
          "hand_to_customer"
        ],
        "delivery_method": "leave_at_door"
      },
      {
        "id": 48,
        "duration_s": 2282.1570000000356,
        "on_time": false,
        "temp_ok_all": false,
        "odor_ok_all": true,
        "damage_ok_all": true,
        "stars": {
          "overall": 3,
          "time": 1,
          "food": 4,
          "method": 5
        },
        "earnings": 6.9064249416394965,
        "bonus_extra": 0.0,
        "paid_total": 6.9064249416394965,
        "pickup": "12th road (left)",
        "dropoff": "8th road (right)",
        "allowed_delivery_methods": [],
        "delivery_method": "leave_at_door"
      }
    ]
  },
  "activity": {
    "active_time_ratio": 1.4266526683729739,
    "orders_per_hour": 2.4849042069427756,
    "avg_order_time_s": 2066.860200000048,
    "mode_time_s": {
      "e-scooter": 3177.8910000000615,
      "drag_scooter": 1818.7050000000454,
      "walk": 2247.1440000000293
    },
    "mode_time_ratio": {
      "e-scooter": 0.438708595283652,
      "drag_scooter": 0.2510726503159985,
      "walk": 0.3102187544003494
    }
  },
  "interruptions": {
    "scooter_depleted": 1,
    "hospital_rescue": 2,
    "rent_insufficient": 0,
    "charge_insufficient": 0
  },
  "social": {
    "help_posted": 0,
    "help_accepted": 0,
    "help_given": 0,
    "help_received": 0
  },
  "capability_buckets": {
    "high_level_planning": {
      "active_time_ratio": 1.4266526683729739,
      "orders_per_hour": 2.4849042069427756,
      "avg_order_time_s": 2066.860200000048,
      "scooter_depleted_events": 1,
      "hospital_rescue_times": 2,
      "rent_insufficient_times": 0,
      "charge_insufficient_times": 0
    },
    "common_sense_reasoning": {
      "temp_ok_rate": 0.0,
      "odor_ok_rate": 0.6,
      "damage_ok_rate": 1.0,
      "method_success_rate": 0.8
    },
    "social_reasoning": {
      "help_posted": 0,
      "help_accepted": 0,
      "help_given": 0,
      "help_received": 0,
      "say": 0
    }
  },
  "actions": {
    "view_orders": {
      "attempts": 3,
      "successes": 3,
      "success_rate": 1.0
    },
    "accept_order": {
      "attempts": 3,
      "successes": 3,
      "success_rate": 1.0
    },
    "wait": {
      "attempts": 6,
      "successes": 6,
      "success_rate": 1.0
    },
    "move_to": {
      "attempts": 21,
      "successes": 14,
      "success_rate": 0.6666666666666666
    },
    "pickup": {
      "attempts": 4,
      "successes": 4,
      "success_rate": 1.0
    },
    "place_food_in_bag": {
      "attempts": 4,
      "successes": 4,
      "success_rate": 1.0
    },
    "drop_off": {
      "attempts": 7,
      "successes": 5,
      "success_rate": 0.7142857142857143
    },
    "charge_escooter": {
      "attempts": 2,