{
  "meta": {
    "agent_id": "6",
    "model": "anthropic/claude-3.7-sonnet",
    "lifecycle_hours": 2.0,
    "started_sim_s": 45.560999999928754,
    "ended_sim_s": 13278.0,
    "active_elapsed_s": 7200.002999999444,
    "active_hours": 2.000000833333179,
    "wall_finished_ts": 1758487488.8954873
  },
  "money": {
    "totals": {
      "initial_earnings": 100.0,
      "current_balance": 174.41715757443987,
      "net_growth": 74.41715757443987,
      "orders_income": 89.87340757443968,
      "help_income": 0.0,
      "expense_total": 15.456249999999999,
      "base_wage": 64.37340757443968,
      "bonus": 25.5,
      "help_expense": 0.0,
      "expense_breakdown": {
        "purchases": 0.0,
        "charging": 10.456249999999999,
        "rental": 0.0,
        "hospital": 5.0,
        "help_expense": 0.0
      },
      "advances": {
        "out": 0.0,
        "returned": 0.0,
        "net": 0.0
      },
      "observed_agent_balance_end": 174.41715757443987
    },
    "per_hour": {
      "net_growth": 37.208563283654776,
      "orders_income": 44.936685063604536,
      "help_income": 0.0,
      "expense_total": 7.728121779949855,
      "base_wage": 32.18669037610134,
      "bonus": 12.749994687503198,
      "initial_earnings": 49.99997916667921,
      "current_balance": 87.20854245033398,
      "help_expense": 0.0,
      "observed_agent_balance_end": 87.20854245033398
    },
    "details": {
      "purchases": [],
      "charging": [
        {
          "ts_sim": 13278.0,
          "which": "own",
          "req_id": null,
          "delta_pct": 209.125,
          "cost": 10.456249999999999,
          "start_ts": 1370.8109999999288,
          "end_ts": 13278.0,
          "reason": "lifecycle_end",
          "aggregated": true,
          "target_pct": null
        }
      ],
      "rental": [],
      "hospital": [
        {
          "ts_sim": 12726.185999999929,
          "fee": 5.0
        }
      ],
      "help_income": [],
      "help_expense": [],
      "advance_out": [],
      "advance_return": []
    }
  },
  "orders": {
    "completed_count": 10,
    "timeout_count": 2,
    "avg_stars": 4.7,
    "avg_food_stars": 4.0,
    "temp_ok_rate": 0.2,
    "odor_ok_rate": 0.9,
    "damage_ok_rate": 1.0,
    "method_success_rate": 1.0,
    "total_active_time_s": 4989.416999999725,
    "avg_time_per_order_s": 498.94169999997246,
    "details": [
      {
        "id": 1,
        "duration_s": 287.6700000000419,
        "on_time": true,
        "temp_ok_all": true,
        "odor_ok_all": true,
        "damage_ok_all": true,
        "stars": {
          "overall": 5,
          "time": 5,
          "food": 4,
          "method": 5
        },
        "earnings": 3.502573777309734,
        "bonus_extra": 3.0,
        "paid_total": 6.502573777309734,
        "pickup": "5th road (right)",
        "dropoff": "9th road (left)",
        "allowed_delivery_methods": [],
        "delivery_method": "leave_at_door"
      },
      {
        "id": 9,
        "duration_s": 431.76600000006147,
        "on_time": false,
        "temp_ok_all": false,
        "odor_ok_all": true,
        "damage_ok_all": true,
        "stars": {
          "overall": 4,
          "time": 2,
          "food": 4,
          "method": 5
        },
        "earnings": 1.949239176724646,
        "bonus_extra": 1.5,
        "paid_total": 3.449239176724646,
        "pickup": "5th road (right)",
        "dropoff": "1st road (left)",
        "allowed_delivery_methods": [],
        "delivery_method": "leave_at_door"
      },
      {
        "id": 25,
        "duration_s": 582.375,
        "on_time": true,
        "temp_ok_all": false,
        "odor_ok_all": false,
        "damage_ok_all": true,
        "stars": {
          "overall": 4,
          "time": 5,
          "food": 3,
          "method": 5
        },
        "earnings": 5.9244636801745445,
        "bonus_extra": 1.5,
        "paid_total": 7.4244636801745445,
        "pickup": "5th road (right)",
        "dropoff": "16th road (left)",
        "allowed_delivery_methods": [],
        "delivery_method": "leave_at_door"
      },
      {
        "id": 5,
        "duration_s": 731.3430000000517,
        "on_time": true,
        "temp_ok_all": false,
        "odor_ok_all": true,
        "damage_ok_all": true,
        "stars": {
          "overall": 5,
          "time": 5,
          "food": 4,
          "method": 5
        },
        "earnings": 10.280438310098942,
        "bonus_extra": 3.0,
        "paid_total": 13.280438310098942,
        "pickup": "26th road (right)",
        "dropoff": "14th road (right)",
        "allowed_delivery_methods": [],
        "delivery_method": "leave_at_door"
      },
      {
        "id": 28,
        "duration_s": 775.637999999919,
        "on_time": true,
        "temp_ok_all": false,
        "odor_ok_all": true,
        "damage_ok_all": true,
        "stars": {
          "overall": 5,
          "time": 5,
          "food": 4,
          "method": 5
        },
        "earnings": 7.461369033336156,
        "bonus_extra": 3.0,
        "paid_total": 10.461369033336156,
        "pickup": "5th road (right)",
        "dropoff": "14th road (left)",
        "allowed_delivery_methods": [],
        "delivery_method": "leave_at_door"
      },
      {
        "id": 39,
        "duration_s": 644.5319999997737,
        "on_time": true,
        "temp_ok_all": false,
        "odor_ok_all": true,
        "damage_ok_all": true,
        "stars": {
          "overall": 5,
          "time": 5,
          "food": 4,
          "method": 5
        },
        "earnings": 7.3217859072612255,
        "bonus_extra": 3.0,
        "paid_total": 10.321785907261226,
        "pickup": "26th road (right)",
        "dropoff": "14th road (right)",
        "allowed_delivery_methods": [],
        "delivery_method": "leave_at_door"
      },
      {
        "id": 52,
        "duration_s": 533.2019999999902,
        "on_time": false,
        "temp_ok_all": true,
        "odor_ok_all": true,
        "damage_ok_all": true,
        "stars": {
          "overall": 4,
          "time": 1,
          "food": 5,
          "method": 5
        },
        "earnings": 2.052776808859439,
        "bonus_extra": 1.5,
        "paid_total": 3.552776808859439,
        "pickup": "12th road (left)",
        "dropoff": "6th road (left)",
        "allowed_delivery_methods": [
          "leave_at_door"
        ],
        "delivery_method": "leave_at_door"
      },
      {
        "id": 31,
        "duration_s": 338.5319999999483,
        "on_time": true,
        "temp_ok_all": false,
        "odor_ok_all": true,
        "damage_ok_all": true,
        "stars": {
          "overall": 5,
          "time": 5,
          "food": 4,
          "method": 5
        },
        "earnings": 7.719147681394249,
        "bonus_extra": 3.0,
        "paid_total": 10.719147681394249,
        "pickup": "5th road (right)",
        "dropoff": "15th road (right)",
        "allowed_delivery_methods": [],
        "delivery_method": "leave_at_door"
      },
      {
        "id": 40,
        "duration_s": 252.375,
        "on_time": true,
        "temp_ok_all": false,
        "odor_ok_all": true,
        "damage_ok_all": true,
        "stars": {
          "overall": 5,
          "time": 5,
          "food": 4,
          "method": 5
        },
        "earnings": 9.85506002640531,
        "bonus_extra": 3.0,
        "paid_total": 12.85506002640531,
        "pickup": "26th road (right)",
        "dropoff": "1st road (left)",
        "allowed_delivery_methods": [],
        "delivery_method": "leave_at_door"
      },
      {
        "id": 65,
        "duration_s": 411.98399999993853,
        "on_time": true,
        "temp_ok_all": false,
        "odor_ok_all": true,
        "damage_ok_all": true,
        "stars": {
          "overall": 5,
          "time": 5,
          "food": 4,
          "method": 5
        },
        "earnings": 8.306553172875446,
        "bonus_extra": 3.0,