{
  "meta": {
    "agent_id": "5",
    "model": "qwen/qwen2.5-vl-72b-instruct",
    "lifecycle_hours": 2.0,
    "started_sim_s": 57.09300000000803,
    "ended_sim_s": 15481.080000000002,
    "active_elapsed_s": 7200.236999999994,
    "active_hours": 2.0000658333333314,
    "wall_finished_ts": 1760253285.683108
  },
  "money": {
    "totals": {
      "initial_earnings": 100.0,
      "current_balance": 129.3206209688157,
      "net_growth": 29.32062096881569,
      "orders_income": 52.78693178176339,
      "help_income": 0.0,
      "expense_total": 23.466310812947295,
      "base_wage": 42.28693178176339,
      "bonus": 10.5,
      "help_expense": 0.0,
      "expense_breakdown": {
        "purchases": 6.0,
        "charging": 17.466310812947295,
        "rental": 0.0,
        "hospital": 0.0,
        "help_expense": 0.0
      },
      "advances": {
        "out": 0.0,
        "returned": 0.0,
        "net": 0.0
      },
      "observed_agent_balance_end": 129.3206209688157
    },
    "per_hour": {
      "net_growth": 14.65982793173844,
      "orders_income": 26.392597134559377,
      "help_income": 0.0,
      "expense_total": 11.732769202820732,
      "base_wage": 21.142769941371146,
      "bonus": 5.249827193188229,
      "initial_earnings": 49.99835422084028,
      "current_balance": 64.65818215257872,
      "help_expense": 0.0,
      "observed_agent_balance_end": 64.65818215257872
    },
    "details": {
      "purchases": [
        {
          "ts_sim": 13141.968000000008,
          "items": "1 x ice_pack, 1 x heat_pack",
          "cost": 6.0
        }
      ],
      "charging": [
        {
          "ts_sim": 4314.188999999984,
          "which": "own",
          "req_id": null,
          "delta_pct": 100.0,
          "cost": 5.000000000000001,
          "start_ts": 3574.688999999984,
          "end_ts": 4314.188999999984,
          "reason": "finished",
          "aggregated": true,
          "target_pct": 100.0
        },
        {
          "ts_sim": 8628.281999999992,
          "which": "own",
          "req_id": null,
          "delta_pct": 100.0,
          "cost": 5.000000000000001,
          "start_ts": 8025.468000000008,
          "end_ts": 8628.281999999992,
          "reason": "finished",
          "aggregated": true,
          "target_pct": 100.0
        },
        {
          "ts_sim": 14804.29800000001,
          "which": "own",
          "req_id": null,
          "delta_pct": 149.32621625894598,
          "cost": 7.466310812947293,
          "start_ts": 11259.281999999992,
          "end_ts": 14804.29800000001,
          "reason": "finished",
          "aggregated": true,
          "target_pct": 100.0
        }
      ],
      "rental": [],
      "hospital": [],
      "help_income": [],
      "help_expense": [],
      "advance_out": [],
      "advance_return": []
    }
  },
  "energy": {
    "personal_consumed_pct": 269.6093869117786,
    "scooter_batt_consumed_pct": 148.96289904202337,
    "personal_remaining_pct": 91.39603389664578,
    "scooter_remaining_pct": 100.0
  },
  "orders": {
    "completed_count": 8,
    "timeout_count": 6,
    "ontime_rate": 0.25,
    "avg_stars": 3.875,
    "avg_food_stars": 4.125,
    "temp_ok_rate": 0.25,
    "odor_ok_rate": 1.0,
    "damage_ok_rate": 1.0,
    "method_success_rate": 1.0,
    "total_active_time_s": 7293.513000000094,
    "avg_time_per_order_s": 911.6891250000117,
    "open_count": 1,
    "open_overdue_count": 0,
    "open_not_due_count": 1,
    "completed_order_details": [
      {
        "id": 5,
        "duration_s": 799.6860000000597,
        "time_limit_s": 377.79208974232927,
        "deadline_slack_s": -421.89391025773045,
        "is_overdue": true,
        "temp_ok_all": false,
        "odor_ok_all": true,
        "damage_ok_all": true,
        "pick_score": 2.9259259259259256,
        "stars": {
          "overall": 3,
          "time": 1,
          "food": 4,
          "method": 5
        },
        "earnings": 1.4137770506989287,
        "bonus_extra": 0.0,
        "paid_total": 1.4137770506989287,
        "pickup": "2nd road (right)",
        "dropoff": "9th road (left)",
        "allowed_delivery_methods": [],
        "delivery_method": "leave_at_door"
      },
      {
        "id": 6,
        "duration_s": 911.7180000000517,
        "time_limit_s": 247.16523980821344,
        "deadline_slack_s": -664.5527601918383,
        "is_overdue": true,
        "temp_ok_all": false,
        "odor_ok_all": true,
        "damage_ok_all": true,
        "pick_score": 4.555555555555555,
        "stars": {
          "overall": 3,
          "time": 1,
          "food": 3,
          "method": 5
        },
        "earnings": 1.2617936489493171,
        "bonus_extra": 0.0,
        "paid_total": 1.2617936489493171,
        "pickup": "2nd road (right)",
        "dropoff": "5th road (right)",
        "allowed_delivery_methods": [
          "leave_at_door"
        ],
        "delivery_method": "leave_at_door"
      },
      {
        "id": 1,
        "duration_s": 1267.2179999999644,
        "time_limit_s": 712.7740925896563,
        "deadline_slack_s": -554.443907410308,
        "is_overdue": true,
        "temp_ok_all": true,
        "odor_ok_all": true,
        "damage_ok_all": true,
        "pick_score": 2.9259259259259265,
        "stars": {
          "overall": 4,
          "time": 1,
          "food": 5,
          "method": 5
        },
        "earnings": 3.605584002846265,
        "bonus_extra": 1.5,
        "paid_total": 5.105584002846265,
        "pickup": "7th road (right)",
        "dropoff": "3rd road (left)",
        "allowed_delivery_methods": [],
        "delivery_method": "leave_at_door"
      },
      {
        "id": 8,
        "duration_s": 555.5189999999857,
        "time_limit_s": 377.50284747766665,
        "deadline_slack_s": -178.01615252231903,
        "is_overdue": true,
        "temp_ok_all": false,
        "odor_ok_all": true,
        "damage_ok_all": true,
        "pick_score": 3.074074074074074,
        "stars": {
          "overall": 4,
          "time": 2,
          "food": 4,
          "method": 5
        },
        "earnings": 1.8235764073910645,
        "bonus_extra": 1.5,
        "paid_total": 3.3235764073910645,
        "pickup": "8th road (right)",
        "dropoff": "4th road (left)",
        "allowed_delivery_methods": [
          "knock"
        ],
        "delivery_method": "knock"
      },
      {
        "id": 0,
        "duration_s": 1709.2470000000758,
        "time_limit_s": 1194.1778843544114,
        "deadline_slack_s": -515.0691156456644,
        "is_overdue": true,
        "temp_ok_all": false,
        "odor_ok_all": true,
        "damage_ok_all": true,
        "pick_score": 2.7777777777777777,
        "stars": {
          "overall": 4,
          "time": 2,
          "food": 4,
          "method": 5
        },
        "earnings": 10.429942375272558,
        "bonus_extra": 1.5,
        "paid_total": 11.929942375272558,
        "pickup": "12th road (left)",
        "dropoff": "11th road (right)",
        "allowed_delivery_methods": [],
        "delivery_method": "leave_at_door"
      },
      {
        "id": 10,
        "duration_s": 1153.6380000000063,
        "time_limit_s": 1391.28429915066,
        "deadline_slack_s": 237.6462991506537,
        "is_overdue": false,
        "temp_ok_all": false,
        "odor_ok_all": true,
        "damage_ok_all": true,
        "pick_score": 2.037037037037037,
        "stars": {
          "overall": 5,
          "time": 5,
          "food": 4,
          "method": 5
        },
        "earnings": 17.658787924179602,
        "bonus_extra": 3.0,
        "paid_total": 20.658787924179602,
        "pickup": "18th road (right)",
        "dropoff": "12th road (right)",
        "allowed_delivery_methods": [],
        "delivery_method": "leave_at_door"
      },
      {
        "id": 2,
        "duration_s": 549.7019999999466,
        "time_limit_s": 156.60867351989344,
        "deadline_slack_s": -393.0933264800531,